title_key,media_type,title,release_date,vote_average,vote_count,popularity
movie:299534,movie,Avengers: Endgame,2019-04-24,8.2,28462,68.0618
movie:278,movie,The Shawshank Redemption,1994-09-23,8.728,31151,75.3973
movie:645484,movie,Dil Bechara,2020-07-24,6.776,125,1.6974
movie:299537,movie,Captain Marvel,2019-03-06,6.772,17060,21.6647
movie:155,movie,The Dark Knight,2008-07-16,8.534,36516,57.3845
movie:464052,movie,Wonder Woman 1984,2020-12-16,6.357,9205,14.6524
movie:601807,movie,Mrs. Serial Killer,2020-05-01,6.245,94,1.6106
movie:120,movie,The Lord of the Rings: The Fellowship of the Ring,2001-12-18,8.444,28208,41.9436
movie:645489,movie,Gunjan Saxena: The Kargil Girl,2020-07-23,7.283,90,1.4528
movie:603673,movie,Laxmii,2020-11-09,4.525,61,1.5489
tv:1399,tv,Game of Thrones,2011-04-17,8.5,27606,167.7655
movie:603,movie,The Matrix,1999-03-31,8.256,28572,44.7366
movie:299536,movie,Avengers: Infinity War,2018-04-25,8.242,32724,96.2859
movie:475557,movie,Joker,2019-10-01,8.117,28185,31.5016
movie:297802,movie,Aquaman,2018-12-07,6.865,15140,15.8865
movie:577922,movie,Tenet,2020-08-22,7.172,11431,19.9332
movie:27205,movie,Inception,2010-07-15,8.372,40001,53.9234
movie:238,movie,The Godfather,1972-03-14,8.686,23432,57.6482
movie:209112,movie,Batman v Superman: Dawn of Justice,2016-03-23,6.01,19275,18.8257
movie:1893,movie,Star Wars: Episode I - The Phantom Menace,1999-05-19,6.582,16129,14.2634
movie:122,movie,The Lord of the Rings: The Return of the King,2003-12-17,8.506,27189,44.7923
movie:550,movie,Fight Club,1999-10-15,8.437,32714,35.6607
movie:157336,movie,Interstellar,2014-11-05,8.486,40920,63.9078
movie:335983,movie,Venom,2018-09-28,6.824,17514,23.084
movie:1894,movie,Star Wars: Episode II - Attack of the Clones,2002-05-15,6.597,14614,11.74
movie:1895,movie,Star Wars: Episode III - Revenge of the Sith,2005-05-17,7.473,15218,13.7705
movie:2667,movie,The Blair Witch Project,1999-07-14,6.37,5607,12.8878
tv:67198,tv,Star Trek: Discovery,2017-09-24,6.935,2080,40.7808
movie:424694,movie,Bohemian Rhapsody,2018-10-24,7.952,17982,16.7675
movie:614179,movie,Coolie No. 1,2020-12-25,5.205,73,1.3273
movie:284054,movie,Black Panther,2018-02-13,7.363,23856,26.3828
movie:493922,movie,Hereditary,2018-06-07,7.294,8832,19.7506
tv:70523,tv,Dark,2017-12-01,8.427,7798,35.4251
movie:458723,movie,Us,2019-03-14,6.939,8247,12.2515
tv:87108,tv,Chernobyl,2019-05-06,8.722,8217,34.3289
tv:111188,tv,Scam 1992: The Harshad Mehta Story,2020-10-09,8.28,152,5.142
movie:290859,movie,Terminator: Dark Fate,2019-10-23,6.421,5819,19.6999
movie:530915,movie,1917,2019-12-25,7.984,13813,16.3589
movie:466272,movie,Once Upon a Time... in Hollywood,2019-07-24,7.42,15149,22.9009
movie:545609,movie,Extraction,2020-04-23,7.286,6757,11.6987
movie:680,movie,Pulp Fiction,1994-09-10,8.481,30731,38.3961
tv:1396,tv,Breaking Bad,2008-01-20,8.9,18480,138.3941
movie:447332,movie,A Quiet Place,2018-04-03,7.395,15639,16.8134
movie:14,movie,American Beauty,1999-09-15,7.998,13274,14.6081
movie:272,movie,Batman Begins,2005-06-10,7.729,23041,22.2773
movie:615,movie,The Passion of the Christ,2004-02-25,7.54,5313,18.9611
movie:74,movie,War of the Worlds,2005-06-28,6.566,9441,15.9087
movie:597,movie,Titanic,1997-12-18,7.9,27620,37.7128
movie:405774,movie,Bird Box,2018-12-13,6.823,10770,11.5845
movie:49521,movie,Man of Steel,2013-06-12,6.66,16519,23.8805
movie:604,movie,The Matrix Reloaded,2003-05-15,7.087,12232,20.9155
movie:420818,movie,The Lion King,2019-07-12,7.092,10874,16.5161
movie:399579,movie,Alita: Battle Angel,2019-01-31,7.272,10314,19.9552
movie:337401,movie,Mulan,2020-09-04,6.819,7137,12.0904
movie:332562,movie,A Star Is Born,2018-10-03,7.489,12352,10.0522
movie:496243,movie,Parasite,2019-05-30,8.491,21184,38.3233
movie:254,movie,King Kong,2005-12-12,6.9,8675,16.4517
movie:98,movie,Gladiator,2000-05-04,8.23,21362,36.5413
movie:346910,movie,The Predator,2018-09-05,5.617,5248,13.9171
movie:857,movie,Saving Private Ryan,1998-07-24,8.232,17665,27.1043
movie:121,movie,The Lord of the Rings: The Two Towers,2002-12-18,8.427,24437,33.2409
movie:181812,movie,Star Wars: The Rise of Skywalker,2019-12-18,6.3,11077,18.7118
tv:79130,tv,Another Life,2019-07-25,6.112,484,9.7554
movie:348350,movie,Solo: A Star Wars Story,2018-05-15,6.554,9444,17.4097
movie:374720,movie,Dunkirk,2017-07-19,7.45,17878,18.8696
movie:13,movie,Forrest Gump,1994-06-23,8.463,30309,35.3319
movie:335984,movie,Blade Runner 2049,2017-10-04,7.602,15559,30.6811
movie:2675,movie,Signs,2002-08-02,6.733,6494,10.1919
movie:530385,movie,Midsommar,2019-07-03,7.144,8344,22.55
tv:66732,tv,Stranger Things,2016-07-15,8.6,21730,110.3262
movie:1452,movie,Superman Returns,2006-06-28,5.822,4675,11.329
movie:824,movie,Moulin Rouge!,2001-05-18,7.5,4923,7.7503
movie:7191,movie,Cloverfield,2008-01-15,6.727,8052,12.1852
movie:297762,movie,Wonder Woman,2017-05-30,7.204,21134,16.7597
movie:142,movie,Brokeback Mountain,2005-10-22,7.784,7684,13.9228
movie:297761,movie,Suicide Squad,2016-08-03,5.917,22356,14.7868
tv:72844,tv,The Haunting of Hill House,2018-10-12,8.104,2810,16.3078
movie:24,movie,Kill Bill: Vol. 1,2003-10-10,7.971,19310,22.1335
movie:77,movie,Memento,2000-10-11,8.2,16644,21.1556
movie:141,movie,Donnie Darko,2001-01-19,7.759,13663,13.32
movie:36557,movie,Casino Royale,2006-11-14,7.576,11934,17.9344
movie:420817,movie,Aladdin,2019-05-22,7.078,10773,15.5434
tv:75758,tv,Lost in Space,2018-04-13,7.497,1912,16.8323
movie:745,movie,The Sixth Sense,1999-08-06,7.955,13174,18.6427
movie:22,movie,Pirates of the Caribbean: The Curse of the Black Pearl,2003-07-09,7.834,22661,31.5502
movie:644,movie,A.I. Artificial Intelligence,2001-06-29,7.069,6815,16.4425
tv:71446,tv,Money Heist,2017-05-02,8.231,19648,28.2823
movie:217,movie,Indiana Jones and the Kingdom of the Crystal Skull,2008-05-21,6.026,9189,14.336
movie:458156,movie,John Wick: Chapter 3 - Parabellum,2019-05-15,7.439,12000,17.6118
movie:605,movie,The Matrix Revolutions,2003-11-05,6.758,11054,16.883
movie:381283,movie,mother!,2017-09-13,6.95,7225,7.9806
movie:557,movie,Spider-Man,2002-05-01,7.35,21269,75.038
tv:82856,tv,The Mandalorian,2019-11-12,8.405,11183,48.6457
movie:126889,movie,Alien: Covenant,2017-05-09,6.185,9614,20.6056
movie:49047,movie,Gravity,2013-10-03,7.173,16589,13.2037
movie:641,movie,Requiem for a Dream,2000-10-06,8.008,11226,7.449
movie:614911,movie,The Midnight Sky,2020-12-10,5.732,2062,6.4709
tv:87739,tv,The Queen's Gambit,2020-10-23,8.424,5704,17.0643
movie:473033,movie,Uncut Gems,2019-08-30,7.171,5534,10.908
movie:6947,movie,The Village,2004-07-30,6.497,4697,9.5415
movie:9833,movie,The Phantom of the Opera,2004-12-08,7.3,1821,11.3491
movie:76341,movie,Mad Max: Fury Road,2015-05-13,7.636,24483,58.8107
movie:559,movie,Spider-Man 3,2007-05-01,6.477,15652,48.2947
movie:1422,movie,The Departed,2006-10-04,8.159,16540,24.8063
movie:333339,movie,Ready Player One,2018-03-28,7.587,17284,19.8837
tv:109958,tv,The Haunting of Bly Manor,2020-10-09,7.56,1457,16.1012
movie:141052,movie,Justice League,2017-11-15,6.07,13877,17.9984
movie:591,movie,The Da Vinci Code,2006-05-17,6.733,10252,16.7942
movie:676,movie,Pearl Harbor,2001-05-21,6.932,7135,11.9854
movie:287947,movie,Shazam!,2019-03-29,6.97,10388,13.9983
movie:62,movie,2001: A Space Odyssey,1968-04-02,8.0,12863,21.2119
movie:153,movie,Lost in Translation,2003-09-18,7.379,8261,13.5766
movie:300668,movie,Annihilation,2018-02-22,6.447,9560,14.2654
movie:450465,movie,Glass,2019-01-16,6.664,9216,11.9144
movie:36668,movie,X-Men: The Last Stand,2006-05-24,6.425,10596,1.175
movie:346364,movie,It,2017-09-06,7.24,20590,25.9763
movie:70981,movie,Prometheus,2012-05-30,6.607,13543,16.8127
movie:429617,movie,Spider-Man: Far From Home,2019-06-28,7.395,17490,51.6488
movie:329865,movie,Arrival,2016-11-10,7.633,19764,24.2316
movie:373571,movie,Godzilla: King of the Monsters,2019-05-29,6.685,6864,16.1829
movie:546554,movie,Knives Out,2019-11-27,7.842,14391,22.6221
movie:351286,movie,Jurassic World: Fallen Kingdom,2018-06-06,6.527,12953,13.6154
movie:674,movie,Harry Potter and the Goblet of Fire,2005-11-16,7.802,22543,32.9932
tv:76479,tv,The Boys,2019-07-25,8.436,13339,119.0188
movie:58,movie,Pirates of the Caribbean: Dead Man's Chest,2006-07-06,7.4,17492,27.9718
movie:316029,movie,The Greatest Showman,2017-12-20,7.854,10196,18.0596
movie:1858,movie,Transformers,2007-06-27,6.843,12469,5.8845
movie:313369,movie,La La Land,2016-12-01,7.896,18392,19.7543
tv:85949,tv,Star Trek: Picard,2020-01-23,7.233,1935,28.2559
movie:474350,movie,It Chapter Two,2019-09-04,6.8,9799,14.835
movie:6977,movie,No Country for Old Men,2007-11-09,7.949,13672,23.5396
movie:424,movie,Schindler's List,1993-12-15,8.569,17804,34.9757
movie:694,movie,The Shining,1980-05-23,8.201,19268,24.0045
tv:66788,tv,13 Reasons Why,2017-03-31,7.531,4634,27.0046
movie:38,movie,Eternal Sunshine of the Spotless Mind,2004-03-19,8.088,16643,18.5986
movie:424139,movie,Halloween,2018-10-18,6.562,5134,9.711
movie:324857,movie,Spider-Man: Into the Spider-Verse,2018-12-06,8.398,17742,53.6606
tv:1402,tv,The Walking Dead,2010-10-31,8.083,18130,176.9422
movie:652,movie,Troy,2004-05-13,7.19,11439,41.1252
movie:330459,movie,Rogue One: A Star Wars Story,2016-12-14,7.51,16676,14.5868
movie:570670,movie,The Invisible Man,2020-02-26,7.087,6419,13.2657
tv:77169,tv,Cobra Kai,2018-05-02,8.198,6988,41.7364
movie:588,movie,Silent Hill,2006-04-21,6.646,5051,11.4178
movie:439079,movie,The Nun,2018-09-05,5.908,7277,15.9905
movie:497,movie,The Green Mile,1999-12-10,8.506,19688,35.1691
movie:187,movie,Sin City,2005-04-01,7.464,9015,10.9511
tv:79410,tv,After Life,2019-03-08,7.89,1126,13.724
tv:87324,tv,Abhay,2019-02-07,6.923,13,3.9598
movie:70160,movie,The Hunger Games,2012-03-12,7.223,23619,12.0005
movie:296,movie,Terminator 3: Rise of the Machines,2003-07-02,6.2,7432,13.7765
movie:475210,movie,How It Ends,2018-07-13,5.285,2074,5.1846
movie:565,movie,The Ring,2002-10-18,6.708,6831,13.0473
movie:19995,movie,Avatar,2009-12-16,7.609,34526,36.7553
movie:353081,movie,Mission: Impossible - Fallout,2018-07-25,7.449,9316,18.233
tv:63174,tv,Lucifer,2016-01-25,8.43,15644,80.286
movie:281957,movie,The Revenant,2015-12-25,7.541,19621,20.4089
movie:16869,movie,Inglourious Basterds,2009-08-02,8.218,24644,32.0538
movie:16320,movie,Serenity,2005-09-25,7.36,3967,8.837
movie:547016,movie,The Old Guard,2020-07-09,7.091,4926,9.3851
movie:146,movie,"Crouching Tiger, Hidden Dragon",2000-07-06,7.438,3669,12.2151
tv:75006,tv,The Umbrella Academy,2019-02-15,8.459,10104,39.8702
movie:1353802,movie,Crash,2004-10-16,7.0,3,0.722
movie:419430,movie,Get Out,2017-02-24,7.625,19241,21.074
movie:399055,movie,The Shape of Water,2017-12-01,7.233,13029,14.5626
movie:24428,movie,The Avengers,2012-04-25,8.07,39455,78.871
movie:124905,movie,Godzilla,2014-05-14,6.367,9968,13.745
movie:345,movie,Eyes Wide Shut,1999-07-16,7.5,7237,19.4036
movie:176,movie,Saw,2004-10-01,7.427,10270,18.8867
movie:284053,movie,Thor: Ragnarok,2017-10-02,7.581,22393,31.363
tv:84150,tv,College Romance,2018-08-07,7.117,30,4.5179
movie:8966,movie,Twilight,2008-11-20,6.3,14620,23.1163
movie:263115,movie,Logan,2017-02-28,7.821,20744,23.1333
movie:389,movie,12 Angry Men,1957-04-10,8.57,10282,31.0687
movie:2486,movie,Eragon,2006-12-14,5.137,3508,5.5792
movie:411,movie,"The Chronicles of Narnia: The Lion, the Witch and the Wardrobe",2005-12-07,7.141,11709,27.7592
movie:10196,movie,The Last Airbender,2010-06-30,4.6,4341,13.6522
movie:216015,movie,Fifty Shades of Grey,2015-02-11,5.861,12524,26.5593
movie:135397,movie,Jurassic World,2015-06-06,6.7,21849,20.6481
tv:1668,tv,Friends,1994-09-22,8.415,9338,131.3781
movie:6479,movie,I Am Legend,2007-12-12,7.222,17222,18.1816
movie:8193,movie,Napoleon Dynamite,2004-06-11,6.8,2231,4.5873
movie:73,movie,American History X,1998-07-01,8.326,12827,15.8916
movie:345940,movie,The Meg,2018-08-08,6.252,8344,18.2505
movie:185,movie,A Clockwork Orange,1971-10-28,8.171,14050,15.4939
tv:71912,tv,The Witcher,2019-12-20,7.895,6861,48.358
movie:78,movie,Blade Runner,1982-06-25,7.935,15318,22.4247
movie:595228,movie,Soorarai Pottru,2020-11-12,7.698,134,1.959
movie:398978,movie,The Irishman,2019-11-01,7.6,7665,12.3996
movie:515001,movie,Jojo Rabbit,2019-10-18,7.975,10624,13.8377
movie:490132,movie,Green Book,2018-11-16,8.222,13148,19.8662
movie:338952,movie,Fantastic Beasts: The Crimes of Grindelwald,2018-11-14,6.83,11625,10.37
movie:334,movie,Magnolia,1999-12-17,7.724,4123,9.2683
movie:8741,movie,The Thin Red Line,1998-12-23,7.442,3397,10.3684
movie:955,movie,Mission: Impossible II,2000-05-24,6.138,7752,16.064
movie:273248,movie,The Hateful Eight,2015-12-25,7.757,15541,17.028
movie:64690,movie,Drive,2011-09-15,7.583,13916,15.69
movie:9741,movie,Unbreakable,2000-11-22,7.146,10088,10.6626
movie:106646,movie,The Wolf of Wall Street,2013-12-25,8.027,26391,35.5575
movie:8373,movie,Transformers: Revenge of the Fallen,2009-06-19,6.223,9357,5.2386
movie:1927,movie,Hulk,2003-06-19,5.598,6419,17.7984
movie:194,movie,Amélie,2001-04-25,7.92,12592,16.4245
movie:293660,movie,Deadpool,2016-02-09,7.625,33187,29.687
movie:13475,movie,Star Trek,2009-05-06,7.436,10677,13.7912
movie:711340,movie,Uncle Tom,2020-06-19,7.75,34,1.4825
movie:497582,movie,Enola Holmes,2020-09-22,7.22,6782,11.7542
movie:558,movie,Spider-Man 2,2004-06-25,7.327,16802,19.7174
movie:118,movie,Charlie and the Chocolate Factory,2005-07-13,7.037,16324,21.542
movie:948,movie,Halloween,1978-10-24,7.558,6307,17.3303
tv:63247,tv,Westworld,2016-10-02,8.016,6341,57.0232
movie:271110,movie,Captain America: Civil War,2016-04-27,7.453,24459,45.002
movie:15,movie,Citizen Kane,1941-04-17,7.969,6184,9.9349
movie:36657,movie,X-Men,2000-07-13,7.021,12443,1.7531
movie:348,movie,Alien,1979-05-25,8.172,16736,27.5667
tv:48866,tv,The 100,2014-03-19,7.879,8760,69.4123
movie:401114,movie,Endless Corridor,2014-06-07,5.857,7,1.6492
movie:1966,movie,Alexander,2004-11-21,5.96,3590,11.4801
movie:1777,movie,Fahrenheit 9/11,2004-06-25,7.085,1550,2.8765
movie:508442,movie,Soul,2020-12-25,8.089,11661,18.2581
movie:8645,movie,The Happening,2008-06-11,5.409,4071,11.0859
movie:315635,movie,Spider-Man: Homecoming,2017-07-05,7.333,23768,75.5213
tv:89233,tv,Away,2020-09-04,6.549,370,6.7481
movie:180,movie,Minority Report,2002-06-20,7.355,9863,11.7729
movie:5491,movie,Battlefield Earth,2000-05-12,3.337,959,4.9163
tv:103051,tv,Paatal Lok,2020-05-15,7.5,119,11.6229
movie:9740,movie,Hannibal,2001-02-08,6.777,5302,2.7177
movie:7131,movie,Van Helsing,2004-05-03,6.423,6811,12.9198
movie:13183,movie,Watchmen,2009-03-04,7.355,10203,12.781
movie:869,movie,Planet of the Apes,2001-07-26,5.777,4523,10.5209
tv:83125,tv,Cursed,2020-07-16,7.144,993,8.4045
movie:456740,movie,Hellboy,2019-04-10,5.573,3780,9.6389
movie:86834,movie,Noah,2014-03-07,5.68,6707,10.4798
movie:807,movie,Se7en,1995-09-22,8.38,23640,31.63
movie:1018,movie,Mulholland Drive,2001-06-06,7.799,7234,15.6704
tv:68421,tv,Altered Carbon,2018-02-02,7.636,2354,18.0271
tv:107590,tv,Flesh,2020-08-21,5.0,3,1.5988
movie:286217,movie,The Martian,2015-09-30,7.706,21699,24.3541
movie:629,movie,The Usual Suspects,1995-07-19,8.164,11665,20.1226
movie:1726,movie,Iron Man,2008-04-30,7.663,28671,44.9431
movie:419704,movie,Ad Astra,2019-09-17,6.133,7372,6.7305
movie:369972,movie,First Man,2018-10-10,7.038,5773,9.966
movie:485774,movie,The Open House,2018-01-19,3.703,1439,2.5465
movie:424783,movie,Bumblebee,2018-11-22,6.73,6796,13.4455
movie:501170,movie,Doctor Sleep,2019-10-30,7.146,5011,9.7574
movie:129,movie,Spirited Away,2001-07-20,8.5,18771,33.6106
movie:1124,movie,The Prestige,2006-10-19,8.211,18009,24.9031
tv:79611,tv,Charmed,2018-10-14,7.205,491,21.2557
movie:383498,movie,Deadpool 2,2018-05-15,7.489,19562,27.1571
movie:99861,movie,Avengers: Age of Ultron,2015-04-22,7.276,24903,53.2995
tv:88052,tv,Black Summer,2019-04-11,6.923,629,9.3363
movie:590404,movie,Chhapaak,2020-01-10,7.162,37,1.0073
movie:769,movie,GoodFellas,1990-09-12,8.45,14672,24.7352
movie:11324,movie,Shutter Island,2010-02-14,8.197,26307,25.2335
movie:7345,movie,There Will Be Blood,2007-12-26,8.063,7643,13.7204
movie:10764,movie,Quantum of Solace,2008-10-29,6.342,8711,11.9158
movie:274,movie,The Silence of the Lambs,1991-02-14,8.345,18381,8.3791
movie:453,movie,A Beautiful Mind,2001-12-14,7.852,11305,15.0924
movie:331,movie,Jurassic Park III,2001-07-18,6.178,8028,0.692
movie:285,movie,Pirates of the Caribbean: At World's End,2007-05-19,7.3,15748,24.5741
movie:1903,movie,Vanilla Sky,2001-12-14,6.83,4802,10.41
tv:85922,tv,Space Force,2020-05-29,6.506,867,13.2584
movie:679,movie,Aliens,1986-07-18,7.966,11104,18.6933
movie:338970,movie,Tomb Raider,2018-03-05,6.364,8480,12.4565
movie:118340,movie,Guardians of the Galaxy,2014-07-30,7.908,30191,20.9798
movie:44214,movie,Black Swan,2010-12-03,7.7,15790,15.3836
movie:10681,movie,WALL·E,2008-06-26,8.121,20738,29.2251
tv:79242,tv,Chilling Adventures of Sabrina,2018-10-26,8.163,3801,27.6523
tv:78191,tv,You,2018-09-09,8.003,4055,53.6056
movie:664413,movie,365 Days,2020-02-07,6.99,9576,9.8118
movie:539,movie,Psycho,1960-06-22,8.408,11201,20.5956
movie:359724,movie,Ford v Ferrari,2019-11-13,8.007,9226,16.2518
tv:69740,tv,Ozark,2017-07-21,8.195,2884,38.1767
movie:17654,movie,District 9,2009-08-05,7.479,10577,12.9272
movie:531454,movie,Eurovision Song Contest: The Story of Fire Saga,2020-06-26,6.404,1611,4.3049
movie:11036,movie,The Notebook,2004-06-25,7.9,12798,23.7228
movie:9693,movie,Children of Men,2006-09-22,7.613,8046,13.174
movie:197,movie,Braveheart,1995-05-24,7.946,11359,18.5709
movie:280,movie,Terminator 2: Judgment Day,1991-07-03,8.166,14721,36.2764
movie:115,movie,The Big Lebowski,1998-03-06,7.834,12419,13.6934
movie:1359,movie,American Psycho,2000-04-13,7.402,12620,18.1977
movie:70,movie,Million Dollar Baby,2004-12-05,7.953,10536,10.794
movie:68726,movie,Pacific Rim,2013-07-11,6.9,13728,19.9808
movie:14161,movie,2012,2009-10-10,5.891,12956,22.1775
movie:637,movie,Life Is Beautiful,1997-12-20,8.437,14189,22.1189
movie:210577,movie,Gone Girl,2014-10-01,7.889,20300,25.6468
movie:95,movie,Armageddon,1998-07-01,6.831,8777,14.2691
tv:86850,tv,Dracula,2020-01-01,6.975,849,10.0019
movie:359940,movie,"Three Billboards Outside Ebbing, Missouri",2017-12-01,8.052,11124,12.6741
movie:54138,movie,Star Trek Into Darkness,2013-05-05,7.321,9832,15.0777
movie:435,movie,The Day After Tomorrow,2004-05-26,6.564,9071,13.5172
movie:9552,movie,The Exorcist,1973-12-26,7.744,8825,19.9383
movie:9392,movie,The Descent,2005-07-08,6.985,4541,13.8155
movie:375262,movie,The Favourite,2018-11-23,7.481,6010,8.0392
movie:496,movie,Borat: Cultural Learnings of America for Make Benefit Glorious Nation of Kazakhstan,2006-11-01,6.788,6112,6.8976
movie:274870,movie,Passengers,2016-12-21,6.956,14446,9.6295
movie:536869,movie,Cats,2019-12-19,4.08,1058,4.8584
movie:301528,movie,Toy Story 4,2019-06-19,7.464,10915,24.6459
movie:43074,movie,Ghostbusters,2016-07-14,5.343,6879,12.34
tv:107588,tv,Aashram,2020-08-28,5.333,18,5.0365
movie:3131,movie,Gangs of New York,2002-12-14,7.32,7375,10.7275
movie:500664,movie,Upgrade,2018-05-31,7.512,5192,10.9455
movie:675,movie,Harry Potter and the Order of the Phoenix,2007-07-08,7.673,21138,29.0769
movie:7299,movie,Equilibrium,2002-12-06,7.057,5170,11.049
movie:36669,movie,Die Another Day,2002-11-17,5.996,3970,11.0966
movie:2082,movie,Halloween,2007-08-31,6.239,2612,8.4038
movie:5876,movie,The Mist,2007-11-21,6.953,6040,14.9264
tv:79788,tv,Watchmen,2019-10-20,7.625,1670,13.4626
movie:2024,movie,The Patriot,2000-06-28,7.207,4447,12.0036
movie:194662,movie,Birdman or (The Unexpected Virtue of Ignorance),2014-10-17,7.4,13769,16.9025
tv:67026,tv,Designated Survivor,2016-09-21,7.151,1173,27.4062
movie:206647,movie,Spectre,2015-10-26,6.57,11425,13.0503
movie:157433,movie,Pet Sematary,2019-04-04,5.738,3490,9.0395
movie:1954,movie,The Butterfly Effect,2004-01-17,7.579,8443,16.2453
tv:1622,tv,Supernatural,2005-09-13,8.3,8628,208.176
movie:38700,movie,Bad Boys for Life,2020-01-15,7.106,8854,13.3916
movie:1576,movie,Resident Evil,2002-03-15,6.669,7106,8.1647
movie:59,movie,A History of Violence,2005-09-23,7.165,3843,9.5814
movie:102382,movie,The Amazing Spider-Man 2,2014-04-16,6.559,14655,45.1437
movie:28,movie,Apocalypse Now,1979-05-19,8.261,9307,20.7121
movie:37165,movie,The Truman Show,1998-06-04,8.157,20706,24.8149
movie:4348,movie,Pride & Prejudice,2005-09-16,8.1,8902,21.3214
movie:8358,movie,Cast Away,2000-12-22,7.667,12480,13.9046
movie:1933,movie,The Others,2001-08-02,7.618,7366,16.0048
movie:1417,movie,Pan's Labyrinth,2006-10-11,7.767,11668,18.2388
movie:72190,movie,World War Z,2013-06-19,6.849,16934,19.551
movie:321612,movie,Beauty and the Beast,2017-03-16,6.968,16134,26.671
tv:2316,tv,The Office,2005-03-24,8.581,5417,151.209
tv:82357,tv,Car Masters: Rust to Riches,2018-09-14,7.463,94,5.868
movie:455207,movie,Crazy Rich Asians,2018-08-15,7.043,4030,8.6833
movie:855,movie,Black Hawk Down,2001-12-28,7.399,6532,20.8437
movie:244786,movie,Whiplash,2014-10-10,8.375,16987,31.694
movie:496524,movie,Simmba,2018-12-27,6.2,103,2.1808
movie:354912,movie,Coco,2017-10-27,8.197,21312,41.3454
movie:489999,movie,Searching,2018-08-24,7.6,4333,9.2025
movie:508,movie,Love Actually,2003-09-07,7.101,7516,11.0805
movie:103,movie,Taxi Driver,1976-02-09,8.122,13712,19.4511
movie:426426,movie,Roma,2018-11-21,7.614,4172,5.2279
movie:658412,movie,Ludo,2020-11-12,7.198,134,1.7719
movie:329,movie,Jurassic Park,1993-06-11,7.975,18245,13.7373
movie:339403,movie,Baby Driver,2017-06-28,7.444,17109,17.1206
tv:91239,tv,Bridgerton,2020-12-25,8.054,3379,51.3184
movie:1091,movie,The Thing,1982-06-25,8.073,8183,18.4585
movie:563,movie,Starship Troopers,1997-11-07,7.117,5656,13.2751
movie:500,movie,Reservoir Dogs,1992-09-02,8.111,15747,17.0805
movie:101,movie,Léon: The Professional,1994-09-14,8.293,16419,26.1754
movie:12405,movie,Slumdog Millionaire,2008-11-12,7.728,11523,14.2531
movie:375588,movie,Robin Hood,2018-11-03,5.912,3205,12.0885
movie:564147,movie,K.G.F: Chapter 1,2018-12-20,7.509,293,4.0855
tv:86418,tv,Enaaya,2019-01-20,5.3,3,2.2723
movie:1579,movie,Apocalypto,2006-12-07,7.658,6608,17.0495
movie:578,movie,Jaws,1975-06-20,7.684,11779,22.1155
movie:429,movie,"The Good, the Bad and the Ugly",1966-12-23,8.466,9882,25.2278
movie:339964,movie,Valerian and the City of a Thousand Planets,2017-07-19,6.654,8175,9.7052
tv:71738,tv,The Orville,2017-09-10,7.625,1452,29.4911
movie:531309,movie,Brightburn,2019-05-09,6.149,3559,9.7291
movie:503919,movie,The Lighthouse,2019-10-18,7.465,5721,12.2952
movie:400650,movie,Mary Poppins Returns,2018-12-13,6.509,3512,13.4121
movie:415,movie,Batman & Robin,1997-06-20,4.393,5513,12.4634
movie:7453,movie,The Hitchhiker's Guide to the Galaxy,2005-04-28,6.69,4341,8.3372
movie:105,movie,Back to the Future,1985-07-03,8.329,22262,32.7516
movie:924,movie,Dawn of the Dead,2004-03-19,7.09,4660,11.2478
movie:109445,movie,Frozen,2013-11-20,7.249,17822,29.9977
movie:395992,movie,Life,2017-03-22,6.462,8073,10.9643
movie:454626,movie,Sonic the Hedgehog,2020-02-12,7.273,10537,20.7931
movie:458897,movie,Charlie's Angels,2019-11-14,6.4,3200,11.2256
movie:351460,movie,Death Note,2017-08-25,4.274,4169,7.4773
movie:260513,movie,Incredibles 2,2018-06-14,7.5,13893,19.0639
movie:152601,movie,Her,2013-12-18,7.836,15560,15.7265
movie:561,movie,Constantine,2005-02-08,7.201,8468,16.9402
movie:808,movie,Shrek,2001-05-18,7.777,19199,31.2468
movie:138843,movie,The Conjuring,2013-07-18,7.542,12995,32.1584
movie:949,movie,Heat,1995-12-15,7.943,8605,23.8478
movie:150540,movie,Inside Out,2015-06-17,7.907,23799,28.799
movie:402900,movie,Ocean's Eight,2018-06-07,6.948,8954,15.0249
movie:428078,movie,Mortal Engines,2018-11-27,6.25,5295,10.5114
movie:245891,movie,John Wick,2014-10-16,7.462,21233,17.0924
movie:87101,movie,Terminator Genisys,2015-06-23,5.958,9132,20.2525
tv:81292,tv,Messiah,2020-01-01,7.259,435,8.3374
movie:494886,movie,Zero,2018-05-31,4.333,6,1.7743
tv:84105,tv,Mirzapur,2018-11-15,8.0,193,16.3485
movie:283995,movie,Guardians of the Galaxy Vol. 2,2017-04-25,7.609,23330,27.824
movie:240832,movie,Lucy,2014-07-25,6.476,17310,16.1935
movie:4147,movie,Road to Perdition,2002-07-12,7.361,4093,9.8544
movie:9799,movie,The Fast and the Furious,2001-06-22,7.013,11055,2.3056
movie:384018,movie,Fast & Furious Presents: Hobbs & Shaw,2019-07-31,6.823,7888,18.3511
movie:11778,movie,The Deer Hunter,1978-12-08,7.968,4353,10.9133
movie:315837,movie,Ghost in the Shell,2017-03-29,6.111,8700,17.8682
movie:9697,movie,Lady in the Water,2006-07-19,5.56,1535,4.474
movie:330457,movie,Frozen II,2019-11-20,7.228,10433,31.4825
movie:564,movie,The Mummy,1999-04-16,6.991,10323,22.9795
movie:616,movie,The Last Samurai,2003-12-05,7.612,7720,14.9987
movie:111,movie,Scarface,1983-12-09,8.152,13335,25.0394
movie:8967,movie,The Tree of Life,2011-05-17,6.724,3396,8.222
tv:63639,tv,The Expanse,2015-12-14,8.071,2903,41.87
movie:326,movie,Snakes on a Plane,2006-08-17,5.48,2046,7.0707
movie:42684,movie,Skyline,2010-11-11,5.066,1838,5.2627
movie:9480,movie,Daredevil,2003-02-14,5.299,5565,11.2347
movie:322,movie,Mystic River,2003-10-08,7.742,7629,11.7891
tv:83485,tv,Smoke,2018-10-26,7.8,4,2.7175
movie:1574,movie,Chicago,2002-12-10,7.129,2965,6.1862
movie:619264,movie,The Platform,2019-11-08,6.965,7970,10.6854
movie:2668,movie,Sleepy Hollow,1999-11-19,7.194,7520,14.3624
movie:393,movie,Kill Bill: Vol. 2,2004-04-16,7.875,15361,15.378
movie:8922,movie,Jeepers Creepers,2001-07-01,6.485,3390,10.4536
movie:75612,movie,Oblivion,2013-04-10,6.691,11759,15.2201
movie:534,movie,Terminator Salvation,2009-05-20,6.101,7198,15.4663
movie:9738,movie,Fantastic Four,2005-06-29,5.81,10171,15.9216
movie:535581,movie,The Dead Don't Die,2019-05-15,5.439,2914,7.9436
movie:340102,movie,The New Mutants,2020-04-02,6.054,3799,13.0214
tv:82601,tv,SideHero,2018-09-24,7.0,1,1.4903
movie:1832,movie,Dogma,1999-10-04,6.941,2938,8.4078
movie:23629,movie,Sucker Punch,2011-03-24,6.204,5196,9.5028
movie:479455,movie,Men in Black: International,2019-06-12,5.889,5473,13.1335
movie:8681,movie,Taken,2008-02-18,7.409,12312,18.0629
movie:8587,movie,The Lion King,1994-06-15,8.251,20046,32.2808
tv:82816,tv,Lovecraft Country,2020-08-16,7.141,799,9.3373
movie:1495,movie,Kingdom of Heaven,2005-05-03,7.082,5171,21.8629
movie:522162,movie,Midway,2019-11-06,7.099,2789,11.4503
movie:358364,movie,Split,2016-04-07,5.907,54,1.7981
movie:10229,movie,A Walk to Remember,2002-01-25,7.75,4316,7.4361
movie:68718,movie,Django Unchained,2012-12-25,8.193,28484,25.9026
movie:500840,movie,I'm Thinking of Ending Things,2020-08-28,6.5,2266,5.2553
movie:68735,movie,Warcraft,2016-05-25,6.409,7412,11.7114
movie:401981,movie,Red Sparrow,2018-02-28,6.532,6440,11.5649
movie:9428,movie,The Royal Tenenbaums,2001-10-05,7.453,5162,8.7166
movie:23827,movie,Paranormal Activity,2007-09-14,6.058,5549,9.7286
movie:483906,movie,Polar,2019-01-25,6.398,2561,9.2696
tv:85723,tv,Raised by Wolves,2020-09-03,7.502,1834,14.2667
tv:63333,tv,The Last Kingdom,2015-10-10,8.258,2027,43.8894
movie:443791,movie,Underwater,2020-01-08,6.295,3587,12.7304
movie:91314,movie,Transformers: Age of Extinction,2014-06-25,5.97,8914,16.0601
movie:400106,movie,Bright,2017-12-22,6.163,6061,8.4322
movie:398818,movie,Call Me by Your Name,2017-10-01,8.1,12917,24.7628
tv:69061,tv,The OA,2016-12-16,7.534,1438,16.3971
movie:2662,movie,House of 1000 Corpses,2003-04-11,6.193,1816,8.2563
movie:4232,movie,Scream,1996-12-20,7.432,8177,17.6085
movie:2067,movie,Mission to Mars,2000-03-10,6.037,1637,5.9459
movie:568091,movie,Fractured,2019-09-22,6.766,2982,7.4922
movie:510,movie,One Flew Over the Cuckoo's Nest,1975-11-19,8.407,11681,19.483
movie:284052,movie,Doctor Strange,2016-10-25,7.424,23807,30.1957
movie:13223,movie,Gran Torino,2008-12-12,7.988,11758,10.2196
movie:12,movie,Finding Nemo,2003-05-30,7.82,20878,29.7746
movie:719949,movie,Khuda Haafiz,2020-08-14,6.972,54,1.4195
movie:475430,movie,Artemis Fowl,2020-05-29,5.518,1757,5.4628
tv:86423,tv,Locke & Key,2020-02-07,7.736,1494,18.1568
tv:4607,tv,Lost,2004-09-22,8.0,5274,86.3764
movie:747,movie,Shaun of the Dead,2004-04-09,7.545,9557,11.8237
movie:458305,movie,Vivarium,2019-09-07,6.067,2704,8.4104
movie:401,movie,Garden State,2004-07-28,7.075,2100,3.5622
movie:293167,movie,Kong: Skull Island,2017-03-08,6.558,11306,24.4366
movie:12445,movie,Harry Potter and the Deathly Hallows: Part 2,2011-07-12,8.08,22343,37.0896
movie:363088,movie,Ant-Man and the Wasp,2018-07-04,6.897,14427,23.6541
movie:533642,movie,Child's Play,2019-06-19,5.965,2092,7.5024
movie:137113,movie,Edge of Tomorrow,2014-05-27,7.642,15413,18.5959
movie:767,movie,Harry Potter and the Half-Blood Prince,2009-07-15,7.681,21109,30.0423
movie:275,movie,Fargo,1996-03-08,7.851,9296,14.892
movie:5915,movie,Into the Wild,2007-09-21,7.796,10295,9.5079
tv:79622,tv,Hunters,2020-02-20,7.133,640,20.7063
movie:82,movie,Miami Vice,2006-07-27,6.03,2032,6.8003
movie:8413,movie,Event Horizon,1997-08-15,6.593,3436,11.9908
movie:399361,movie,Triple Frontier,2019-03-06,6.332,3618,8.1693
movie:4922,movie,The Curious Case of Benjamin Button,2008-12-25,7.601,13957,13.4136
movie:274857,movie,King Arthur: Legend of the Sword,2017-05-09,6.558,6162,12.8458
movie:1246,movie,Rocky Balboa,2006-12-20,6.887,3884,10.3751
movie:504608,movie,Rocketman,2019-05-17,7.309,5059,10.9134
movie:8051,movie,Punch-Drunk Love,2002-10-11,7.109,2838,6.9026
movie:423,movie,The Pianist,2002-09-17,8.371,10373,20.0677
movie:426563,movie,Holmes & Watson,2018-12-25,4.301,950,6.7282
movie:2288,movie,Closer,2004-12-03,6.829,3805,6.319
movie:301337,movie,Downsizing,2017-12-22,5.415,4180,8.1596
movie:9473,movie,"South Park: Bigger, Longer & Uncut",1999-06-24,7.284,3022,8.6026
movie:1635,movie,The Island,2005-07-21,6.697,6020,12.0169
movie:324786,movie,Hacksaw Ridge,2016-10-07,8.192,15195,29.8261
movie:38356,movie,Transformers: Dark of the Moon,2011-06-28,6.238,9115,4.0742
movie:1381,movie,The Fountain,2006-11-22,6.903,3191,7.047
movie:446021,movie,Bad Times at the El Royale,2018-10-04,6.842,3952,8.9687
movie:9806,movie,The Incredibles,2004-10-27,7.7,19206,24.7863
movie:472138,movie,Thugs of Hindostan,2018-11-07,5.547,127,2.1126
movie:282035,movie,The Mummy,2017-06-06,5.521,7760,9.74
movie:376867,movie,Moonlight,2016-10-21,7.355,7651,12.3717
movie:407451,movie,A Wrinkle in Time,2018-03-08,5.045,1884,7.2701
movie:100402,movie,Captain America: The Winter Soldier,2014-03-20,7.654,20363,18.6911
movie:161,movie,Ocean's Eleven,2001-12-07,7.466,12807,21.2157
movie:57158,movie,The Hobbit: The Desolation of Smaug,2013-12-11,7.582,14487,19.6968
movie:392044,movie,Murder on the Orient Express,2017-11-03,6.7,10690,13.2905
movie:146233,movie,Prisoners,2013-09-19,8.106,13400,22.4827
movie:263472,movie,Knock Knock,2015-06-26,5.386,3563,14.4143
tv:81356,tv,Sex Education,2019-01-11,8.194,7972,48.1388
movie:1585,movie,It's a Wonderful Life,1946-12-20,8.277,5027,18.0618
movie:460885,movie,Mandy,2018-09-13,6.2,2216,5.9788
movie:8374,movie,The Boondock Saints,1999-01-22,7.241,2772,8.701
movie:7326,movie,Juno,2007-12-05,7.064,7772,8.6648
tv:60735,tv,The Flash,2014-10-07,7.75,11749,96.6029
movie:109428,movie,Evil Dead,2013-04-05,6.658,5312,15.0669
movie:1734,movie,The Mummy Returns,2001-05-04,6.414,7862,16.4801
movie:76757,movie,Jupiter Ascending,2015-02-04,5.472,7217,15.8206
movie:562,movie,Die Hard,1988-07-15,7.815,12548,20.9898
tv:90760,tv,Booo: Sabki Phategi,2019-06-27,8.0,1,1.4381
movie:68724,movie,Elysium,2013-08-07,6.525,9758,11.2109
movie:331482,movie,Little Women,2019-12-25,7.8,6970,14.2175
movie:4247,movie,Scary Movie,2000-07-07,6.427,8085,19.2278
movie:64682,movie,The Great Gatsby,2013-05-09,7.347,13111,14.249
movie:37686,movie,Super 8,2011-06-09,6.784,7234,8.6719
movie:602,movie,Independence Day,1996-07-02,6.915,10664,13.3046
tv:101352,tv,Panchayat,2020-03-05,8.2,148,8.8442
movie:4547,movie,Panic Room,2002-03-29,6.794,5535,9.8656
movie:935,movie,Dr. Strangelove or: How I Learned to Stop Worrying and Love the Bomb,1964-01-29,8.12,6279,11.1014
movie:9477,movie,King Arthur,2004-07-07,6.3,2988,8.2369
movie:956,movie,Mission: Impossible III,2006-04-25,6.765,7790,14.0968
tv:69478,tv,The Handmaid's Tale,2017-04-26,8.157,3405,69.2683
tv:106872,tv,Bandish Bandits,2020-08-02,7.6,23,4.997
tv:1418,tv,The Big Bang Theory,2007-09-24,7.926,12727,50.1927
movie:6466,movie,Freddy vs. Jason,2003-08-15,6.103,2908,9.8646
movie:2501,movie,The Bourne Identity,2002-06-14,7.485,10314,18.8094
movie:47933,movie,Independence Day: Resurgence,2016-06-22,5.366,6577,12.2321
movie:1970,movie,The Grudge,2004-10-22,5.94,3275,7.9745
movie:10195,movie,Thor,2011-04-21,6.771,22705,28.6816
movie:134,movie,"O Brother, Where Art Thou?",2000-08-30,7.323,4717,11.0189
movie:268,movie,Batman,1989-06-21,7.233,8735,14.7362
movie:429415,movie,Extinction,2018-07-15,6.055,2043,6.4313
movie:69,movie,Walk the Line,2005-09-13,7.5,3193,8.0502
movie:37799,movie,The Social Network,2010-10-01,7.376,13423,16.7508
movie:250551,movie,Gunday,2014-02-14,4.9,115,1.593
tv:80743,tv,Insatiable,2018-08-10,7.749,1710,13.2492
movie:499932,movie,The Devil All the Time,2020-09-11,7.173,3744,10.2226
movie:514847,movie,The Hunt,2020-03-11,6.648,3781,12.4313
movie:584850,movie,Tanhaji: The Unsung Warrior,2020-01-10,6.392,88,1.3137
tv:44217,tv,Vikings,2013-03-03,8.1,7845,99.4082
movie:10193,movie,Toy Story 3,2010-06-16,7.816,16126,31.1403
movie:668435,movie,Thappad,2020-02-27,6.986,74,1.1744
movie:1538,movie,Collateral,2004-08-04,7.248,6433,12.3388
movie:281338,movie,War for the Planet of the Apes,2017-07-11,7.225,9909,15.0217
movie:10138,movie,Iron Man 2,2010-04-28,6.855,22803,35.5257
movie:487558,movie,BlacKkKlansman,2018-08-09,7.487,8223,8.4817
movie:2503,movie,The Bourne Ultimatum,2007-08-03,7.442,8538,16.668
movie:1900,movie,Traffic,2000-12-27,7.086,2479,8.5495
movie:515195,movie,Yesterday,2019-06-26,6.683,4338,7.3861
movie:215,movie,Saw II,2005-10-28,6.607,6019,10.8162
movie:670,movie,Oldboy,2003-11-21,8.236,10129,18.7775
movie:8814,movie,Doom,2005-10-20,5.2,2514,9.5292
tv:115520,tv,Paurashpur,2020-12-30,4.3,3,4.0534
tv:2288,tv,Prison Break,2005-08-29,8.1,6116,105.6837
movie:335988,movie,Transformers: The Last Knight,2017-06-16,6.063,6861,14.5278
movie:12162,movie,The Hurt Locker,2008-10-10,7.251,6318,12.6574
movie:1430,movie,Bowling for Columbine,2002-10-09,7.517,1726,4.3931
movie:347375,movie,Mile 22,2018-08-16,6.266,2504,8.5004
movie:492,movie,Being John Malkovich,1999-10-29,7.422,4915,9.3362
movie:354859,movie,The Promise,2016-12-02,6.839,516,4.385
movie:489,movie,Good Will Hunting,1997-12-05,8.165,14207,23.8598
tv:62286,tv,Fear the Walking Dead,2015-08-23,7.61,5232,31.6337
movie:324552,movie,John Wick: Chapter 2,2017-02-08,7.345,14544,25.3325
movie:587,movie,Big Fish,2003-12-10,7.748,7908,11.4274
movie:773,movie,Little Miss Sunshine,2006-07-26,7.692,8012,8.5377
tv:113361,tv,Bicchoo Ka Khel,2020-11-18,6.4,11,1.4257
movie:9792,movie,The Hills Have Eyes,2006-03-10,6.485,3448,12.202
movie:1771,movie,Captain America: The First Avenger,2011-07-22,7.01,23132,20.0822
movie:2294,movie,Jay and Silent Bob Strike Back,2001-08-22,6.436,1784,6.1827
movie:76203,movie,12 Years a Slave,2013-10-18,7.929,12168,12.0603
movie:9675,movie,Sideways,2004-10-22,7.1,1944,5.4112
movie:399057,movie,The Killing of a Sacred Deer,2017-10-20,7.002,4543,9.2487
movie:166424,movie,Fantastic Four,2015-08-05,4.432,6512,10.7434
movie:353486,movie,Jumanji: Welcome to the Jungle,2017-12-09,6.822,14744,12.4032
movie:454292,movie,Saaho,2019-08-29,5.7,115,2.8563
movie:458594,movie,Peppermint,2018-09-06,6.738,2285,7.8351
movie:433249,movie,IO,2019-01-18,4.984,1498,3.894
tv:62560,tv,Mr. Robot,2015-06-24,8.3,5532,42.1295
movie:2493,movie,The Princess Bride,1987-09-25,7.705,5248,14.0149
movie:13811,movie,Knowing,2009-03-19,6.3,5958,11.576
movie:14160,movie,Up,2009-05-28,7.961,22006,27.5128
movie:49026,movie,The Dark Knight Rises,2012-07-17,7.797,24808,35.0036
movie:201,movie,Star Trek: Nemesis,2002-12-13,6.306,1630,6.6315
movie:786,movie,Almost Famous,2000-09-15,7.503,3198,8.1005
movie:415086,movie,What the Health,2017-03-16,6.789,365,1.3747
movie:612,movie,Munich,2005-12-23,7.129,3069,8.9735
movie:534780,movie,Andhadhun,2018-10-05,7.601,647,3.2873
movie:9920,movie,Ultraviolet,2006-03-03,5.204,1763,5.4631
movie:929,movie,Godzilla,1998-05-20,5.656,4323,12.4748
movie:2108,movie,The Breakfast Club,1985-02-15,7.7,8682,11.7905
movie:30497,movie,The Texas Chain Saw Massacre,1974-10-11,7.296,3922,11.7497
movie:1995,movie,Lara Croft: Tomb Raider,2001-06-15,5.916,6640,12.6554
tv:70785,tv,Anne with an E,2017-03-19,8.7,4980,27.2705
movie:2502,movie,The Bourne Supremacy,2004-07-23,7.335,8342,14.8505
movie:378236,movie,The Emoji Movie,2017-07-23,5.368,3376,11.1409
movie:13885,movie,Sweeney Todd: The Demon Barber of Fleet Street,2007-12-21,7.18,6448,10.7344
movie:35,movie,The Simpsons Movie,2007-07-25,7.023,8685,17.8204
movie:82700,movie,After Earth,2013-05-30,5.179,6952,8.5496
movie:640,movie,Catch Me If You Can,2002-12-16,7.978,17450,21.5213
movie:18,movie,The Fifth Element,1997-05-02,7.59,12057,22.9083
tv:90755,tv,The I-Land,2019-09-12,5.422,321,5.0777
movie:617505,movie,Hubie Halloween,2020-10-07,5.882,1809,5.8718
movie:11618,movie,The Haunting,1999-07-23,5.51,1578,6.8789
tv:46648,tv,True Detective,2014-01-12,8.29,4311,59.6266
movie:600,movie,Full Metal Jacket,1987-06-26,8.118,11683,14.0658
movie:246655,movie,X-Men: Apocalypse,2016-05-18,6.527,14033,31.213
movie:23483,movie,Kick-Ass,2010-03-26,7.124,12579,14.6736
movie:9829,movie,United 93,2006-04-28,7.12,1666,6.4302
movie:277,movie,Underworld,2003-09-19,6.855,6746,11.3946
movie:426,movie,Vertigo,1958-05-28,8.134,6463,12.1598
tv:84661,tv,The Outsider,2020-01-12,7.358,1733,13.2543
tv:62688,tv,Supergirl,2015-10-26,7.269,4445,48.4019
movie:107,movie,Snatch,2000-09-01,7.828,10202,17.3193
movie:514999,movie,Murder Mystery,2019-05-25,6.252,4883,8.8905
movie:120467,movie,The Grand Budapest Hotel,2014-02-26,8.025,16416,19.6462
tv:69050,tv,Riverdale,2017-01-26,8.401,13777,61.0999
movie:2567,movie,The Aviator,2004-12-17,7.217,5971,10.9515
movie:537915,movie,After,2019-04-11,7.105,8558,16.3591
movie:334541,movie,Manchester by the Sea,2016-11-17,7.552,6527,13.153
movie:2048,movie,"I, Robot",2004-07-15,6.97,12917,14.9845
movie:259316,movie,Fantastic Beasts and Where to Find Them,2016-11-16,7.309,19916,20.6338
movie:447200,movie,Skyscraper,2018-07-11,6.306,5432,9.0813
movie:188927,movie,Star Trek Beyond,2016-07-07,6.792,7228,11.9102
movie:567,movie,Rear Window,1954-08-01,8.336,7318,14.7937
movie:418078,movie,It Comes at Night,2017-06-09,5.872,2681,6.6734
movie:787,movie,Mr. & Mrs. Smith,2005-06-07,6.693,11427,18.4456
movie:353491,movie,The Dark Tower,2017-08-03,5.805,5640,11.1157
movie:13363,movie,The Man from Earth,2007-06-10,7.6,3004,7.4263
tv:4613,tv,Band of Brothers,2001-09-09,8.6,4331,30.8503
movie:484247,movie,A Simple Favor,2018-09-13,6.639,4675,7.5037
tv:61664,tv,Sense8,2015-06-05,7.728,1916,17.5575
movie:8698,movie,The League of Extraordinary Gentlemen,2003-07-11,6.015,4487,9.3555
movie:228150,movie,Fury,2014-10-15,7.547,13165,31.0406
movie:168672,movie,American Hustle,2013-12-03,6.852,7872,10.8524
movie:85350,movie,Boyhood,2014-06-05,7.494,5608,7.236
tv:1412,tv,Arrow,2012-10-10,6.837,6459,106.8369
tv:75450,tv,Titans,2018-10-12,7.854,2893,37.3558
tv:57243,tv,Doctor Who,2005-03-26,7.623,3444,99.1753
movie:127585,movie,X-Men: Days of Future Past,2014-05-15,7.5,16570,29.2785
tv:105521,tv,Breathe: Into the Shadows,2020-07-09,7.208,48,3.67
movie:455839,movie,Time Trap,2017-05-19,6.336,1378,6.5916
movie:373449,movie,2.0,2018-11-29,5.838,185,2.5067
movie:447404,movie,Pokémon Detective Pikachu,2019-05-03,6.898,7488,16.9831
movie:2105,movie,American Pie,1999-07-09,6.617,8502,18.8942
tv:72750,tv,Killing Eve,2018-04-08,7.9,1537,23.2584
movie:567609,movie,Ready or Not,2019-08-21,7.095,5823,18.9028
movie:218,movie,The Terminator,1984-10-26,7.7,14993,28.2642
movie:10665,movie,The Strangers,2008-05-29,6.12,2732,6.9125
movie:297,movie,Meet Joe Black,1998-11-12,7.372,5900,15.9337
movie:9533,movie,Red Dragon,2002-10-02,7.0,4827,2.6492
movie:391713,movie,Lady Bird,2017-09-01,7.2,9131,9.918
movie:2787,movie,Pitch Black,2000-02-18,6.87,4929,5.6977
movie:770,movie,Gone with the Wind,1939-12-15,7.9,4456,14.9089
movie:1562,movie,28 Weeks Later,2007-04-26,6.592,5794,12.2912
movie:539537,movie,Fantasy Island,2020-02-12,5.747,2673,7.5536
movie:625568,movie,Unhinged,2020-07-16,6.423,2575,8.1752
movie:522938,movie,Rambo: Last Blood,2019-09-18,6.536,4307,12.0076
movie:1724,movie,The Incredible Hulk,2008-06-12,6.258,13058,35.8389
movie:49529,movie,John Carter,2012-03-07,6.384,6251,13.6749
movie:12155,movie,Alice in Wonderland,2010-03-03,6.6,14999,22.1133
movie:117263,movie,Olympus Has Fallen,2013-03-20,6.416,7176,15.383
tv:19885,tv,Sherlock,2010-07-25,8.507,6644,37.0336
movie:2133,movie,The Perfect Storm,2000-06-29,6.486,2637,8.6661
movie:395841,movie,Hold the Dark,2018-09-22,5.451,1066,4.3405
tv:79352,tv,Sacred Games,2018-07-06,7.781,258,5.4256
movie:44264,movie,True Grit,2010-12-22,7.306,5880,10.1392
tv:456,tv,The Simpsons,1989-12-17,8.022,10962,232.694
tv:63210,tv,Shadowhunters,2016-01-12,7.64,1245,23.5866
movie:1164,movie,Babel,2006-10-26,7.2,4151,10.5005
movie:116,movie,Match Point,2005-10-26,7.36,4450,8.1921
movie:377,movie,A Nightmare on Elm Street,1984-11-09,7.351,5885,21.9259
movie:404368,movie,Ralph Breaks the Internet,2018-11-20,7.154,8236,18.3288
movie:190859,movie,American Sniper,2014-12-25,7.409,13833,14.3115
movie:338762,movie,Bloodshot,2020-03-05,6.672,5335,8.9318
movie:521029,movie,Annabelle Comes Home,2019-06-26,6.401,3906,13.7112
movie:8909,movie,Wanted,2008-06-19,6.528,7743,10.8287
movie:523139,movie,In the Tall Grass,2019-09-20,5.549,2452,7.471
movie:527261,movie,The Silence,2019-05-16,6.027,1729,7.1155
movie:1272,movie,Sunshine,2007-04-05,6.975,4392,10.1466
movie:39538,movie,Contagion,2011-09-08,6.651,6682,11.4514
movie:818,movie,Austin Powers in Goldmember,2002-07-26,6.022,3509,11.0745
movie:57201,movie,The Lone Ranger,2013-07-03,6.131,6254,10.0108
movie:198184,movie,Chappie,2015-03-04,6.791,8626,13.4649
movie:2114,movie,Final Fantasy: The Spirits Within,2001-07-02,6.199,1644,5.4645
movie:75656,movie,Now You See Me,2013-05-29,7.326,17057,17.881
movie:817,movie,Austin Powers: The Spy Who Shagged Me,1999-06-08,6.318,3764,8.6875
movie:458423,movie,Mamma Mia! Here We Go Again,2018-07-18,7.073,3622,9.7992
movie:109414,movie,This Is the End,2013-06-12,6.232,6981,11.1569
movie:2832,movie,Identity,2003-04-25,7.2,4494,14.4325
tv:46952,tv,The Blacklist,2013-09-23,7.634,3692,143.0142
movie:8346,movie,My Big Fat Greek Wedding,2002-04-19,6.495,2336,7.5344
movie:333371,movie,10 Cloverfield Lane,2016-03-10,7.008,8869,14.7589
movie:106,movie,Predator,1987-06-12,7.577,9431,22.1558
movie:524047,movie,Greenland,2020-07-29,7.123,5488,15.1953
movie:137,movie,Groundhog Day,1993-02-11,7.635,9099,15.6794
movie:480530,movie,Creed II,2018-11-21,7.035,5895,12.7389
movie:1934,movie,Shakespeare in Love,1998-12-11,6.826,3265,7.2092
tv:60059,tv,Better Call Saul,2015-02-08,8.7,6799,67.9714
movie:9339,movie,Click,2006-06-23,6.315,7713,12.6576
movie:10590,movie,We Were Soldiers,2002-03-01,7.135,2342,9.1707
movie:605116,movie,Project Power,2020-08-14,6.424,3132,6.0646
movie:242224,movie,The Babadook,2014-05-22,6.537,6529,7.4346
movie:505600,movie,Booksmart,2019-05-24,6.998,2902,7.3942
movie:10008,movie,An American Haunting,2005-05-05,5.5,534,3.3288
movie:762,movie,Monty Python and the Holy Grail,1975-04-03,7.802,6556,10.9055
movie:581859,movie,Da 5 Bloods,2020-06-12,6.42,1192,4.4255
movie:45269,movie,The King's Speech,2010-11-26,7.733,9467,13.6269
movie:511987,movie,Crawl,2019-07-10,6.334,3453,9.1366
movie:157350,movie,Divergent,2014-03-14,6.901,13668,15.6677
movie:7555,movie,Rambo,2008-01-24,6.703,4374,12.4195
movie:9509,movie,Man on Fire,2004-04-23,7.465,5837,15.439
tv:67683,tv,Travelers,2016-10-17,7.596,890,21.8254
tv:94305,tv,The Walking Dead: World Beyond,2020-10-04,7.327,1224,10.3104
movie:793,movie,Blue Velvet,1986-09-19,7.607,3923,10.0915
movie:516486,movie,Greyhound,2020-07-09,7.415,3427,13.9328
movie:2062,movie,Ratatouille,2007-06-28,7.846,18845,27.0587
tv:1425,tv,House of Cards,2013-02-01,8.008,3265,38.3063
movie:448119,movie,Dolittle,2020-01-02,6.573,3941,11.1277
movie:27578,movie,The Expendables,2010-08-07,6.25,8431,16.8066
movie:438799,movie,Overlord,2018-11-01,6.73,3212,7.7399
movie:20526,movie,TRON: Legacy,2010-12-14,6.546,8099,12.7782
movie:796,movie,Cruel Intentions,1999-03-05,6.822,3661,10.9944
movie:341013,movie,Atomic Blonde,2017-07-26,6.438,6738,11.4375
movie:4234,movie,Scream 3,2000-02-04,6.008,4156,9.6856
movie:396535,movie,Train to Busan,2016-07-20,7.754,8644,23.0744
tv:61662,tv,Schitt's Creek,2015-01-13,7.783,734,37.8189
movie:535167,movie,The Wandering Earth,2019-02-05,6.633,1196,8.7148
movie:268896,movie,Pacific Rim: Uprising,2018-03-21,6.122,5457,16.0732
movie:23437,movie,A Nightmare on Elm Street,2010-04-30,5.52,2969,11.4378
tv:1437,tv,Firefly,2002-09-20,8.343,2475,22.9371
movie:782,movie,Gattaca,1997-07-09,7.57,7094,12.8728
movie:249660,movie,God's Not Dead,2014-03-21,5.966,972,3.1985
movie:7451,movie,xXx,2002-08-09,5.989,5008,16.5738
movie:16871,movie,Drag Me to Hell,2009-05-27,6.486,4190,9.1168
movie:6114,movie,Bram Stoker's Dracula,1992-11-13,7.447,5893,16.3382
movie:168259,movie,Furious 7,2015-04-01,7.214,11447,18.2545
movie:11631,movie,Mamma Mia!,2008-07-03,6.963,7138,11.0566
tv:83851,tv,The Undoing,2020-10-25,7.357,882,11.6147
movie:501979,movie,Bill & Ted Face the Music,2020-08-27,5.876,1110,9.0046
tv:42009,tv,Black Mirror,2011-12-04,8.288,6447,68.2541
movie:1833,movie,Rent,2005-11-17,6.823,607,3.6994
movie:2757,movie,Adaptation.,2002-12-06,7.328,2849,7.3571
movie:612152,movie,Secret Obsession,2019-07-18,5.528,1202,3.6046
movie:9373,movie,The Texas Chainsaw Massacre,2003-05-21,6.309,3003,11.9812
movie:158015,movie,The Purge,2013-05-31,6.245,8978,11.8462
movie:345887,movie,The Equalizer 2,2018-07-19,6.794,6122,14.5409
movie:1213,movie,The Talented Mr. Ripley,1999-12-25,7.196,4254,13.2344
movie:85,movie,Raiders of the Lost Ark,1981-06-12,7.927,13902,22.7301
movie:4488,movie,Friday the 13th,1980-05-09,6.407,3430,10.0538
movie:2059,movie,National Treasure,2004-11-19,6.653,7017,14.6384
movie:273481,movie,Sicario,2015-09-17,7.427,9796,19.8802
tv:86951,tv,Leaving Neverland,2019-03-03,6.372,254,3.7415
movie:102899,movie,Ant-Man,2015-07-14,7.1,21157,22.6326
movie:9885,movie,Wolf Creek,2005-09-16,6.2,1318,5.2511
tv:67744,tv,MINDHUNTER,2017-10-13,8.1,3065,28.7148
movie:102651,movie,Maleficent,2014-05-28,7.09,13900,17.1444
movie:329996,movie,Dumbo,2019-03-27,6.585,4566,9.2751
tv:1405,tv,Dexter,2006-10-01,8.241,5789,141.7305
movie:399402,movie,Hunter Killer,2018-10-19,6.909,2462,12.0218
movie:44826,movie,Hugo,2011-11-22,7.174,7781,8.7715
movie:10200,movie,The Day the Earth Stood Still,2008-12-10,5.664,3854,10.4829
movie:492188,movie,Marriage Story,2019-09-28,7.7,7526,7.8209
tv:1972,tv,Battlestar Galactica,2004-10-18,8.2,1827,42.935
movie:269149,movie,Zootopia,2016-02-11,7.766,18446,28.6518
movie:453405,movie,Gemini Man,2019-10-02,6.259,5554,10.0087
movie:274855,movie,Geostorm,2017-10-12,6.125,5301,12.6377
movie:2103,movie,Solaris,2002-11-27,5.944,1500,5.9079
movie:11979,movie,Queen of the Damned,2002-02-10,6.116,1203,7.5209
movie:9708,movie,The Wicker Man,2006-08-31,4.3,1449,6.7194
tv:60574,tv,Peaky Blinders,2013-09-12,8.525,11322,75.9349
tv:80752,tv,See,2019-11-01,8.073,2909,30.7406
movie:2657,movie,Pleasantville,1998-09-17,7.3,1940,5.4707
movie:1402,movie,The Pursuit of Happyness,2006-12-14,7.884,10806,22.2018
movie:429197,movie,Vice,2018-12-25,7.011,3669,10.3864
movie:314,movie,Catwoman,2004-07-22,4.638,3681,10.3105
movie:509967,movie,6 Underground,2019-12-10,6.33,5277,10.3789
movie:101299,movie,The Hunger Games: Catching Fire,2013-11-15,7.427,18691,16.4096
movie:538858,movie,Tumbbad,2018-10-12,7.611,346,2.8715
movie:12444,movie,Harry Potter and the Deathly Hallows: Part 1,2010-11-17,7.7,20709,37.9771
movie:22293,movie,Manos: The Hands of Fate,1966-11-15,2.179,237,1.558
movie:3989,movie,Team America: World Police,2004-10-10,6.719,2100,7.9104
movie:537996,movie,The Ballad of Buster Scruggs,2018-11-09,7.133,4529,13.1251
movie:9532,movie,Final Destination,2000-03-17,6.641,6896,12.4365
movie:324668,movie,Jason Bourne,2016-07-27,6.383,6327,13.4337
tv:95,tv,Buffy the Vampire Slayer,1997-03-10,8.099,2042,73.24
tv:83135,tv,The Twilight Zone,2019-04-01,6.698,457,14.1022
movie:398181,movie,You Were Never Really Here,2017-11-08,6.544,3105,6.7775
movie:1807,movie,Elephant,2003-09-20,7.014,2158,5.217
tv:97944,tv,Code M,2020-01-15,6.4,8,2.4425
movie:556270,movie,Sadak 2,2020-10-28,4.25,8,1.2166
movie:388,movie,Inside Man,2006-03-17,7.41,6518,12.3394
movie:8619,movie,Master and Commander: The Far Side of the World,2003-11-14,7.199,3627,9.9369
movie:1696,movie,The Devil's Rejects,2005-07-22,6.717,1594,6.2944
movie:622,movie,The Ninth Gate,1999-08-25,6.495,3434,9.5089
movie:459992,movie,Long Shot,2019-05-02,6.703,2947,6.0574
movie:16,movie,Dancer in the Dark,2000-09-01,7.8,2053,5.8734
movie:343668,movie,Kingsman: The Golden Circle,2017-09-20,6.942,11317,16.2331
movie:36643,movie,The World Is Not Enough,1999-11-17,6.287,3348,11.6306
movie:11460,movie,Red Eye,2005-08-10,6.4,2600,8.4106
movie:61791,movie,Rise of the Planet of the Apes,2011-08-03,7.352,13016,16.8544
tv:86831,tv,"Love, Death & Robots",2019-03-15,8.205,4148,33.6448
movie:439015,movie,Slender Man,2018-05-17,4.306,2187,5.9191
movie:590403,movie,Love Aaj Kal,2020-02-14,5.62,50,1.0471
movie:37247,movie,The Graduate,1967-12-21,7.634,3770,10.4606
tv:113631,tv,Dark 7 White,2020-11-24,5.0,4,1.4999
movie:594,movie,The Terminal,2004-06-17,7.358,8898,13.7037
tv:82001,tv,"Roswell, New Mexico",2019-01-15,7.748,447,11.2134
movie:2034,movie,Training Day,2001-10-05,7.527,6772,12.5193
movie:340666,movie,Nocturnal Animals,2016-11-04,7.405,8400,9.5893
movie:504172,movie,The Mule,2018-12-14,6.869,5454,8.3095
movie:853,movie,Enemy at the Gates,2001-02-28,7.425,4144,13.0842
movie:11400,movie,The New World,2005-12-25,6.513,1309,4.7211
movie:10676,movie,Halloween III: Season of the Witch,1982-10-22,5.235,1576,6.4512
movie:264644,movie,Room,2015-10-16,7.987,9806,6.8703
movie:97020,movie,RoboCop,2014-01-30,5.889,5974,10.3322
movie:104,movie,Run Lola Run,1998-08-20,7.306,2634,7.527
movie:335,movie,Once Upon a Time in the West,1968-12-21,8.3,5018,19.2558
movie:508439,movie,Onward,2020-02-29,7.634,6675,12.2518
movie:2268,movie,The Golden Compass,2007-12-04,6.086,4913,8.8429
movie:522681,movie,Escape Room,2019-01-03,6.542,5140,9.6773
tv:73411,tv,Maniac,2018-09-21,7.345,1031,10.7037
movie:8843,movie,The Cell,2000-08-18,6.281,1776,8.3626
movie:372058,movie,Your Name.,2016-07-01,8.485,12911,28.348
movie:539885,movie,Ava,2020-07-02,5.825,2797,7.3388
movie:2080,movie,X-Men Origins: Wolverine,2009-04-28,6.295,11471,2.5193
movie:76338,movie,Thor: The Dark World,2013-10-30,6.509,18646,29.7708
movie:9476,movie,A Knight's Tale,2001-05-11,6.886,3470,11.6373
movie:9760,movie,Epic Movie,2007-01-25,3.852,1729,7.0884
tv:56570,tv,Outlander,2014-08-09,8.2,2965,67.5914
movie:22538,movie,Scott Pilgrim vs. the World,2010-08-12,7.485,8816,13.8621
movie:2118,movie,L.A. Confidential,1997-09-19,7.805,5689,11.6561
movie:505948,movie,I Am Mother,2019-06-07,6.713,2910,5.6788
tv:1100,tv,How I Met Your Mother,2005-09-19,8.124,5894,75.7538
movie:2789,movie,The Chronicles of Riddick,2004-06-11,6.559,4611,7.3358
movie:25,movie,Jarhead,2005-11-04,6.685,3243,9.3213
tv:80550,tv,The Conners,2018-10-16,6.953,127,17.5598
movie:1366,movie,Rocky,1976-12-03,7.801,8830,15.3469
movie:8914,movie,Deep Blue Sea,1999-07-28,5.994,2722,10.4765
movie:577328,movie,Kabir Singh,2019-06-20,6.338,188,1.3809
movie:686,movie,Contact,1997-07-11,7.448,5141,15.6408
movie:34851,movie,Predators,2010-07-07,6.304,4756,13.6288
movie:2655,movie,What Lies Beneath,2000-07-21,6.437,2076,8.9047
movie:920,movie,Cars,2006-06-08,7.048,15425,21.7237
movie:427641,movie,Rampage,2018-04-11,6.466,7693,14.6096
movie:11470,movie,Jason X,2001-11-09,4.86,1553,6.1549
movie:923,movie,Dawn of the Dead,1978-09-02,7.488,2359,6.2692
movie:6171,movie,Dreamcatcher,2003-03-21,5.646,1953,6.6206
movie:65754,movie,The Girl with the Dragon Tattoo,2011-12-14,7.386,7752,9.6774
movie:2289,movie,Cold Mountain,2003-12-24,6.934,2011,6.3243
movie:320,movie,Insomnia,2002-05-24,6.952,5487,11.7756
tv:89759,tv,Medically Yourrs,2019-05-27,7.0,3,1.6977
tv:80307,tv,Bodyguard,2018-08-26,7.772,1203,10.4168
movie:841,movie,Dune,1984-12-14,6.192,3515,14.0421
movie:13166,movie,Freddy Got Fingered,2001-04-20,4.732,503,4.5868
tv:87689,tv,Warrior Nun,2020-07-02,7.887,1331,10.6083
movie:1577,movie,Resident Evil: Apocalypse,2004-09-10,6.366,4892,7.4384
movie:254320,movie,The Lobster,2015-10-15,7.0,7041,10.1555
movie:44833,movie,Battleship,2012-04-11,5.9,6130,13.5758
movie:18823,movie,Clash of the Titans,2010-03-26,5.925,6812,14.41
movie:630,movie,The Wizard of Oz,1939-08-21,7.583,6243,20.1805
movie:504949,movie,The King,2019-10-11,7.2,3641,8.0486
movie:585,movie,"Monsters, Inc.",2001-11-01,7.856,20152,33.5666
movie:2666,movie,Dark City,1998-02-27,7.329,3301,9.7793
movie:509,movie,Notting Hill,1999-05-21,7.265,6847,10.1175
movie:527435,movie,The Christmas Chronicles,2018-11-22,7.156,2424,6.399
movie:122906,movie,About Time,2013-09-04,7.903,9450,14.4865
movie:11683,movie,Land of the Dead,2005-06-18,6.261,1864,7.2727
movie:242582,movie,Nightcrawler,2014-10-23,7.708,11975,19.8696
movie:619061,movie,Jhalki,2019-09-27,6.8,5,1.3404
movie:400535,movie,Sicario: Day of the Soldado,2018-06-27,6.943,4158,16.1617
movie:222935,movie,The Fault in Our Stars,2014-06-02,7.59,11660,11.578
tv:86248,tv,Upload,2020-04-30,7.772,1474,18.5278
movie:1878,movie,Fear and Loathing in Las Vegas,1998-05-22,7.204,5135,8.8219
movie:163,movie,Ocean's Twelve,2004-12-09,6.565,8069,12.8015
movie:235,movie,Stand by Me,1986-08-08,7.833,6693,15.0836
movie:311,movie,Once Upon a Time in America,1984-05-23,8.4,6169,25.2112
movie:596650,movie,Chhichhore,2019-09-05,7.697,188,1.776
tv:89545,tv,Leila,2019-06-14,6.426,27,3.3698
tv:84454,tv,Broken But Beautiful,2018-11-27,6.8,6,3.5919
movie:350,movie,The Devil Wears Prada,2006-06-29,7.438,14144,35.434
movie:590,movie,The Hours,2002-12-27,7.2,1899,5.6898
movie:121856,movie,Assassin's Creed,2016-12-21,5.445,8229,8.6409
movie:531306,movie,Rim of the World,2019-05-24,5.967,1060,4.6444
movie:11321,movie,Seven Pounds,2008-12-18,7.598,7358,7.9775
movie:421,movie,The Life Aquatic with Steve Zissou,2004-12-10,7.07,3241,5.9561
tv:1413,tv,American Horror Story,2011-10-05,8.076,6144,114.4456
movie:872,movie,Singin' in the Rain,1952-04-10,8.131,3585,10.0778
movie:364,movie,Batman Returns,1992-06-19,6.949,7231,14.4127
movie:17473,movie,The Room,2003-06-27,4.0,1561,4.0546
movie:9522,movie,Wedding Crashers,2005-07-13,6.502,4802,9.1932
movie:166428,movie,How to Train Your Dragon: The Hidden World,2019-01-03,7.752,7254,15.0587
movie:330,movie,The Lost World: Jurassic Park,1997-05-23,6.565,9423,0.9895
movie:59440,movie,Warrior,2011-09-09,7.841,5107,10.7641
movie:162,movie,Edward Scissorhands,1990-12-07,7.7,13978,17.789
movie:300669,movie,Don't Breathe,2016-06-08,7.0,8114,11.3178
movie:205,movie,Hotel Rwanda,2004-12-22,7.717,3251,8.5134
tv:82596,tv,Emily in Paris,2020-10-02,7.5,1583,26.5
movie:384521,movie,The Cloverfield Paradox,2018-02-04,5.64,3659,10.9794
movie:503,movie,Poseidon,2006-05-03,5.899,2388,8.6135
movie:681235,movie,Torbaaz,2020-12-11,7.3,15,1.1394
movie:166426,movie,Pirates of the Caribbean: Dead Men Tell No Tales,2017-05-23,6.664,13006,18.2247
movie:4347,movie,Atonement,2007-02-27,7.634,4804,12.4476
movie:3021,movie,1408,2007-06-22,6.693,5028,9.8365
movie:11545,movie,Rushmore,1998-12-11,7.391,2793,4.5388
movie:926,movie,Galaxy Quest,1999-12-25,7.093,2609,8.6426
movie:8363,movie,Superbad,2007-08-17,7.271,8306,16.3473
movie:947,movie,Lawrence of Arabia,1962-12-11,8.0,3542,11.7856
movie:1991,movie,Death Proof,2007-05-22,6.838,5770,10.9621
movie:10647,movie,Pay It Forward,2000-10-20,7.386,2072,7.2726
movie:11442,movie,Halloween: Resurrection,2002-07-01,4.6,1436,7.7079
movie:5279,movie,Gosford Park,2001-12-26,6.815,1274,5.9552
movie:128,movie,Princess Mononoke,1997-07-12,8.32,9214,19.5885
tv:76719,tv,The Rain,2018-05-04,7.214,1360,11.1209
movie:12159,movie,What Dreams May Come,1998-10-02,7.243,2591,9.6524
movie:395990,movie,Death Wish,2018-03-01,6.237,2872,8.5838
movie:866,movie,Finding Neverland,2004-10-29,7.318,3794,7.1641
movie:9383,movie,Hollow Man,2000-08-04,5.973,2898,9.9426
tv:1429,tv,Attack on Titan,2013-04-07,8.7,7646,39.5622
movie:116745,movie,The Secret Life of Walter Mitty,2013-12-18,7.2,8431,13.0059
movie:399404,movie,Darkest Hour,2017-11-22,7.354,5614,9.7218
movie:8960,movie,Hancock,2008-07-01,6.356,10425,9.5238
movie:2135,movie,The Time Machine,2002-03-04,6.344,2631,9.4488
tv:100234,tv,Marzi,2020-03-03,7.0,1,1.7031
tv:81354,tv,Ratched,2020-09-18,7.643,1274,10.2324
movie:7220,movie,The Punisher,2004-04-15,6.382,3253,15.4241
movie:18785,movie,The Hangover,2009-06-02,7.337,18418,22.2171
movie:661671,movie,Shikara,2020-02-07,4.2,9,1.1421
movie:549053,movie,Last Christmas,2019-11-07,7.19,2671,5.7098
tv:62017,tv,The Man in the High Castle,2015-01-15,7.526,1535,33.1592
movie:205596,movie,The Imitation Game,2014-11-14,7.98,18336,25.1187
movie:576071,movie,Unplanned,2019-03-21,6.804,224,2.2606
movie:1487,movie,Hellboy,2004-04-02,6.678,7576,9.3827
movie:766,movie,Army of Darkness,1992-10-31,7.257,3638,12.7503
movie:4327,movie,Charlie's Angels,2000-11-02,5.85,4604,14.4812
movie:298312,movie,The Visit,2015-09-10,6.318,5275,8.3017
movie:10625,movie,Mean Girls,2004-04-30,7.227,9624,18.3928
tv:82104,tv,The Order,2019-03-07,7.606,933,13.267
movie:1542,movie,Office Space,1999-02-19,7.38,3491,7.0323
tv:99148,tv,Class of 2020,2020-02-04,4.75,4,2.9052
movie:6519,movie,The Dukes of Hazzard,2005-08-05,5.616,1343,7.3193
movie:553,movie,Dogville,2003-05-21,7.744,2756,8.3789
movie:438650,movie,Cold Pursuit,2019-02-07,5.876,2840,9.169
tv:94690,tv,Fittrat,2019-10-18,8.0,1,3.6987
movie:44912,movie,Green Lantern,2011-06-14,5.189,7783,17.6325
movie:395834,movie,Wind River,2017-08-03,7.439,5906,13.0792
tv:100373,tv,Mentalhood,2020-03-11,0.0,0,1.6175
tv:90257,tv,Little Fires Everywhere,2020-03-18,7.519,418,9.8608
movie:254128,movie,San Andreas,2015-05-27,6.25,9163,13.7249
tv:81357,tv,Dead to Me,2019-05-03,7.313,644,13.8597
movie:608,movie,Men in Black II,2002-07-03,6.389,10836,13.579
movie:4638,movie,Hot Fuzz,2007-02-14,7.568,8537,12.1232
tv:93204,tv,Coldd Lassi Aur Chicken Masala,2019-09-03,5.5,4,1.7992
movie:2292,movie,Clerks,1994-10-19,7.372,2840,6.5691
movie:7446,movie,Tropic Thunder,2008-08-09,6.722,7142,12.6421
movie:755,movie,From Dusk Till Dawn,1996-01-19,7.051,6659,14.3369
tv:73586,tv,Yellowstone,2018-06-20,8.267,3298,104.5823
tv:113877,tv,Fabulous Lives of Bollywood Wives,2020-11-27,4.5,11,6.5349
movie:20662,movie,Robin Hood,2010-05-12,6.397,5119,11.8386
movie:5137,movie,Sky Captain and the World of Tomorrow,2004-09-17,5.896,1410,5.4783
movie:1949,movie,Zodiac,2007-03-02,7.532,11808,17.9714
movie:11675,movie,Halloween H20: 20 Years Later,1998-08-05,6.041,1845,8.0564
movie:10331,movie,Night of the Living Dead,1968-10-04,7.606,2804,10.016
tv:1434,tv,Family Guy,1999-01-31,7.411,5080,242.714
movie:8487,movie,Wild Wild West,1999-06-30,5.316,3665,8.0418
tv:91818,tv,BOSS: Baap of Special Services,2019-08-02,4.0,2,2.7614
movie:544,movie,There's Something About Mary,1998-07-15,6.636,5470,11.6965
movie:423204,movie,Angel Has Fallen,2019-08-21,6.61,3953,10.8019
movie:457799,movie,"Extremely Wicked, Shockingly Evil and Vile",2019-05-02,6.997,3584,7.4013
movie:119450,movie,Dawn of the Planet of the Apes,2014-07-08,7.343,12442,20.9949
movie:5176,movie,3:10 to Yuma,2007-09-06,7.232,4147,10.0748
movie:36647,movie,Blade,1998-08-21,6.85,6906,15.1856
movie:2755,movie,About Schmidt,2002-12-12,6.865,1401,4.3258
tv:94144,tv,The Verdict - State Vs Nanavati,2019-09-30,5.0,7,2.4044
movie:1372,movie,Blood Diamond,2006-12-08,7.559,8493,14.6044
movie:279,movie,Amadeus,1984-09-19,8.025,4877,11.5325
tv:89247,tv,Batwoman,2019-10-06,6.822,1604,13.6979
movie:314365,movie,Spotlight,2015-11-06,7.812,8933,12.3811
movie:2649,movie,The Game,1997-09-12,7.575,7517,13.4401
movie:109424,movie,Captain Phillips,2013-10-10,7.539,7643,10.4109
tv:94392,tv,Fixerr,2019-10-07,7.7,3,2.9639
movie:59436,movie,Midnight in Paris,2011-05-11,7.51,7846,8.7897
movie:207,movie,Dead Poets Society,1989-06-02,8.296,12885,25.6234
tv:39852,tv,The Sinner,2017-08-02,7.459,1293,32.7805
movie:231,movie,Syriana,2005-11-23,6.419,1533,6.7151
movie:460668,movie,I Feel Pretty,2018-04-19,6.38,2148,5.4814
movie:310,movie,Bruce Almighty,2003-05-23,6.728,11677,14.8398
movie:45612,movie,Source Code,2011-03-30,7.313,9335,12.7334
movie:19908,movie,Zombieland,2009-10-02,7.26,13414,12.6092
movie:243,movie,High Fidelity,2000-03-17,7.13,2246,6.8764
movie:13207,movie,Friday the 13th,2009-02-11,5.769,2920,10.5188
movie:524,movie,Casino,1995-11-22,7.997,6688,13.4375
movie:9357,movie,One Hour Photo,2002-08-21,6.671,1971,6.1137
movie:10191,movie,How to Train Your Dragon,2010-03-18,7.867,14642,24.0848
movie:3536,movie,U-571,2000-04-20,6.547,1403,5.7868
movie:80274,movie,Ender's Game,2013-10-24,6.594,6376,8.941
movie:719643,movie,Black Is King,2020-07-30,7.1,141,2.4579
tv:81355,tv,When They See Us,2019-05-31,8.202,1061,8.8402
movie:4944,movie,Burn After Reading,2008-09-05,6.679,5366,8.3205
movie:11880,movie,Dog Soldiers,2002-05-10,6.723,1029,5.7838
movie:454983,movie,The Kissing Booth,2018-05-11,7.156,7504,8.7686
tv:99905,tv,It Happened in Calcutta,2020-02-29,3.0,2,1.3664
movie:8224,movie,8MM,1999-02-26,6.504,2347,8.1602
tv:101678,tv,The Raikar Case,2020-04-09,5.8,4,1.3655
movie:420809,movie,Maleficent: Mistress of Evil,2019-10-16,7.294,6588,18.9551
movie:241,movie,Natural Born Killers,1994-08-26,7.1,3888,13.1792
movie:10588,movie,The Cat in the Hat,2003-11-21,5.4,1858,12.3097
tv:110249,tv,Crackdown,2020-09-23,7.0,4,2.3553
tv:93480,tv,Mission Over Mars,2019-09-10,6.0,2,1.497
movie:11252,movie,Psycho,1998-12-04,5.126,1066,4.9743
movie:739812,movie,Atkan Chatkan,2020-09-05,4.0,4,0.902
movie:74643,movie,The Artist,2011-10-12,7.436,3591,6.1649
movie:529962,movie,The Perfection,2018-09-20,6.4,1494,3.0435
movie:1073,movie,Arlington Road,1999-03-19,7.035,1290,7.0487
movie:428449,movie,A Ghost Story,2017-04-24,7.062,2547,4.78
tv:79593,tv,Magnum P.I.,2018-09-24,7.553,347,46.8907
movie:9315,movie,Flightplan,2005-09-22,6.444,3045,8.7174
movie:1491,movie,The Illusionist,2006-08-18,7.302,5441,8.8115
movie:65,movie,8 Mile,2002-11-08,7.1,7942,10.5109
movie:598,movie,City of God,2002-08-30,8.427,8382,19.282
movie:720796,movie,Yaara,2020-07-30,5.529,17,1.1611
movie:8195,movie,Ronin,1998-09-25,6.966,2750,7.0207
movie:11849,movie,Dungeons & Dragons,2000-12-08,4.4,699,4.2228
movie:748027,movie,Comedy Couple,2020-10-21,8.8,2,0.8684
movie:9489,movie,You've Got Mail,1998-12-18,6.71,3722,11.0249
movie:491418,movie,Instant Family,2018-11-13,7.492,3291,9.2192
movie:10073,movie,Date Movie,2006-02-17,4.269,1078,4.5139
movie:76170,movie,The Wolverine,2013-07-21,6.435,10499,3.2977
movie:385103,movie,Scoob!,2020-07-08,6.981,1836,7.7432
movie:420814,movie,Christopher Robin,2018-08-01,7.295,2972,8.6365
movie:62215,movie,Melancholia,2011-03-16,7.147,3899,6.4697
movie:11322,movie,Public Enemies,2009-07-01,6.7,4937,8.4227
movie:4951,movie,10 Things I Hate About You,1999-03-30,7.597,9086,18.748
movie:9676,movie,The Black Dahlia,2006-09-15,5.626,1236,5.8484
movie:862,movie,Toy Story,1995-11-22,7.987,20412,40.1602
movie:445571,movie,Game Night,2018-02-15,6.847,6430,10.2916
movie:534075,movie,Super 30,2019-07-12,7.266,137,1.1771
movie:627,movie,Trainspotting,1996-02-23,7.961,10595,14.482
movie:214,movie,Saw III,2006-10-26,6.418,5056,9.0747
movie:582596,movie,The Wrong Missy,2020-05-13,6.123,1302,4.8382
movie:8699,movie,Anchorman: The Legend of Ron Burgundy,2004-06-28,6.702,4706,6.7689
movie:10066,movie,House of Wax,2005-05-05,6.037,3431,9.8719
movie:754,movie,Face/Off,1997-06-27,7.059,6068,12.5683
movie:863,movie,Toy Story 2,1999-10-30,7.619,15275,29.3786
movie:473,movie,Pi,1998-07-10,7.122,2564,5.4126
movie:8321,movie,In Bruges,2008-02-08,7.5,5923,10.4031
movie:278927,movie,The Jungle Book,2016-04-07,6.879,8605,13.4565
tv:1973,tv,24,2001-11-06,7.788,1862,103.0959
movie:985,movie,Eraserhead,1977-09-28,7.3,2812,8.2654
movie:11059,movie,House of the Dead,2003-04-11,3.135,432,3.6892
movie:242076,movie,The Bag Man,2014-02-28,5.314,385,3.8987
tv:1407,tv,Homeland,2011-10-02,7.592,2679,91.72
movie:361292,movie,Suspiria,2018-10-26,6.896,2816,7.3651
movie:158852,movie,Tomorrowland,2015-05-19,6.309,7479,17.2595
tv:246,tv,Avatar: The Last Airbender,2005-02-21,8.78,5064,34.3919
movie:213,movie,North by Northwest,1959-08-06,7.961,4607,10.9064
tv:103759,tv,Betaal,2020-05-24,6.5,187,2.5578
tv:100612,tv,Special Ops,2020-03-17,8.3,65,6.0
movie:585268,movie,War,2019-10-02,6.753,391,3.8519
movie:512200,movie,Jumanji: The Next Level,2019-12-04,6.87,9545,24.5816
movie:673,movie,Harry Potter and the Prisoner of Azkaban,2004-05-31,8.01,23538,33.9374
movie:565743,movie,The Vast of Night,2019-06-01,6.554,1215,3.8956
movie:414,movie,Batman Forever,1995-06-16,5.458,5701,10.6957
movie:449562,movie,The Hustle,2019-05-09,6.194,2736,9.5544
movie:4513,movie,30 Days of Night,2007-10-17,6.439,3155,9.8907
movie:337339,movie,The Fate of the Furious,2017-04-12,6.85,10947,16.0646
movie:9495,movie,The Crow,1994-05-11,7.53,4641,11.1881
movie:11906,movie,Suspiria,1977-02-01,7.465,3244,7.0267
tv:67116,tv,Lethal Weapon,2016-09-21,7.305,809,30.0706
movie:634,movie,Bridget Jones's Diary,2001-04-13,6.7,5600,11.0476
movie:83542,movie,Cloud Atlas,2012-10-26,6.895,7644,12.8427
movie:27576,movie,Salt,2010-07-21,6.417,6041,9.1455
movie:8835,movie,Legally Blonde,2001-07-13,6.815,4681,12.6228
tv:93660,tv,A Little Late with Lilly Singh,2019-09-16,3.366,41,34.1562
movie:521777,movie,Good Boys,2019-08-14,6.83,2056,6.4932
movie:792,movie,Platoon,1986-12-19,7.75,5240,12.6364
movie:6278,movie,Reign of Fire,2002-07-09,6.21,2521,8.4675
movie:11362,movie,The Count of Monte Cristo,2002-01-23,7.686,2088,13.6793
movie:10972,movie,Session 9,2001-08-10,6.145,1058,4.4946
movie:1985,movie,The Constant Gardener,2005-08-31,6.983,1759,7.4005
movie:1066700,movie,Mulk,2018-06-03,0.0,0,1.2704
movie:601,movie,E.T. the Extra-Terrestrial,1982-06-11,7.518,12201,22.085
movie:921,movie,Cinderella Man,2005-06-02,7.583,2470,7.3833
movie:4995,movie,Boogie Nights,1997-10-07,7.639,3661,10.0747
movie:452832,movie,Serenity,2019-01-24,5.467,1652,7.8329
movie:401469,movie,Widows,2018-11-06,6.476,2522,9.2631
movie:765,movie,Evil Dead II,1987-03-13,7.534,3618,11.7741
movie:8871,movie,How the Grinch Stole Christmas,2000-11-17,6.782,8409,12.6139
movie:7840,movie,"10,000 BC",2008-03-04,5.509,3239,7.6228
movie:442249,movie,The First Purge,2018-07-04,5.995,4287,10.7758
movie:360920,movie,The Grinch,2018-11-08,6.863,4504,15.6388
movie:49517,movie,Tinker Tailor Soldier Spy,2011-09-16,6.618,2985,10.813
tv:60622,tv,Fargo,2014-04-15,8.287,3384,68.4106
tv:54155,tv,Hanna,2019-03-28,7.442,905,13.7432
movie:267860,movie,London Has Fallen,2016-03-02,6.226,5193,11.3327
movie:1887,movie,Marie Antoinette,2006-05-24,6.7,3002,6.9567
movie:592984,movie,Hillbilly Elegy,2020-11-09,6.676,1043,4.7713
movie:399360,movie,Alpha,2018-08-17,6.571,2809,7.1285
movie:2044,movie,The Lake House,2006-06-16,7.033,3052,6.9094
movie:82693,movie,Silver Linings Playbook,2012-11-16,7.154,12792,15.4952
movie:96721,movie,Rush,2013-09-02,7.744,7989,11.8583
movie:53182,movie,300: Rise of an Empire,2014-03-05,6.1,7081,15.613
movie:33,movie,Unforgiven,1992-08-07,7.913,5067,12.8089
movie:77338,movie,The Intouchables,2011-11-02,8.272,18736,25.5261
movie:3176,movie,Battle Royale,2000-12-16,7.266,3920,9.91
tv:40008,tv,Hannibal,2013-04-04,8.3,3027,40.4624
movie:1904,movie,Memoirs of a Geisha,2005-12-06,7.635,3440,7.6731
movie:68,movie,Brazil,1985-02-20,7.657,3803,9.1651
movie:1907,movie,The Beach,2000-02-03,6.484,4793,9.92
movie:100,movie,"Lock, Stock and Two Smoking Barrels",1998-08-28,8.095,7340,7.0456
movie:17130,movie,Crossroads,2002-02-15,5.2,697,4.2308
tv:96608,tv,The Stranger,2020-01-30,7.164,584,9.9538
movie:504,movie,Monster,2003-12-24,7.203,2607,7.1119
movie:483202,movie,Eli,2019-10-18,6.002,1541,3.3938
movie:9286,movie,Final Destination 3,2006-02-09,6.156,4708,14.3732
movie:1911,movie,The 13th Warrior,1999-08-13,6.699,2106,9.8494
movie:605456,movie,Taish,2020-10-29,7.4,15,1.7731
movie:5955,movie,The Pledge,2001-01-19,6.576,1247,5.9447
movie:4964,movie,Knocked Up,2007-06-01,6.305,4392,8.9432
movie:9471,movie,Charlie's Angels: Full Throttle,2003-06-25,5.483,3353,9.135
tv:79696,tv,Manifest,2018-09-24,7.614,1840,37.5127
movie:339988,movie,The Circle,2017-04-27,5.521,4641,7.4985
movie:36586,movie,Blade II,2002-03-22,6.57,5363,12.933
tv:65494,tv,The Crown,2016-11-04,8.186,2402,52.6864
movie:613,movie,Downfall,2004-09-16,7.9,4418,8.0619
movie:1578,movie,Raging Bull,1980-11-14,7.898,4863,10.258
movie:768517,movie,"Sacred Cow: The Nutritional, Environmental and Ethical Case for Better Meat",2020-09-28,0.0,0,0.7591
movie:9377,movie,Ferris Bueller's Day Off,1986-06-11,7.561,5517,11.6371
movie:417384,movie,Scary Stories to Tell in the Dark,2019-08-08,6.486,2918,8.0228
movie:581600,movie,Spenser Confidential,2020-03-06,6.504,2557,7.9187
movie:10320,movie,The Ring Two,2005-03-10,5.8,2510,7.7888
movie:4614,movie,The Sum of All Fears,2002-05-31,6.373,2012,11.0542
movie:2270,movie,Stardust,2007-08-10,7.3,4549,10.7514
movie:725311,movie,Pareeksha,2020-07-26,5.767,15,0.8013
tv:60625,tv,Rick and Morty,2013-12-02,8.683,11320,175.9585
movie:334543,movie,Lion,2016-11-24,8.037,7040,8.7461
tv:1398,tv,The Sopranos,1999-01-10,8.676,3638,93.7983
movie:454,movie,Romeo + Juliet,1996-11-01,6.779,5432,9.1919
movie:1586,movie,Secret Window,2004-03-12,6.563,4009,6.473
movie:9637,movie,Scooby-Doo,2002-06-14,6.114,4867,10.3683
movie:12163,movie,The Wrestler,2008-12-17,7.545,4102,7.7484
movie:476926,movie,The Titan,2018-03-30,5.332,1358,5.9015
movie:14164,movie,Dragonball Evolution,2009-03-12,2.939,2254,6.5543
movie:56292,movie,Mission: Impossible - Ghost Protocol,2011-12-07,7.114,10946,13.0823
tv:97546,tv,Ted Lasso,2020-08-14,8.363,2593,210.7703
tv:81349,tv,Devs,2020-03-05,7.347,851,9.7196
movie:318846,movie,The Big Short,2015-12-11,7.369,10022,19.0173
movie:1850,movie,Man on the Moon,1999-12-22,7.217,2031,6.5349
movie:470,movie,21 Grams,2003-11-18,7.318,3469,8.1764
tv:92875,tv,Sanditon,2019-08-25,7.6,128,7.8083
movie:484641,movie,Anna,2019-06-19,6.721,3075,11.6299
movie:223702,movie,Sausage Party,2016-07-11,5.751,7820,11.3708
tv:90265,tv,White Lines,2020-05-15,6.528,178,5.4324
movie:259693,movie,The Conjuring 2,2016-06-08,7.294,9364,22.2477
tv:65493,tv,The Ranch,2016-04-01,7.368,292,15.4482
movie:480414,movie,The Curse of La Llorona,2019-04-17,5.643,2723,12.5113
movie:1924,movie,Superman,1978-12-14,7.166,4385,14.5678
movie:503346,movie,Occupation,2018-07-12,4.746,266,4.754
movie:8689,movie,Cannibal Holocaust,1980-02-07,6.258,1924,15.5234
movie:9902,movie,Wrong Turn,2003-05-30,6.4,3096,12.6131
movie:89,movie,Indiana Jones and the Last Crusade,1989-05-24,7.854,11276,13.3515
movie:8656,movie,Deep Impact,1998-05-08,6.239,3421,12.5081
movie:1852,movie,World Trade Center,2006-08-09,6.1,1854,4.9595
movie:8961,movie,Bad Boys II,2003-07-18,6.656,6075,12.1716
movie:6415,movie,Three Kings,1999-09-27,6.639,2359,6.6321
movie:17431,movie,Moon,2009-06-12,7.563,6452,10.1687
movie:806,movie,The Omen,2006-06-06,5.644,1233,6.422
tv:62816,tv,Quantico,2015-09-27,6.542,732,28.0565
movie:768,movie,From Hell,2001-02-08,6.688,3071,7.0921
movie:8202,movie,Æon Flux,2005-11-30,5.638,2520,9.1164
movie:41446,movie,Scream 4,2011-04-13,6.5,4280,13.7077
tv:71915,tv,Good Omens,2019-05-31,8.025,2403,18.98
movie:50014,movie,The Help,2011-08-09,8.204,9219,17.8222
movie:2251,movie,Unfaithful,2002-05-10,6.72,1785,18.9388
movie:8643,movie,The Exorcism of Emily Rose,2005-09-09,6.61,3117,11.3148
movie:26388,movie,Buried,2010-09-24,6.638,3112,6.631
movie:10065,movie,The Amityville Horror,2005-04-14,6.1,2409,9.9375
tv:90027,tv,Carnival Row,2019-08-29,7.678,1444,16.2594
movie:4248,movie,Scary Movie 2,2001-07-04,5.844,5362,16.1938
movie:9705,movie,Swordfish,2001-06-08,6.268,3032,9.7362
movie:338967,movie,Zombieland: Double Tap,2019-10-09,6.89,6400,13.9308
movie:805,movie,Rosemary's Baby,1968-06-12,7.8,4470,9.3261
movie:9341,movie,The Core,2003-03-28,5.844,2234,9.7008
movie:4771,movie,Gone Baby Gone,2007-09-18,7.304,4288,7.2506
tv:70796,tv,The Marvelous Mrs. Maisel,2017-03-16,8.064,994,29.3668
movie:10386,movie,The Iron Giant,1999-08-06,7.961,6324,11.7638
tv:79026,tv,The Protector,2018-12-14,7.203,480,11.6707
movie:595,movie,To Kill a Mockingbird,1962-12-20,8.0,2926,9.2548
movie:24021,movie,The Twilight Saga: Eclipse,2010-06-23,6.2,9366,14.5869
movie:177677,movie,Mission: Impossible - Rogue Nation,2015-07-28,7.224,9882,14.8268
movie:1735,movie,The Mummy: Tomb of the Dragon Emperor,2008-07-01,5.519,4908,11.1219
movie:167,movie,K-PAX,2001-10-26,7.211,2842,7.3249
movie:809,movie,Shrek 2,2004-05-19,7.327,13702,22.4912
tv:107324,tv,Churails,2020-08-11,7.077,13,2.1921
movie:7340,movie,Carrie,1976-11-03,7.339,4399,10.8164
movie:11281,movie,Halloween II,1981-10-30,6.591,2299,8.3838
movie:449176,movie,"Love, Simon",2018-02-16,7.963,6318,8.4113
tv:90811,tv,Avenue 5,2020-01-19,6.55,441,13.5531
movie:87,movie,Indiana Jones and the Temple of Doom,1984-05-23,7.308,10307,13.8788
movie:4688,movie,Across the Universe,2007-09-14,7.1,1474,4.8543
movie:571,movie,The Birds,1963-03-28,7.51,4555,8.8914
movie:3035,movie,Frankenstein,1931-11-21,7.464,1840,4.8074
movie:524251,movie,I See You,2019-09-11,6.979,1699,6.0315
movie:530382,movie,In the Shadow of the Moon,2019-09-27,6.186,1633,5.6595
movie:77987,movie,Only God Forgives,2013-05-30,5.813,2624,5.1383
movie:36685,movie,The Rocky Horror Picture Show,1975-08-14,7.44,3211,16.0922
movie:36648,movie,Blade: Trinity,2004-12-08,5.861,4427,12.3433
movie:9008,movie,The Insider,1999-10-28,7.462,2127,8.0906
movie:449443,movie,Den of Thieves,2018-01-18,6.872,3487,13.4943
movie:620,movie,Ghostbusters,1984-06-08,7.497,9926,15.5158
movie:68728,movie,Oz the Great and Powerful,2013-03-07,5.939,6893,12.7086
movie:1865,movie,Pirates of the Caribbean: On Stranger Tides,2011-05-15,6.573,15180,23.0456
movie:55721,movie,Bridesmaids,2011-05-13,6.509,4748,9.1123
movie:13597,movie,Labyrinth,1986-06-27,7.288,2824,11.6187
movie:157353,movie,Transcendence,2014-04-16,6.081,5916,9.7577
movie:11377,movie,House on Haunted Hill,1999-10-29,5.623,977,6.6436
movie:1262,movie,Stranger Than Fiction,2006-11-10,7.294,2605,8.3258
movie:1946,movie,eXistenZ,1999-04-14,6.791,2251,6.3047
movie:60935,movie,The Thing,2011-10-12,6.3,3312,8.9551
movie:58595,movie,Snow White and the Huntsman,2012-05-30,5.982,8332,11.0964
movie:1581,movie,The Holiday,2006-12-05,7.1,5727,10.771
tv:67384,tv,Goliath,2016-10-13,7.6,495,37.8065
movie:639771,movie,Cosmos,2019-11-08,5.927,116,3.4659
movie:10559,movie,Frequency,2000-04-28,7.269,2081,7.4843
movie:693836,movie,Khaali Peeli,2020-10-01,5.6,14,1.0199
movie:319,movie,True Romance,1993-09-09,7.54,3151,12.0416
movie:9836,movie,Happy Feet,2006-11-16,6.229,5565,11.0231
tv:83981,tv,The War of the Worlds,2019-11-17,6.623,316,6.8273
movie:200,movie,Star Trek: Insurrection,1998-12-11,6.455,1387,7.9298
movie:27579,movie,The American,2010-08-31,5.997,1549,6.2865
movie:80,movie,Before Sunset,2004-06-16,7.805,3892,6.8377
tv:60708,tv,Gotham,2014-09-22,7.598,3778,46.0748
movie:12142,movie,Alone in the Dark,2005-01-28,3.315,683,4.5654
movie:463684,movie,Velvet Buzzsaw,2019-02-01,5.377,2029,4.3107
tv:113851,tv,Naxalbari,2020-11-28,6.667,3,1.2321
movie:305470,movie,Power Rangers,2017-03-23,6.245,4705,9.9161
movie:49849,movie,Cowboys & Aliens,2011-07-29,5.7,5574,10.483
tv:18165,tv,The Vampire Diaries,2009-09-10,8.301,9727,91.2596
tv:69470,tv,Santa Clarita Diet,2017-02-03,7.429,843,12.6656
movie:3291,movie,"Good Night, and Good Luck.",2005-09-16,7.075,1134,5.4255
movie:371608,movie,The Strangers: Prey at Night,2018-03-07,5.719,1528,6.2673
movie:302946,movie,The Accountant,2016-10-13,7.138,7537,13.8051
movie:10591,movie,The Girl Next Door,2004-04-09,6.751,4152,15.6823
movie:308,movie,Broken Flowers,2005-07-31,6.936,1516,4.1567
movie:2310,movie,Beowulf,2007-11-05,5.923,3141,9.3506
tv:91275,tv,Unbelievable,2019-09-13,7.898,841,12.1778
movie:11023,movie,Thirteen,2003-08-20,6.695,1806,7.3573
movie:332567,movie,The Shallows,2016-06-24,6.356,5410,10.9244
tv:1416,tv,Grey's Anatomy,2005-03-27,8.207,11025,224.9992
tv:85552,tv,Euphoria,2019-06-16,8.277,11040,78.4137
tv:70453,tv,Sharp Objects,2018-07-08,7.763,1113,10.7261
movie:277834,movie,Moana,2016-10-13,7.566,13959,7.1694
movie:5255,movie,The Polar Express,2004-11-10,6.7,6992,11.5629
movie:9398,movie,Zoolander,2001-09-28,6.229,5053,8.5803
movie:188161,movie,A Million Ways to Die in the West,2014-05-22,6.051,4499,8.3744
movie:2898,movie,As Good as It Gets,1997-12-19,7.403,4217,9.4679
movie:398175,movie,Brawl in Cell Block 99,2017-09-23,6.955,1616,8.2378
movie:20453,movie,3 Idiots,2009-12-23,8.007,2804,10.47
tv:79680,tv,Snowpiercer,2020-05-17,7.35,1468,31.4275
movie:4553,movie,The Machinist,2004-09-24,7.521,6301,8.9281
movie:312221,movie,Creed,2015-11-25,7.408,8085,12.6759
movie:433808,movie,The Ritual,2017-10-11,6.301,3544,8.2406
movie:9946,movie,End of Days,1999-11-24,6.1,2117,8.7056
movie:186,movie,Lucky Number Slevin,2006-02-24,7.476,4589,10.0284
movie:10226,movie,High Tension,2003-06-18,6.78,1499,5.6939
movie:763,movie,Braindead,1992-08-13,7.384,1900,6.3383
movie:11891,movie,Kung Pow: Enter the Fist,2002-01-25,6.512,801,5.5591
tv:89905,tv,Normal People,2020-04-26,8.12,1375,11.505
movie:149,movie,Akira,1988-06-10,7.939,4932,15.7334
movie:300681,movie,Replicas,2018-10-25,6.031,1513,6.8432
tv:83478,tv,Daybreak,2019-10-24,6.967,486,6.8162
tv:111997,tv,Mum Bhai,2020-11-12,5.7,3,1.9896
movie:457136,movie,Mary Queen of Scots,2018-12-07,6.544,1969,8.9037
movie:1365,movie,Monster's Ball,2001-12-26,6.781,1114,5.6238
movie:508965,movie,Klaus,2019-11-08,8.219,4788,9.2166
movie:184,movie,Jackie Brown,1997-12-25,7.356,7078,10.2982
movie:381284,movie,Hidden Figures,2016-12-10,8.047,10608,16.0194
movie:501907,movie,A Beautiful Day in the Neighborhood,2019-09-07,6.958,1792,6.962
movie:9479,movie,The Nightmare Before Christmas,1993-10-09,7.834,10515,18.4815
movie:556271,movie,Kalank,2019-04-17,5.8,62,2.1993
movie:8247,movie,Jumper,2008-02-13,6.17,6383,9.4846
movie:10719,movie,Elf,2003-11-07,6.667,4649,12.0154
movie:9043,movie,The Family Stone,2005-12-15,6.287,1163,4.1514
movie:4233,movie,Scream 2,1997-12-12,6.52,4863,12.7502
movie:9654,movie,The Italian Job,2003-05-30,6.799,6151,11.4721
tv:48891,tv,Brooklyn Nine-Nine,2013-09-17,8.213,4099,63.9763
tv:19614,tv,It,1990-11-18,6.925,3367,26.2745
tv:93826,tv,October Faction,2020-01-23,6.619,290,5.4432
movie:26466,movie,Triangle,2009-10-16,6.909,3100,14.4886
movie:2055,movie,Open Range,2003-08-11,7.225,1254,5.7153
movie:9896,movie,Rat Race,2001-08-17,6.293,2030,6.9753
tv:78903,tv,Utopia,2020-09-25,7.193,489,6.5156
tv:66573,tv,The Good Place,2016-09-19,8.0,2043,25.1986
movie:43933,movie,Monsters,2010-06-18,6.19,1823,5.2953
movie:1427,movie,Perfume: The Story of a Murderer,2006-09-13,7.375,5126,11.4108
movie:400617,movie,Phantom Thread,2017-12-25,7.3,3847,7.7208
movie:454992,movie,The Spy Who Dumped Me,2018-08-02,6.368,2404,10.0852
movie:10851,movie,Revolver,2005-09-11,6.357,1597,6.6146
tv:76369,tv,FLAMES,2018-01-05,7.317,41,3.741
movie:390043,movie,The Hitman's Bodyguard,2017-08-16,6.894,6781,15.1257
movie:5548,movie,RoboCop,1987-07-17,7.364,5906,14.9391
movie:462,movie,Erin Brockovich,2000-03-17,7.428,3726,8.9338
movie:9722,movie,Bewitched,2005-06-21,5.092,1681,5.9222
movie:203801,movie,The Man from U.N.C.L.E.,2015-08-13,7.077,7002,15.5662
movie:257211,movie,The Intern,2015-09-23,7.226,7458,12.5472
movie:3933,movie,Corpse Bride,2005-09-12,7.6,10368,21.775
movie:496339,movie,Dabangg 3,2019-12-20,4.818,66,1.4144
tv:88611,tv,Poison,2019-04-19,7.3,3,3.2121
movie:656690,movie,The Social Dilemma,2020-01-26,7.458,1834,5.4065
tv:67136,tv,This Is Us,2016-09-20,8.2,1656,53.2014
tv:93784,tv,Tales from the Loop,2020-04-03,7.026,510,8.9361
tv:84977,tv,Russian Doll,2019-02-01,7.36,1048,10.9252
movie:9621,movie,Elizabethtown,2005-10-14,6.194,1217,4.0315
movie:834,movie,Underworld: Evolution,2006-01-12,6.605,4471,7.6836
movie:20504,movie,The Book of Eli,2010-01-14,6.807,6841,11.5095
tv:79732,tv,She-Ra and the Princesses of Power,2018-11-13,8.471,837,14.3646
movie:11454,movie,Manhunter,1986-08-15,7.011,1579,0.3755
movie:7512,movie,Idiocracy,2006-09-01,6.382,3752,13.0145
movie:16072,movie,Gods and Generals,2003-02-21,6.374,206,3.8222
movie:238713,movie,Spy,2015-05-06,6.83,6505,12.0169
movie:6312,movie,Brotherhood of the Wolf,2001-01-31,6.739,1784,7.2256
movie:703,movie,Annie Hall,1977-04-19,7.718,4322,6.9393
movie:10683,movie,Happiness,1998-10-11,7.44,972,3.5457
tv:90282,tv,The Morning Show,2019-11-01,7.721,934,36.2198
movie:333484,movie,The Magnificent Seven,2016-09-14,6.498,6528,18.768
movie:392,movie,Chocolat,2000-12-22,6.97,3556,7.6452
tv:225812,tv,Freaks,2018-04-13,7.0,2,1.968
movie:1824,movie,50 First Dates,2004-02-13,6.876,7878,11.329
movie:1999,movie,In the Bedroom,2001-11-23,6.931,415,3.8319
movie:65086,movie,The Woman in Black,2012-02-03,6.144,3745,8.453
movie:668,movie,On Her Majesty's Secret Service,1969-12-18,6.555,2205,7.5688
tv:71712,tv,The Good Doctor,2017-09-25,8.5,12912,101.6416
movie:49017,movie,Dracula Untold,2014-10-01,6.466,6603,8.1567
movie:9276,movie,The Faculty,1998-12-25,6.57,2341,10.8484
movie:729054,movie,Meka Suri,2020-07-31,6.0,1,0.756
movie:409,movie,The English Patient,1996-11-14,7.134,2446,9.0658
movie:1597,movie,Meet the Parents,2000-10-06,6.7,6523,9.5222
movie:9081,movie,Waking Life,2001-10-19,7.482,977,4.4636
movie:829,movie,Chinatown,1974-06-20,7.905,4367,10.5616
movie:57212,movie,War Horse,2011-12-25,7.303,3751,9.6842
movie:9767,movie,The Break-Up,2006-06-01,5.901,2888,7.925
movie:9378,movie,Thir13en Ghosts,2001-10-25,6.3,2436,9.0056
movie:2255,movie,Chasing Amy,1997-04-04,6.749,1590,5.6667
movie:24150,movie,Halloween II,2009-08-28,5.309,1566,5.328
movie:4564,movie,Sex and the City,2008-05-12,6.545,2307,9.1647
movie:8357,movie,What the #$*! Do We (K)now!?,2004-04-23,5.298,136,1.8377
movie:123553,movie,The Mortal Instruments: City of Bones,2013-08-21,6.427,4688,9.014
movie:11969,movie,Tombstone,1993-12-25,7.583,2524,11.8819
movie:387,movie,Das Boot,1981-09-17,8.078,2603,11.1304
tv:61345,tv,Z Nation,2014-09-12,7.267,983,22.1925
tv:71116,tv,Castle Rock,2018-07-25,7.237,702,17.5122
movie:4982,movie,American Gangster,2007-11-02,7.594,6179,15.0754
movie:117,movie,The Untouchables,1987-06-03,7.753,6290,13.0359
movie:198663,movie,The Maze Runner,2014-09-10,7.191,18390,29.7143
movie:9645,movie,Ghost Ship,2002-10-25,6.0,2746,9.221
movie:1548,movie,Ghost World,2001-07-20,7.1,1624,3.8018
movie:23168,movie,The Town,2010-09-15,7.225,5784,13.7301
tv:60797,tv,Scorpion,2014-09-22,8.2,4175,51.4705
movie:14869,movie,G.I. Joe: The Rise of Cobra,2009-08-03,5.784,5004,12.5251
movie:4442,movie,The Brothers Grimm,2005-08-26,5.866,3025,10.7992
tv:68315,tv,The Mist,2017-06-22,6.172,858,11.9631
movie:813,movie,Airplane!,1980-06-27,7.301,5201,14.3573
movie:218043,movie,Left Behind,2014-10-03,4.3,1427,10.2705
movie:16307,movie,The Wicker Man,1973-12-06,7.328,1702,7.7855
movie:9353,movie,Nacho Libre,2006-06-16,6.529,1909,7.6567
movie:346685,movie,The Girl on the Train,2016-10-05,6.436,6132,12.2129
movie:9340,movie,The Goonies,1985-06-07,7.514,6362,13.0401
tv:37680,tv,Suits,2011-06-23,8.222,5874,102.0712
movie:311324,movie,The Great Wall,2016-12-16,6.031,5648,12.7349
movie:76,movie,Before Sunrise,1995-01-27,8.0,4824,13.1094
movie:244,movie,King Kong,1933-04-07,7.585,1655,6.8305
movie:10147,movie,Bad Santa,2003-11-26,6.565,2440,6.7552
movie:7980,movie,The Lovely Bones,2009-12-26,7.056,5047,10.0999
movie:105864,movie,The Good Dinosaur,2015-11-14,6.748,6126,19.7502
tv:39272,tv,Once Upon a Time,2011-10-23,7.403,2531,66.2263
movie:49530,movie,In Time,2011-10-27,6.971,12367,17.4626
movie:647,movie,Final Fantasy VII: Advent Children,2005-07-14,7.16,1276,5.4548
movie:37169,movie,The Human Centipede (First Sequence),2009-10-31,5.172,2454,10.2407
movie:638,movie,Lost Highway,1997-01-15,7.549,3023,10.4148
movie:667910,movie,HIGH,2020-03-19,0.0,0,0.5496
movie:389015,movie,"I, Tonya",2017-12-07,7.466,6275,7.648
movie:109091,movie,The Counselor,2013-10-25,5.294,2026,10.5379
movie:22803,movie,Law Abiding Citizen,2009-10-15,7.398,5806,16.9736
movie:13510,movie,Eden Lake,2008-09-12,6.8,2164,7.6897
movie:15516,movie,The Last House on the Left,1972-08-30,6.027,801,4.1158
movie:9358,movie,Final Destination 2,2003-01-31,6.316,5000,13.4328
movie:10601,movie,Peter Pan,2003-12-18,7.132,2806,8.4154
movie:50456,movie,Hanna,2011-04-07,6.583,3753,6.8038
movie:2123,movie,"Me, Myself & Irene",2000-06-22,6.622,4352,9.6517
tv:87050,tv,Hollywood,2020-05-01,7.213,359,7.0377
tv:100757,tv,Outer Banks,2020-04-15,8.245,1246,313.8597
movie:107985,movie,The World's End,2013-07-18,6.809,6025,10.28
tv:73021,tv,Disenchantment,2018-08-17,7.406,1346,23.5313
movie:7364,movie,Sahara,2005-04-06,5.919,1691,7.2754
movie:412988,movie,The Happytime Murders,2018-08-22,5.815,1104,7.8152
movie:406997,movie,Wonder,2017-11-13,8.099,8373,13.5796
movie:440021,movie,Happy Death Day,2017-10-12,6.657,6667,8.9705
movie:399035,movie,The Commuter,2018-01-11,6.37,4725,8.7375
movie:193756,movie,Lone Survivor,2013-12-24,7.43,4844,12.9389
movie:407436,movie,Mowgli: Legend of the Jungle,2018-11-25,6.472,2638,10.2873
movie:10029,movie,Very Bad Things,1998-09-11,6.279,707,3.3582
movie:138,movie,Dracula,1931-02-12,7.166,1406,5.5513
tv:67195,tv,Legion,2017-02-08,7.523,1589,15.7218
movie:658,movie,Goldfinger,1964-09-20,7.36,4056,10.6084
tv:321777,tv,A Christmas Carol,2019-12-22,6.75,4,5.713
movie:10513,movie,Plan 9 from Outer Space,1957-03-15,4.207,623,2.5874
movie:627290,movie,Antebellum,2020-09-02,6.255,1011,5.5491
movie:2637,movie,The Mothman Prophecies,2002-01-25,6.22,1302,8.1595
tv:86374,tv,War of the Worlds,2019-10-28,7.242,929,11.8996
movie:19,movie,Metropolis,1927-01-10,8.086,3175,8.2529
tv:77236,tv,A Discovery of Witches,2018-09-14,7.824,891,17.8114
movie:10016,movie,Ghosts of Mars,2001-08-14,5.165,1274,6.4424
movie:168705,movie,BloodRayne,2005-10-22,4.144,639,4.1639
movie:9506,movie,Anger Management,2003-04-11,6.159,3532,8.4005
movie:10053,movie,When a Stranger Calls,2006-02-03,5.739,1163,7.0875
movie:425,movie,Ice Age,2002-03-14,7.383,14555,23.1227
movie:481848,movie,The Call of the Wild,2020-02-19,7.508,4001,11.5171
movie:296096,movie,Me Before You,2016-06-01,7.929,13505,19.1254
tv:1438,tv,The Wire,2002-06-02,8.6,2793,66.1465
tv:71809,tv,The Dark Crystal: Age of Resistance,2019-08-30,7.828,450,13.5608
movie:13460,movie,Doomsday,2008-03-14,5.936,1438,9.0997
movie:10802,movie,Showgirls,1995-09-22,5.564,1425,10.1679
movie:363676,movie,Sully,2016-09-07,7.205,7830,12.4024
movie:1781,movie,An Inconvenient Truth,2006-05-24,6.9,996,4.5774
movie:117251,movie,White House Down,2013-06-27,6.464,5194,10.1229
movie:156022,movie,The Equalizer,2014-09-24,7.292,10144,23.5683
movie:205584,movie,Gods of Egypt,2016-02-25,5.696,4424,10.3003
tv:108459,tv,Bebaakee,2020-08-30,10.0,3,2.7503
movie:87827,movie,Life of Pi,2012-11-20,7.414,13951,14.5371
movie:455980,movie,Tag,2018-05-30,6.709,3525,8.2315
movie:9543,movie,Prince of Persia: The Sands of Time,2010-05-19,6.311,7301,11.1544
movie:791,movie,The Fog,2005-10-14,4.646,863,5.2571
movie:258489,movie,The Legend of Tarzan,2016-06-29,5.924,6604,14.8315
movie:850,movie,A Christmas Story,1983-11-18,7.2,1455,4.118
movie:38575,movie,The Karate Kid,2010-06-10,6.567,6685,14.4662
movie:744,movie,Top Gun,1986-05-16,7.071,9830,20.7187
movie:9562,movie,Timeline,2003-11-26,5.717,1202,7.4577
movie:446354,movie,The Post,2017-12-22,7.005,4994,7.7993
movie:44115,movie,127 Hours,2010-11-12,7.09,8238,11.3939
movie:397243,movie,The Autopsy of Jane Doe,2016-12-21,6.843,4855,12.9457
movie:445651,movie,The Darkest Minds,2018-07-25,7.025,2968,7.0559
movie:1813,movie,The Devil's Advocate,1997-10-17,7.48,6985,18.638
movie:290250,movie,The Nice Guys,2016-05-15,7.132,8854,14.408
movie:296098,movie,Bridge of Spies,2015-10-15,7.244,7387,14.9151
movie:131634,movie,The Hunger Games: Mockingjay - Part 2,2015-11-18,6.899,13526,12.7534
movie:15121,movie,The Sound of Music,1965-03-29,7.728,3703,15.3278
movie:37724,movie,Skyfall,2012-10-24,7.265,16342,16.3461
movie:394117,movie,The Florida Project,2017-10-06,7.429,3164,8.9071
movie:1125,movie,Dreamgirls,2006-12-25,6.714,1107,6.1744
movie:11093,movie,House of Sand and Fog,2003-12-19,7.143,870,4.7964
tv:84647,tv,The Society,2019-05-10,7.439,636,8.0403
movie:14337,movie,Primer,2004-10-08,6.746,2515,6.6334
movie:10999,movie,Commando,1985-10-03,6.709,3222,11.2223
tv:85021,tv,Gangs of London,2020-04-23,7.817,698,18.6357
movie:177572,movie,Big Hero 6,2014-10-24,7.726,16859,33.0549
movie:98566,movie,Teenage Mutant Ninja Turtles,2014-08-07,5.932,7296,19.1272
movie:9539,movie,Martyrs,2008-06-12,7.3,3109,9.7893
movie:76726,movie,Chronicle,2012-02-01,6.866,5891,10.3123
movie:40805,movie,The Green Hornet,2011-01-12,5.594,3543,7.6876
tv:85853,tv,Perry Mason,2020-06-21,7.208,389,23.9903
movie:9802,movie,The Rock,1996-06-07,7.155,5330,15.7884
movie:1428,movie,Once Upon a Time in Mexico,2003-09-11,6.305,2459,9.1537
movie:224141,movie,Into the Woods,2014-12-24,5.758,4461,7.4223
movie:542224,movie,Gretel & Hansel,2020-01-30,6.025,1601,5.67
movie:4148,movie,Revolutionary Road,2008-12-19,6.985,4182,7.0125
movie:17578,movie,The Adventures of Tintin,2011-10-24,6.929,5939,15.9201
movie:39254,movie,Real Steel,2011-09-28,7.138,9483,28.6667
movie:334533,movie,Captain Fantastic,2016-07-08,7.889,6932,8.4859
movie:925,movie,Do the Right Thing,1989-06-14,7.772,2060,6.5695
movie:635503,movie,Lootcase,2020-07-31,6.434,68,1.7149
movie:26914,movie,Troll 2,1990-10-12,3.903,481,2.5604
tv:1400,tv,Seinfeld,1989-07-05,8.255,2426,80.4374
movie:9571,movie,Dazed and Confused,1993-09-24,7.31,2331,6.0012
movie:540901,movie,Hustlers,2019-09-12,6.464,3126,7.3181
tv:2190,tv,South Park,1997-08-13,8.337,5115,88.8048
movie:257344,movie,Pixels,2015-07-16,5.786,8170,17.0183
movie:820,movie,JFK,1991-12-20,7.591,2473,7.6259
tv:61888,tv,The Last Man on Earth,2015-03-01,6.916,997,18.0335
movie:50619,movie,The Twilight Saga: Breaking Dawn - Part 1,2011-11-16,6.2,9390,14.0821
movie:4108,movie,The Transporter,2002-10-02,6.729,5962,13.7007
movie:8271,movie,Disturbia,2007-03-27,6.692,4191,9.4408
tv:1424,tv,Orange Is the New Black,2013-07-11,7.65,2880,55.6965
movie:4512,movie,The Assassination of Jesse James by the Coward Robert Ford,2007-09-20,7.064,2848,9.05
movie:51876,movie,Limitless,2011-03-17,7.202,11668,13.6496
movie:9451,movie,Election,1999-04-23,6.867,1229,4.3653
movie:8859,movie,"Dude, Where's My Car?",2000-12-15,5.54,2137,8.0533
movie:11474,movie,The Warriors,1979-02-01,7.682,2446,6.9453
movie:4464,movie,Seabiscuit,2003-07-22,7.055,956,4.0344
movie:581,movie,Dances with Wolves,1990-11-09,7.842,4796,14.5761
tv:66292,tv,Big Little Lies,2017-02-19,7.9,1726,13.69
movie:406990,movie,What Happened to Monday,2017-08-18,7.143,6540,11.8815
movie:201085,movie,Crimson Peak,2015-10-13,6.661,5329,8.8902
movie:9718,movie,Talladega Nights: The Ballad of Ricky Bobby,2006-08-04,6.366,1965,7.5122
movie:2295,movie,Clerks II,2006-07-21,6.899,1533,5.1699
movie:7978,movie,The Wolfman,2010-02-10,5.899,2235,7.9168
tv:1705,tv,Fringe,2008-09-09,8.135,2887,60.2209
movie:491625,movie,Gully Boy,2019-02-14,7.3,221,1.4172
movie:9320,movie,The Avengers,1998-08-13,4.441,804,5.1879
movie:3114,movie,The Searchers,1956-05-16,7.68,1618,7.3633
movie:9563,movie,Any Given Sunday,1999-12-22,6.821,1862,6.6154
movie:1830,movie,Lord of War,2005-09-16,7.347,5492,11.8411
movie:1429,movie,25th Hour,2002-12-19,7.313,2630,7.2085
movie:160588,movie,Blue Jasmine,2013-08-01,6.978,3709,5.3379
tv:45140,tv,Teen Titans Go!,2013-04-23,6.434,722,116.446
movie:21208,movie,Orphan,2009-07-24,6.991,5744,10.3042
movie:88,movie,Dirty Dancing,1987-08-21,7.3,6628,14.4307
tv:74577,tv,The End of the F***ing World,2017-10-24,8.023,3656,13.1091
movie:11371,movie,The Score,2001-07-13,6.7,1926,8.0453
movie:11096,movie,Hide and Seek,2005-01-27,6.348,1772,6.8142
movie:11216,movie,Cinema Paradiso,1988-11-17,8.43,4949,17.5004
movie:150689,movie,Cinderella,2015-03-06,6.824,7492,19.1285
movie:38050,movie,The Adjustment Bureau,2011-03-03,6.788,5044,12.3835
movie:212778,movie,Chef,2014-05-08,7.112,3735,9.4452
movie:339846,movie,Baywatch,2017-05-25,6.08,8606,12.8815
movie:294963,movie,Bone Tomahawk,2015-10-23,6.889,2611,8.5819
movie:505423,movie,Wounds,2019-01-26,4.031,872,2.3189
tv:79240,tv,Swamp Thing,2019-05-31,7.414,1080,10.3746
movie:424121,movie,Apostle,2018-09-21,6.141,1627,6.0108
movie:8467,movie,Dumb and Dumber,1994-12-16,6.661,6877,14.9678
movie:71,movie,Billy Elliot,2000-09-28,7.6,4152,5.7623
movie:11531,movie,Book of Shadows: Blair Witch 2,2000-10-27,4.349,949,4.4476
movie:1092,movie,The Third Man,1949-08-31,7.889,2163,7.4328
movie:611356,movie,Gulabo Sitabo,2020-06-12,5.974,57,0.8996
movie:2454,movie,The Chronicles of Narnia: Prince Caspian,2008-05-15,6.635,6893,9.9995
movie:12100,movie,Windtalkers,2002-06-07,6.356,1460,6.0587
tv:76331,tv,Succession,2018-06-03,8.301,1741,45.9575
movie:474104,movie,Demon House,2019-12-01,5.3,40,0.9657
movie:137106,movie,The Lego Movie,2014-02-06,7.433,8666,17.3721
movie:37710,movie,The Tourist,2010-12-08,6.185,5833,9.9649
movie:384680,movie,Hostiles,2017-12-22,7.0,2568,8.7577
movie:8408,movie,Day of the Dead,1985-07-03,7.017,1432,4.9432
tv:66786,tv,Timeless,2016-10-03,7.241,814,22.2065
movie:7459,movie,Speed Racer,2008-05-07,6.4,1842,10.3753
movie:6972,movie,Australia,2008-11-18,6.594,2485,5.7611
movie:4141,movie,Shoot 'Em Up,2007-07-26,6.507,2164,8.1868
movie:646,movie,Dr. No,1962-10-07,7.0,4140,12.2841
movie:10145,movie,The Forgotten,2004-09-24,5.94,1280,5.375
movie:84892,movie,The Perks of Being a Wallflower,2012-09-20,7.805,11399,12.658
tv:87784,tv,Defending Jacob,2020-04-24,8.232,1606,11.9791
movie:1368,movie,First Blood,1982-10-22,7.515,7045,18.2523
movie:460019,movie,Truth or Dare,2018-04-12,5.934,4258,7.6617
tv:49010,tv,The Fall,2013-05-12,7.676,996,13.1919
tv:46331,tv,Under the Dome,2013-06-24,7.127,3936,29.9434
tv:100698,tv,Tiger King,2020-03-20,6.886,599,6.8327
tv:61056,tv,How to Get Away with Murder,2014-09-25,7.816,1806,70.4856
movie:594669,movie,Baaghi 3,2020-03-06,6.3,126,2.0466
movie:1677,movie,Ray,2004-10-29,7.452,2277,7.4805
movie:379149,movie,The Foreigner,2017-09-28,6.981,3003,9.0864
movie:82507,movie,Sinister,2012-10-04,6.872,6180,15.459
movie:12096,movie,The Pink Panther,2006-02-10,5.9,2186,9.8601
movie:483189,movie,Veere Di Wedding,2018-06-01,4.702,42,1.2624
tv:71365,tv,Battlestar Galactica,2003-12-08,8.205,1002,11.1631
movie:10950,movie,I Am Sam,2001-12-28,7.563,2560,9.6727
movie:372343,movie,The Snowman,2017-08-24,5.21,2411,7.8321
movie:376570,movie,Hush,2016-03-12,6.727,4930,5.8935
movie:270487,movie,"Hail, Caesar!",2016-02-05,5.943,4066,8.5308
movie:2253,movie,Valkyrie,2008-12-25,6.96,4181,11.0782
movie:152,movie,Star Trek: The Motion Picture,1979-12-07,6.48,1986,8.9387
tv:64122,tv,The Shannara Chronicles,2016-01-05,6.954,1050,12.7396
movie:3175,movie,Barry Lyndon,1975-12-16,8.0,3261,8.4538
movie:509585,movie,7500,2019-12-26,6.155,955,3.0862
movie:710,movie,GoldenEye,1995-11-16,6.905,4449,12.1462
movie:455,movie,Bend It Like Beckham,2002-04-11,6.3,2067,4.8702
movie:338766,movie,Hell or High Water,2016-08-11,7.305,4967,11.2052
movie:556984,movie,The Trial of the Chicago 7,2020-09-25,7.655,3427,6.9462
movie:552385,movie,Hanum & Rangga: Faith & The City,2018-11-08,1.7,3,0.8351
movie:294254,movie,Maze Runner: The Scorch Trials,2015-09-09,6.732,11203,13.5057
movie:385938,movie,Oculus,2013-01-18,6.556,9,2.0617
movie:861,movie,Total Recall,1990-06-01,7.328,6638,13.8517
movie:37094,movie,Falling Down,1993-02-26,7.4,4210,9.8146
tv:13916,tv,Death Note,2006-10-04,8.62,5104,40.7837
tv:90260,tv,I Am Not Okay with This,2020-02-26,7.997,2003,5.6732
movie:546121,movie,Run,2020-11-20,7.208,2959,7.5311
movie:954,movie,Mission: Impossible,1996-05-22,7.027,10188,16.5879
movie:7516,movie,Smokin' Aces,2006-12-09,6.477,1876,8.0499
movie:10778,movie,The Man Who Wasn't There,2001-10-26,7.504,1802,7.4565
movie:426543,movie,The Nutcracker and the Four Realms,2018-10-26,6.081,2264,6.967
movie:454227,movie,Outlaw King,2018-09-06,6.831,1727,5.8334
movie:20766,movie,The Road,2009-11-25,7.021,4388,11.1945
movie:522,movie,Ed Wood,1994-09-28,7.48,2569,5.3217
movie:9824,movie,Mystery Men,1999-08-06,5.865,941,5.4658
movie:453201,movie,The 15:17 to Paris,2018-02-07,5.41,1725,5.3729
movie:724989,movie,Hard Kill,2020-09-04,4.948,669,4.4457
movie:679045,movie,Shakuntala Devi,2020-07-31,6.549,41,1.117
movie:68734,movie,Argo,2012-10-11,7.286,9133,11.9849
movie:65057,movie,The Descendants,2011-09-09,6.832,3135,5.6952
movie:7461,movie,Vantage Point,2008-02-01,6.411,2240,6.7981
movie:45317,movie,The Fighter,2010-12-10,7.379,4812,8.5071
movie:9665,movie,Glory,1989-12-15,7.488,1851,8.3908
tv:1409,tv,Sons of Anarchy,2008-09-03,8.4,3364,66.2824
movie:75,movie,Mars Attacks!,1996-12-13,6.431,6005,9.7054
tv:79525,tv,The Last Dance,2020-04-19,8.273,1514,7.8281
tv:78606,tv,Kehne Ko Humsafar Hain,2018-03-16,3.333,3,3.6647
movie:2293,movie,Mallrats,1995-10-20,6.758,1427,4.8166
movie:500682,movie,The Highwaymen,2019-03-15,6.773,2275,5.619
movie:8007,movie,Behind Enemy Lines,2001-11-30,6.445,1693,7.9625
movie:622855,movie,Jingle Jangle: A Christmas Journey,2020-11-06,6.543,580,3.5163
movie:206487,movie,Predestination,2014-08-28,7.416,7271,10.115
tv:54344,tv,The Leftovers,2014-06-29,7.675,1274,27.6727
tv:80335,tv,Homecoming,2018-11-01,6.966,358,10.6273
movie:133805,movie,Carrie,2013-10-16,6.058,4801,9.5145
movie:127380,movie,Finding Dory,2016-06-16,7.044,12807,13.681
tv:64439,tv,Making a Murderer,2015-12-18,7.842,589,3.5957
movie:9361,movie,The Last of the Mohicans,1992-08-26,7.383,3517,13.9488
movie:68730,movie,Silence,2016-12-23,7.119,3385,8.0531
movie:9502,movie,Kung Fu Panda,2008-06-04,7.335,12920,23.7198
movie:463257,movie,The Peanut Butter Falcon,2019-08-09,7.391,1653,7.359
movie:771,movie,Home Alone,1990-11-16,7.469,12756,1.6535
movie:398,movie,Capote,2005-09-30,6.975,1687,5.2557
movie:9615,movie,The Fast and the Furious: Tokyo Drift,2006-06-03,6.556,7809,3.6848
movie:404,movie,The Straight Story,1999-10-15,7.738,1854,5.9559
movie:399174,movie,Isle of Dogs,2018-03-23,7.845,5527,11.1575
movie:49051,movie,The Hobbit: An Unexpected Journey,2012-12-12,7.381,19972,23.6402
movie:581361,movie,Badla,2019-03-08,7.254,177,2.0556
movie:580,movie,Jaws: The Revenge,1987-07-17,4.094,1204,6.259
movie:82695,movie,Les Misérables,2012-12-18,7.297,5660,13.1331
movie:13562,movie,My Man Godfrey,1936-09-02,7.59,404,2.7956
movie:9798,movie,Enemy of the State,1998-11-20,7.078,4392,9.4327
movie:9334,movie,The Scorpion King,2002-04-18,5.585,3440,9.2095
movie:505379,movie,Rebecca,2020-10-16,6.29,1190,3.4366
movie:1593,movie,Night at the Museum,2006-12-20,6.6,11152,15.7075
tv:4604,tv,Smallville,2001-10-16,8.192,4569,139.5157
movie:9397,movie,Evolution,2001-06-08,6.114,2564,10.2314
movie:1637,movie,Speed,1994-06-09,7.158,7007,14.4565
movie:246403,movie,Tusk,2014-09-19,5.54,1697,8.1979
movie:415842,movie,American Assassin,2017-07-14,6.412,3307,10.9789
movie:225574,movie,Non-Stop,2014-02-26,6.81,5844,8.175
movie:913,movie,The Thomas Crown Affair,1999-08-06,6.76,1414,9.5332
movie:9945,movie,Vampires,1998-10-30,6.313,1396,6.1583
movie:10223,movie,A Simple Plan,1998-12-11,7.207,1121,4.5777
movie:136795,movie,The Heat,2013-06-27,6.594,4244,12.3332
movie:10637,movie,Remember the Titans,2000-09-29,7.661,3035,12.359
movie:403119,movie,47 Meters Down,2017-05-25,5.807,2896,7.7154
movie:502416,movie,Ma,2019-05-29,5.814,2486,7.452
movie:693,movie,Meet the Fockers,2004-12-22,6.253,5271,9.0045
movie:301365,movie,The Neon Demon,2016-06-08,6.492,4004,7.4473
movie:463821,movie,The House with a Clock in Its Walls,2018-09-15,6.253,2352,8.1044
movie:2756,movie,The Abyss,1989-08-09,7.355,3559,12.532
movie:41402,movie,Let Me In,2010-10-01,6.8,2252,6.2943
movie:1247,movie,The Good Shepherd,2006-12-11,6.357,1337,7.9471
movie:454619,movie,Overboard,2018-04-13,6.659,1524,6.4632
movie:3112,movie,The Night of the Hunter,1955-07-26,7.86,1888,6.9865
movie:1948,movie,Crank,2006-08-31,6.669,4330,12.8579
movie:9877,movie,Urban Legend,1998-09-25,5.735,1505,5.7887
movie:17609,movie,Antichrist,2009-05-20,6.615,2896,9.3298
movie:11357,movie,Halloween 4: The Return of Michael Myers,1988-10-21,6.175,2094,7.0082
movie:840,movie,Close Encounters of the Third Kind,1977-12-14,7.359,4812,10.5754
movie:525661,movie,Bombshell,2019-12-13,6.766,3259,7.4021
movie:3597,movie,I Know What You Did Last Summer,1997-10-17,5.998,3357,9.0236
movie:336843,movie,Maze Runner: The Death Cure,2018-01-10,7.079,8543,16.0084
tv:89471,tv,Bekaaboo,2019-05-15,5.4,5,5.7674
movie:735919,movie,AK vs AK,2020-12-24,6.746,65,1.3293
movie:62213,movie,Dark Shadows,2012-05-09,6.105,7702,11.4249
movie:87818,movie,Movie 43,2013-01-24,4.661,2559,8.7713
movie:13805,movie,Disaster Movie,2008-08-29,3.191,1157,4.1142
movie:226,movie,Boys Don't Cry,1999-09-02,7.411,1500,4.9591
movie:4133,movie,Blow,2001-04-04,7.355,4673,7.8638
movie:446807,movie,The Girl in the Spider's Web,2018-10-25,6.164,1553,8.0324
movie:489925,movie,Eighth Grade,2018-01-19,7.143,1703,4.4474
movie:2770,movie,American Pie 2,2001-08-10,6.267,5423,9.9538
movie:11615,movie,The Life of David Gale,2003-02-21,7.433,2242,7.3065
movie:7278,movie,Meet the Spartans,2008-01-24,4.089,1884,7.5685
tv:93811,tv,Into the Night,2020-05-01,7.128,600,7.3872
tv:91557,tv,Ragnarok,2020-01-31,7.75,1143,10.7155
movie:164,movie,Breakfast at Tiffany's,1961-10-06,7.6,4552,11.7256
tv:67070,tv,Fleabag,2016-07-21,8.3,1920,14.0997
tv:39297,tv,Last Man Standing,2011-10-11,7.224,366,34.6375
movie:283366,movie,Miss Peregrine's Home for Peculiar Children,2016-09-28,6.84,10596,12.6097
movie:816,movie,Austin Powers: International Man of Mystery,1997-05-02,6.599,3892,9.7271
movie:51540,movie,Horrible Bosses,2011-07-08,6.573,6924,9.3355
movie:512196,movie,Happy Death Day 2U,2019-02-13,6.317,3718,9.4769
movie:2252,movie,Eastern Promises,2007-09-14,7.347,3812,7.2991
tv:83685,tv,Penny Dreadful: City of Angels,2020-04-26,6.78,371,10.4117
tv:314,tv,Star Trek: Enterprise,2001-09-26,7.513,971,40.6795
movie:328425,movie,The Gift,2015-07-31,6.703,3567,7.1023
movie:35791,movie,Resident Evil: Afterlife,2010-09-01,6.059,4315,0.7458
movie:664,movie,Twister,1996-05-10,6.572,3964,12.1755
movie:152760,movie,The Monuments Men,2014-01-24,6.061,3875,8.4113
movie:9430,movie,Go,1999-04-09,6.962,848,4.3113
movie:9899,movie,The Producers,2005-12-25,6.16,529,3.951
tv:89393,tv,9-1-1: Lone Star,2020-01-19,8.044,1236,30.1004
tv:61222,tv,BoJack Horseman,2014-08-22,8.533,2946,45.6752
movie:9772,movie,Air Force One,1997-07-25,6.463,3394,9.7779
movie:8392,movie,My Neighbor Totoro,1988-04-16,8.067,9012,18.9023
movie:11665,movie,Get Smart,2008-06-19,6.216,3980,9.6377
movie:613504,movie,After We Collided,2020-09-02,7.15,5495,12.2861
movie:3600,movie,I Still Know What You Did Last Summer,1998-11-13,5.364,1780,7.2518
movie:11812,movie,The Sweetest Thing,2002-04-12,5.616,1206,5.7617
movie:724717,movie,The 2nd,2020-12-14,5.193,140,2.2944
movie:9725,movie,Friday the 13th Part 2,1981-05-01,6.193,1962,8.4214
movie:8046,movie,Gigli,2003-08-01,4.001,507,3.1858
movie:4518,movie,Elizabeth,1998-09-13,7.162,1524,5.5369
tv:100883,tv,Never Have I Ever,2020-04-27,8.0,1932,24.7595
movie:321697,movie,Steve Jobs,2015-10-09,6.774,4434,5.7855
movie:975,movie,Paths of Glory,1957-10-25,8.251,3350,6.4262
movie:47964,movie,A Good Day to Die Hard,2013-02-06,5.327,6844,9.8433
movie:9890,movie,The Stepford Wives,2004-06-10,5.679,1458,5.862
movie:513045,movie,Stuber,2019-07-11,6.596,1443,5.3467
movie:9372,movie,Super Size Me,2004-01-17,6.715,1814,3.0604
movie:396422,movie,Annabelle: Creation,2017-08-03,6.605,6063,13.5475
movie:2359,movie,Sicko,2007-05-18,7.352,799,3.1201
movie:10661,movie,You Don't Mess with the Zohan,2008-06-05,5.717,4154,9.5622
tv:79501,tv,Doom Patrol,2019-02-15,7.483,1480,22.8771
movie:714338,movie,Bulbbul,2020-06-24,6.582,177,2.1936
movie:3580,movie,Changeling,2008-10-24,7.572,4581,8.1557
movie:953,movie,Madagascar,2005-05-25,6.928,11943,20.4192
tv:85948,tv,Star Trek: Lower Decks,2020-08-06,7.622,471,33.2013
movie:621,movie,Grease,1978-06-16,7.365,7780,14.3192
movie:9550,movie,House of Flying Daggers,2004-07-16,7.27,1831,8.4472
movie:1715,movie,The Cider House Rules,1999-12-17,7.09,1320,9.6824
tv:1457,tv,Pride and Prejudice,1995-09-24,8.2,562,13.11
tv:1981,tv,Charmed,1998-10-07,8.2,2567,84.7774
movie:380,movie,Rain Man,1988-12-12,7.751,7267,10.3344
movie:10189,movie,Pineapple Express,2008-08-06,6.64,4300,7.2525
tv:34307,tv,Shameless,2011-01-09,8.168,3460,159.7554
movie:9544,movie,FearDotCom,2002-08-09,3.804,419,4.2222
movie:9344,movie,Kids,1995-07-21,6.881,1341,7.441
movie:245,movie,About a Boy,2002-04-26,6.7,2453,5.5478
movie:18681,movie,Eye of the Beholder,1999-11-24,4.96,176,4.2664
movie:466282,movie,To All the Boys I've Loved Before,2018-08-17,7.59,8763,7.7883
movie:8055,movie,The Reader,2008-12-10,7.461,3457,10.688
movie:424781,movie,Sorry to Bother You,2018-07-06,6.775,1818,8.4261
movie:9481,movie,The Bone Collector,1999-11-04,6.793,3969,8.8608
movie:9889,movie,Shallow Hal,2001-11-01,6.181,3235,9.7972
movie:9009,movie,Dark Water,2005-07-08,5.664,1137,5.2052
movie:9567,movie,Tears of the Sun,2003-03-07,6.896,2690,10.9901
movie:667585,movie,Chhalaang,2020-11-13,6.159,41,1.1964
movie:467938,movie,Revenge,2017-11-18,6.516,2155,8.0668
movie:9388,movie,Thank You for Smoking,2005-09-09,7.199,2465,5.8512
movie:463272,movie,Johnny English Strikes Again,2018-08-30,6.286,2827,10.5403
tv:91016,tv,Bard of Blood,2019-09-27,7.139,36,2.8644
movie:277685,movie,Unfriended,2014-06-18,5.553,3581,4.9025
movie:45243,movie,The Hangover Part II,2011-05-25,6.51,11480,18.6784
tv:80707,tv,GHOUL,2018-08-24,6.8,233,3.8427
movie:381289,movie,A Dog's Purpose,2017-01-19,7.64,3581,7.0198
movie:16938,movie,Black Christmas,1974-10-11,6.97,968,4.2814
movie:173897,movie,Resident Evil: The Final Chapter,2016-12-23,6.1,3567,0.5699
tv:78183,tv,Nightflyers,2018-12-02,5.742,217,7.7499
movie:492611,movie,The Turning,2020-01-23,5.712,1045,4.4899
tv:70513,tv,Salvation,2017-07-12,6.569,445,9.3653
movie:299687,movie,The 5th Wave,2016-01-14,5.939,6125,12.3357
movie:828,movie,The Day the Earth Stood Still,1951-09-18,7.456,1279,5.9812
movie:18925,movie,Facing the Giants,2006-09-29,7.561,503,3.4839
movie:475,movie,Bonnie and Clyde,1967-08-13,7.5,1836,6.8069
movie:9922,movie,The Postman,1997-12-25,6.263,1225,7.4904
movie:611213,movie,The Prom,2020-12-02,6.085,721,4.3386
movie:556678,movie,Emma.,2020-02-13,7.003,1995,7.9116
movie:325348,movie,Hardcore Henry,2015-09-12,6.421,2746,6.4323
movie:37958,movie,Immortals,2011-11-10,6.052,2880,10.4627
movie:2976,movie,Hairspray,2007-07-19,6.667,2667,6.2314
movie:60308,movie,Moneyball,2011-09-23,7.299,5941,9.7584
movie:165,movie,Back to the Future Part II,1989-11-22,7.785,14194,15.5157
movie:11072,movie,Blazing Saddles,1974-02-07,7.2,2140,8.9095
tv:91977,tv,Motherland: Fort Salem,2020-03-18,7.915,551,12.184
movie:4523,movie,Enchanted,2007-11-20,6.849,5799,12.819
movie:584,movie,2 Fast 2 Furious,2003-06-05,6.52,8319,2.4366
movie:25237,movie,Come and See,1985-10-17,8.195,1931,11.3543
movie:271718,movie,Trainwreck,2015-07-17,5.777,2756,8.3003
movie:6964,movie,Something's Gotta Give,2003-12-12,6.623,1813,9.0497
movie:657,movie,From Russia with Love,1963-10-10,7.1,3443,11.3894
movie:13448,movie,Angels & Demons,2009-04-20,6.725,7460,13.593
movie:13051,movie,Max Payne,2008-10-15,5.418,2316,5.8347
movie:15196,movie,Clue,1985-12-13,7.201,2028,20.5041
movie:179,movie,The Interpreter,2005-04-08,6.316,1629,6.5882
movie:252,movie,Willy Wonka & the Chocolate Factory,1971-06-29,7.484,4043,10.232
movie:1809,movie,The Rules of Attraction,2002-10-11,6.163,630,5.2429
movie:1547,movie,The Lost Boys,1987-07-31,7.1,2370,8.2418
movie:4476,movie,Legends of the Fall,1994-12-23,7.4,2925,11.7478
tv:1404,tv,Chuck,2007-09-24,7.7,1240,32.3613
movie:10312,movie,Patch Adams,1998-12-25,7.31,3498,7.2951
tv:1432,tv,Veronica Mars,2004-09-22,7.8,728,43.2528
movie:243688,movie,Poltergeist,2015-05-20,5.2,2429,7.4799
movie:11529,movie,Sweet Home Alabama,2002-09-26,6.42,1763,6.172
movie:642,movie,Butch Cassidy and the Sundance Kid,1969-09-23,7.6,2529,8.3562
movie:44896,movie,Rango,2011-03-02,6.915,7275,14.8419
movie:1165,movie,The Queen,2006-09-15,6.9,1457,4.6396
movie:624,movie,Easy Rider,1969-06-26,7.047,2214,5.8363
movie:11013,movie,Secretary,2002-09-20,6.8,1992,12.4611
movie:2312,movie,In the Name of the King: A Dungeon Siege Tale,2007-11-29,4.776,953,6.1485
movie:9913,movie,The Skeleton Key,2005-07-29,6.624,2365,7.7654
movie:152532,movie,Dallas Buyers Club,2013-11-01,7.907,9225,10.6858
movie:879,movie,Hook,1991-04-10,6.844,5842,13.2981
movie:1880,movie,Red Dawn,1984-08-10,6.289,912,6.648
movie:51497,movie,Fast Five,2011-04-20,7.243,9029,1.7951
movie:5516,movie,The Ladykillers,2004-03-25,6.118,1790,6.5351
movie:13812,movie,Quarantine,2008-10-10,5.764,1430,4.9874
movie:449563,movie,Isn't It Romantic,2019-02-13,6.2,3621,4.9199
movie:4257,movie,Scary Movie 4,2006-04-12,5.495,3713,11.616
movie:7304,movie,Running Scared,2006-01-06,6.995,1192,6.2798
tv:108681,tv,JL50,2020-09-04,6.692,26,2.3712
movie:11397,movie,Not Another Teen Movie,2001-12-07,5.822,2356,10.4229
movie:8470,movie,John Q,2002-02-15,7.145,2702,9.8789
movie:12138,movie,3000 Miles to Graceland,2001-02-23,5.881,724,6.1799
movie:207932,movie,Inferno,2016-10-13,6.101,6749,11.2819
tv:62643,tv,DC's Legends of Tomorrow,2016-01-21,7.248,2508,44.8113
movie:11152,movie,The Ruins,2008-04-02,5.947,1481,4.8109
movie:3558,movie,"Girl, Interrupted",1999-12-21,7.557,4257,8.9524
movie:9947,movie,Elektra,2005-01-13,5.045,2734,8.1168
movie:440471,movie,Escape Plan 2: Hades,2018-06-05,5.153,1598,10.0425
movie:501,movie,Grizzly Man,2005-08-12,7.534,982,3.796
movie:58574,movie,Sherlock Holmes: A Game of Shadows,2011-11-22,7.146,11101,9.0553
movie:37834,movie,Knight and Day,2010-06-15,6.237,5010,10.5196
movie:441717,movie,96,2018-10-04,7.625,156,1.6042
movie:239,movie,Some Like It Hot,1959-03-19,8.078,3971,8.8044
movie:9778,movie,Serendipity,2001-10-05,6.966,2189,7.3057
tv:1414,tv,The Shield,2002-03-12,8.2,892,61.8461
movie:18415,movie,Gummo,1997-10-17,6.592,733,3.0201
movie:9475,movie,Scent of a Woman,1992-12-23,7.792,4047,12.2654
movie:609,movie,Poltergeist,1982-06-04,7.16,3419,8.3655
movie:11772,movie,The Haunting,1963-03-28,7.1,733,4.1083
movie:2112,movie,Payback,1999-02-05,6.83,2065,8.1351
movie:360814,movie,Dangal,2016-12-21,7.876,1206,5.9532
movie:3085,movie,His Girl Friday,1940-01-18,7.4,966,4.2014
movie:72710,movie,The Host,2013-03-22,6.293,4118,6.3873
movie:44363,movie,Frozen,2010-02-05,6.002,2044,4.8661
movie:10314,movie,She's All That,1999-01-29,6.341,2306,6.0919
movie:371638,movie,The Disaster Artist,2017-03-12,7.095,3823,8.2743
movie:1955,movie,The Elephant Man,1980-10-09,8.052,4025,8.9264
movie:1620,movie,Hitman,2007-11-21,6.169,3743,8.3683
movie:11635,movie,Old School,2003-02-21,6.619,2178,10.4612
movie:654028,movie,The Christmas Chronicles: Part Two,2020-11-18,6.502,1186,3.82
movie:44977,movie,Dhoom 3,2013-12-19,5.991,326,2.7198
movie:1725,movie,West Side Story,1961-12-13,7.225,2082,6.4908
movie:8488,movie,Hitch,2005-02-11,6.583,6341,9.4036
movie:5175,movie,Rush Hour 2,2001-08-03,6.774,4734,13.2951
tv:71715,tv,Good Girls,2018-02-26,7.823,707,25.7635
tv:45094,tv,The Following,2013-01-21,6.897,610,33.5779
movie:525,movie,The Blues Brothers,1980-06-16,7.715,4642,9.4845
movie:23631,movie,Machete,2010-09-01,6.333,3637,8.3975
movie:43593,movie,Piranha 3D,2010-08-20,5.422,2444,7.7567
movie:11601,movie,Stir of Echoes,1999-09-10,6.699,1389,5.9636
movie:606856,movie,Togo,2019-12-20,8.139,2348,5.5442
movie:9825,movie,Lake Placid,1999-07-15,5.937,1286,7.2059
movie:4566,movie,Michael Clayton,2007-09-28,6.792,2041,6.0739
movie:8968,movie,Boogeyman,2005-02-04,4.936,811,4.219
movie:590223,movie,Love and Monsters,2020-10-16,7.264,4560,7.8176
movie:11439,movie,The Ghost Writer,2010-02-12,6.818,2503,10.8718
movie:10020,movie,Beauty and the Beast,1991-10-22,7.725,10843,24.9279
tv:86848,tv,Evil,2019-09-26,7.831,1068,41.5354
tv:107694,tv,The Gone Game,2020-08-20,7.0,7,2.2413
movie:10307,movie,Stigmata,1999-09-02,6.294,1278,5.8116
movie:11804,movie,White Noise,2005-01-07,5.605,896,4.7367
movie:522212,movie,Just Mercy,2019-12-25,7.844,2539,7.7056
movie:429422,movie,Capone,2020-06-26,5.046,458,4.9121
movie:138832,movie,We're the Millers,2013-08-07,6.839,9617,14.269
movie:398173,movie,The House That Jack Built,2018-10-04,7.106,3132,10.1264
movie:1691,movie,Hostel: Part II,2007-06-07,5.851,2264,7.2693
movie:617,movie,Wild Things,1998-03-20,6.379,2036,10.2459
movie:343611,movie,Jack Reacher: Never Go Back,2016-10-19,6.031,5447,18.3499
tv:72925,tv,Stargate Origins,2018-02-14,5.142,176,10.3536
movie:10528,movie,Sherlock Holmes,2009-12-23,7.2,14974,11.3433
movie:587792,movie,Palm Springs,2020-07-10,7.338,3831,8.4262
movie:36955,movie,True Lies,1994-07-15,7.102,4698,12.3192
movie:23169,movie,Remember Me,2010-03-11,7.096,3781,5.6133
movie:9731,movie,Friday the 13th: A New Beginning,1985-03-22,5.257,1333,4.7607
movie:4935,movie,Howl's Moving Castle,2004-09-09,8.386,11347,28.9785
movie:1701,movie,Con Air,1997-06-05,6.784,4829,15.1399
movie:49049,movie,Dredd,2012-09-07,6.861,5676,12.1822
movie:136797,movie,Need for Speed,2014-03-12,6.448,4796,11.0422
movie:9837,movie,The Prince of Egypt,1998-12-16,7.3,4402,15.0183
movie:3981,movie,What Women Want,2000-12-15,6.453,4501,10.4608
movie:480105,movie,47 Meters Down: Uncaged,2019-08-15,5.717,1557,7.1352
movie:292011,movie,Richard Jewell,2019-12-13,7.415,2785,6.6063
movie:559969,movie,El Camino: A Breaking Bad Movie,2019-10-11,7.05,5791,9.5774
movie:13359,movie,Expelled: No Intelligence Allowed,2008-04-18,3.879,70,1.18
movie:611748,movie,Housefull 4,2019-10-25,5.543,105,1.7455
movie:10987,movie,Halloween: The Curse of Michael Myers,1995-09-29,5.154,1264,6.5535
movie:10669,movie,Deliverance,1972-08-18,7.31,1857,6.0614
movie:665,movie,Ben-Hur,1959-11-18,7.893,3233,12.3473
tv:74159,tv,The First,2018-09-14,5.966,102,4.9995
movie:8999,movie,Derailed,2005-11-11,6.386,1172,6.069
movie:27581,movie,The Other Guys,2010-08-06,6.335,4666,11.5586
movie:615177,movie,Coffee & Kareem,2020-04-03,5.439,445,3.1844
movie:9707,movie,Bubba Ho-tep,2002-06-09,6.48,718,4.0616
movie:9470,movie,Kung Fu Hustle,2004-02-10,7.512,3300,15.2875
movie:2277,movie,Bicentennial Man,1999-12-17,7.271,4013,8.1129
movie:496320,movie,Race 3,2018-06-15,3.572,90,1.4242
movie:642568,movie,Kanpuriye,2019-10-25,4.0,1,0.8995
movie:995,movie,Stagecoach,1939-03-02,7.598,1259,4.9778
movie:5123,movie,August Rush,2007-10-18,7.419,2874,6.7075
movie:594673,movie,The Tashkent Files,2019-04-12,7.333,57,1.3686
movie:72976,movie,Lincoln,2012-11-09,6.843,4122,7.5962
movie:8489,movie,Ali,2001-12-10,6.743,1907,5.1046
movie:9387,movie,Conan the Barbarian,1982-03-16,6.801,2889,12.2997
movie:9035,movie,Slither,2006-03-31,6.545,1785,6.4382
movie:11544,movie,Lilo & Stitch,2002-06-21,7.6,7209,13.8016
movie:59859,movie,Kick-Ass 2,2013-07-17,6.405,6692,9.9999
movie:3683,movie,Flags of Our Fathers,2006-10-19,6.854,2065,6.0905
movie:9003,movie,Hellraiser,1987-09-11,6.884,2955,8.5159
movie:10774,movie,Network,1976-11-27,7.795,2086,7.007
movie:2291,movie,Jacob's Ladder,1990-11-02,7.357,1964,6.9847
movie:10048,movie,Stealth,2005-07-27,5.458,1201,7.0106
movie:963,movie,The Maltese Falcon,1941-10-18,7.705,1918,5.3905
movie:651070,movie,A Fall from Grace,2020-01-17,6.984,995,5.2211
movie:81694,movie,Suing The Devil,2011-08-26,4.0,46,2.5032
movie:277216,movie,Straight Outta Compton,2015-08-11,7.77,4271,10.8246
movie:532868,movie,Death of a Nation,2018-08-03,4.218,55,1.1357
tv:89498,tv,Deputy,2020-01-02,6.871,93,11.7146
movie:8649,movie,Bringing Out the Dead,1999-10-22,6.599,1267,7.8517
movie:9504,movie,Glengarry Glen Ross,1992-09-10,7.327,1639,7.1566
tv:46639,tv,American Gods,2017-04-30,7.083,1825,23.029
movie:280217,movie,The Lego Movie 2: The Second Part,2019-02-06,6.644,2497,11.3904
movie:7450,movie,Titan A.E.,2000-06-16,6.629,1224,7.0404
movie:466550,movie,Drive,2019-11-01,5.0,63,1.8538
movie:8337,movie,They Live,1988-11-04,7.306,3596,9.4123
movie:814,movie,An American Werewolf in London,1981-08-21,7.39,2772,9.9651
movie:996,movie,Double Indemnity,1944-07-06,8.088,2082,4.947
movie:347031,movie,Swiss Army Man,2016-06-24,6.912,3890,5.9658
movie:4970,movie,Gothika,2003-11-21,6.156,2604,6.3028
movie:1493,movie,Miss Congeniality,2000-12-22,6.528,4306,9.2249
movie:505225,movie,The Last Thing He Wanted,2020-02-14,4.871,547,5.9797
movie:46529,movie,I Am Number Four,2011-02-18,6.206,5103,8.8408
movie:790,movie,The Fog,1980-02-01,6.737,1797,6.4397
movie:31011,movie,Mr. Nobody,2009-11-06,7.786,6332,9.4781
movie:86829,movie,Inside Llewyn Davis,2013-10-18,7.184,2988,7.1146
movie:3432,movie,Mr. Brooks,2007-05-31,6.922,1934,6.0666
movie:7443,movie,Chicken Run,2000-06-23,6.852,5502,12.2771
movie:594082,movie,Mosul,2019-05-14,7.0,134,1.2397
movie:250546,movie,Annabelle,2014-10-01,5.788,6630,9.9399
movie:256274,movie,"As Above, So Below",2014-08-14,6.75,3950,10.3039
movie:563309,movie,Bigil,2019-10-17,6.306,80,1.7607
movie:10712,movie,Far from Heaven,2002-11-08,7.054,687,3.4381
movie:152747,movie,All Is Lost,2013-08-23,6.645,1793,6.2226
movie:6282,movie,Coyote Ugly,2000-07-30,6.259,2315,8.415
movie:396371,movie,Molly's Game,2017-12-07,7.156,4093,8.7587
tv:4589,tv,Arrested Development,2003-11-02,7.913,1725,55.489
tv:63351,tv,Narcos,2015-08-28,8.078,3413,36.6688
movie:34544,movie,The A-Team,2010-06-09,6.419,5094,10.19
movie:147441,movie,Exodus: Gods and Kings,2014-12-03,5.884,4925,18.9322
movie:489929,movie,Destination Wedding,2018-08-02,5.78,846,4.6792
movie:48138,movie,Unknown,2011-02-16,6.691,4259,9.4163
movie:1588,movie,Bring It On,2000-08-25,6.29,1903,9.3304
movie:615665,movie,Holidate,2020-10-27,6.97,2392,4.9633
movie:871,movie,Planet of the Apes,1968-02-07,7.657,4085,11.7036
movie:6978,movie,Big Trouble in Little China,1986-05-30,7.21,3469,10.1891
movie:1580,movie,Rope,1948-02-01,7.931,3072,6.1345
movie:345911,movie,Lights Out,2016-07-21,6.377,4206,8.9266
movie:70435,movie,Haywire,2011-11-01,5.706,1516,5.8643
movie:345920,movie,Collateral Beauty,2016-12-15,7.214,5597,6.6953
movie:2157,movie,Lost in Space,1998-04-03,5.448,1361,7.2985
movie:73861,movie,A Serbian Film,2010-01-06,5.452,2254,21.1091
tv:67133,tv,MacGyver,2016-09-23,7.301,980,34.5996
movie:8066,movie,Stay,2005-09-24,6.641,1571,6.6088
movie:241848,movie,The Guest,2014-09-05,6.62,2195,8.016
movie:18480,movie,Brüno,2009-07-08,5.634,1962,4.7172
movie:462919,movie,Sierra Burgess Is a Loser,2018-09-07,6.282,3475,2.8278
movie:9425,movie,Soldier,1998-10-23,6.403,986,6.2592
movie:1700,movie,Misery,1990-11-30,7.755,5363,9.8304
movie:1535,movie,Spy Game,2001-11-18,6.919,2422,7.9674
movie:14836,movie,Coraline,2009-02-05,7.933,9344,40.1057
movie:5038,movie,Vicky Cristina Barcelona,2008-08-15,6.798,4099,8.0239
movie:9730,movie,Friday the 13th: The Final Chapter,1984-04-13,6.126,1549,5.6083
movie:47971,movie,xXx: Return of Xander Cage,2017-01-13,6.129,9309,23.4912
movie:532671,movie,The Prodigy,2019-02-06,6.156,1095,4.3273
movie:1930,movie,The Amazing Spider-Man,2012-06-23,6.8,18996,51.9881
movie:881,movie,A Few Good Men,1992-12-11,7.555,4283,10.1364
tv:71181,tv,Troy: Fall of a City,2018-02-17,5.786,154,10.6499
movie:440762,movie,Jay and Silent Bob Reboot,2019-10-15,5.7,620,5.5389
movie:9728,movie,Friday the 13th Part III,1982-08-13,5.874,1644,6.5898
movie:154,movie,Star Trek II: The Wrath of Khan,1982-06-04,7.447,2187,6.8683
movie:470229,movie,Summer of 84,2018-08-10,6.911,1507,4.4813
movie:11678,movie,Vertical Limit,2000-12-08,6.017,1197,5.5422
tv:75219,tv,9-1-1,2018-01-03,8.223,2841,97.3764
movie:38757,movie,Tangled,2010-11-24,7.617,12641,27.358
movie:37430,movie,Conan the Barbarian,2011-08-17,5.314,2054,11.5845
movie:44040,movie,Devil,2010-09-16,6.101,3170,7.1658
movie:11527,movie,Excalibur,1981-04-10,6.958,1184,7.4514
movie:10047,movie,The Messenger: The Story of Joan of Arc,1999-10-27,6.432,1636,6.8614
movie:266856,movie,The Theory of Everything,2014-11-07,7.825,11236,10.1088
movie:10984,movie,Valentine,2001-02-02,5.563,619,4.1464
movie:496328,movie,Sanju,2018-06-28,7.2,222,1.787
movie:75780,movie,Jack Reacher,2012-12-20,6.676,7813,18.4048
movie:42188,movie,Never Let Me Go,2010-03-18,6.85,2525,5.7805
movie:22824,movie,The Fourth Kind,2009-11-05,6.382,1948,9.6049
movie:6521,movie,The Contender,2000-10-13,6.705,273,3.8855
movie:9919,movie,How to Lose a Guy in 10 Days,2003-02-07,6.867,4567,16.0633
tv:60802,tv,The Last Ship,2014-06-22,6.878,1073,73.5328
movie:1265,movie,Bridge to Terabithia,2007-02-15,7.349,5430,16.231
movie:7737,movie,Resident Evil: Extinction,2007-09-20,6.302,4694,3.6807
movie:76649,movie,Pompeii,2014-02-18,5.546,3441,7.9846
movie:138103,movie,The Expendables 3,2014-08-07,6.201,5434,14.6986
movie:14462,movie,The Manchurian Candidate,2004-07-30,6.489,1788,7.7432
movie:13466,movie,October Sky,1999-02-19,7.673,1481,5.4809
movie:9923,movie,Domino,2005-10-14,5.902,1307,5.3019
tv:2691,tv,Two and a Half Men,2003-09-22,7.453,3757,99.8598
tv:68507,tv,His Dark Materials,2019-11-03,7.806,1944,23.8955
tv:4087,tv,The X-Files,1993-09-10,8.372,3685,89.4424
movie:568,movie,Apollo 13,1995-06-30,7.463,6063,12.3289
movie:843,movie,In the Mood for Love,2000-09-29,8.1,3350,13.7159
movie:11329,movie,Runaway Jury,2003-10-17,6.942,1593,7.5844
movie:9759,movie,Cellular,2004-09-06,6.4,2150,6.5615
tv:72792,tv,Safe,2018-05-10,6.883,403,7.6498
movie:1374,movie,Rocky IV,1985-11-21,7.095,4930,10.9709
tv:62858,tv,Colony,2016-01-14,6.865,672,18.9449
movie:11253,movie,Hellboy II: The Golden Army,2008-07-11,6.77,5716,10.5392
movie:71676,movie,Ghost Rider: Spirit of Vengeance,2011-12-10,5.023,4170,12.5479
movie:14359,movie,Doubt,2008-12-12,7.208,1970,5.2955
movie:9963,movie,Premonition,2007-02-08,6.279,1715,6.0668
movie:9894,movie,The Cable Guy,1996-06-10,6.0,2739,6.5765
movie:3116,movie,Midnight Cowboy,1969-05-25,7.533,1662,5.9632
movie:429351,movie,12 Strong,2018-01-18,6.373,3246,9.6916
movie:1391,movie,Y Tu Mamá También,2001-06-08,7.432,1811,10.8936
movie:109443,movie,Anchorman 2: The Legend Continues,2013-12-18,6.145,2880,7.3618
movie:41436,movie,Paranormal Activity 2,2010-10-20,5.804,2687,6.8455
movie:248670,movie,Nightbeasts,2010-09-24,4.3,6,1.3099
movie:614560,movie,Mank,2020-11-13,6.666,1834,6.0163
movie:22881,movie,The Blind Side,2009-11-20,7.664,6949,12.9669
tv:62710,tv,Blindspot,2015-09-21,7.375,2573,28.9148
movie:97630,movie,Zero Dark Thirty,2012-12-19,6.991,4985,10.5351
movie:445,movie,Caché,2005-10-05,7.016,1295,4.5515
movie:10398,movie,Double Jeopardy,1999-09-24,6.633,1536,8.4737
movie:13567,movie,Sleepaway Camp,1983-11-18,6.291,814,4.1186
movie:11353,movie,Bowfinger,1999-08-12,6.186,968,4.8924
movie:10096,movie,13 Going on 30,2004-04-13,6.8,5640,11.4215
movie:9659,movie,Mad Max,1979-04-12,6.682,5076,11.3875
movie:507076,movie,Climax,2018-09-19,7.038,2378,6.6411
tv:62425,tv,Dark Matter,2015-06-12,6.8,882,19.6942
tv:1411,tv,Person of Interest,2011-09-22,8.099,2131,96.509
movie:39514,movie,RED,2010-10-13,6.705,7265,12.4312
movie:5236,movie,Kiss Kiss Bang Bang,2005-09-14,7.158,3088,7.4926
tv:1855,tv,Star Trek: Voyager,1995-01-16,7.789,1139,62.0959
tv:85201,tv,Rangbaaz,2018-12-22,0.0,0,4.4566
movie:496348,movie,Ghoomketu,2020-05-22,5.909,11,0.9795
tv:34967,tv,Falling Skies,2011-06-19,7.121,1372,31.1508
movie:76025,movie,Shame,2011-10-02,6.9,3487,11.4275
movie:38303,movie,You Again,2010-09-23,6.271,1322,6.1121
movie:71688,movie,The Iron Lady,2011-12-26,6.4,1917,4.1138
movie:55,movie,Amores Perros,2000-06-16,7.648,2988,9.1038
movie:520901,movie,Doom: Annihilation,2019-09-30,4.958,489,4.5986
tv:64432,tv,The Magicians,2015-12-16,7.599,1716,29.2353
movie:714,movie,Tomorrow Never Dies,1997-12-11,6.385,3528,11.2917
movie:810,movie,Shrek the Third,2007-05-17,6.313,9952,19.7181
movie:321258,movie,The Boy,2016-01-22,5.974,4008,7.8618
tv:104913,tv,Aarya,2020-06-19,7.3,30,4.61
tv:387,tv,SpongeBob SquarePants,1999-05-01,7.713,3257,20.908
movie:10740,movie,Birth,2004-10-29,6.061,780,5.5995
movie:2085,movie,Romeo Must Die,2000-03-22,6.291,1392,6.0041
movie:10727,movie,Darkness Falls,2003-01-24,5.625,671,3.884
movie:602211,movie,Fatman,2020-10-19,5.575,977,4.6877
movie:737157,movie,Kiss the Ground,2020-09-22,7.655,84,2.1034
tv:79460,tv,Legacies,2018-10-25,8.416,3048,26.2371
movie:169,movie,Predator 2,1990-11-21,6.307,3957,11.6963
movie:50357,movie,Apollo 18,2011-07-20,5.309,1122,4.6694
movie:592,movie,The Conversation,1974-04-12,7.501,2091,6.8785
movie:247,movie,The Killing,1956-06-06,7.647,1757,5.1105
movie:429471,movie,Captive State,2019-03-15,5.656,1294,5.1574
movie:11355,movie,Never Been Kissed,1999-04-09,6.16,1613,5.179
movie:9620,movie,Paycheck,2003-12-25,6.221,2095,7.4304
movie:486131,movie,Shaft,2019-06-14,6.526,1908,5.7758
movie:535292,movie,21 Bridges,2019-10-24,6.773,2207,9.5566
tv:1639,tv,Heroes,2006-09-25,7.449,2648,67.3149
movie:9804,movie,Waterworld,1995-07-28,6.238,4187,12.9585
movie:583083,movie,The Kissing Booth 2,2020-07-24,7.599,5166,6.861
movie:8009,movie,Highlander,1986-03-07,6.867,2997,12.2404
movie:491622,movie,Manikarnika: The Queen of Jhansi,2019-01-25,6.5,56,1.5424
tv:79744,tv,The Rookie,2018-10-16,8.5,3488,238.7246
movie:60747,movie,Red Dawn,2012-03-15,5.726,1773,6.0741
movie:9487,movie,A Bug's Life,1998-11-25,6.983,9874,17.2403
tv:113367,tv,The Wilds,2020-12-11,7.595,503,8.2578
movie:705,movie,All About Eve,1950-11-09,8.076,1747,5.9506
movie:916,movie,Bullitt,1968-10-17,7.143,1322,6.6578
movie:9954,movie,The Covenant,2006-09-07,5.593,1128,6.9944
movie:11086,movie,The Majestic,2001-12-21,6.754,864,5.349
movie:9870,movie,Forgetting Sarah Marshall,2008-04-17,6.506,3770,9.7445
movie:44048,movie,Unstoppable,2010-11-04,6.624,3991,8.2859
movie:20352,movie,Despicable Me,2010-07-08,7.26,16315,25.333
movie:288,movie,High Noon,1952-06-09,7.7,1619,7.6689
movie:339095,movie,The Last Days of American Crime,2020-06-05,6.448,863,3.7392
movie:611594,movie,Mission Mangal,2019-08-15,6.667,84,1.4837
movie:64686,movie,47 Ronin,2013-12-06,6.211,4226,9.4788
movie:8870,movie,Red Planet,2000-11-10,5.728,1204,6.4954
movie:1879,movie,Guess Who's Coming to Dinner,1967-12-11,7.578,930,4.1027
movie:38365,movie,Grown Ups,2010-06-24,6.433,6840,22.9895
movie:4256,movie,Scary Movie 3,2003-10-24,5.978,4627,14.1928
movie:22825,movie,The Box,2009-10-29,5.639,1934,6.4721
tv:86752,tv,Wu Assassins,2019-08-08,6.717,233,7.2919
movie:416477,movie,The Big Sick,2017-03-30,7.322,2681,4.9483
movie:394741,movie,Stan & Ollie,2018-12-28,6.9,1151,3.8759
movie:10285,movie,Jason Goes to Hell: The Final Friday,1993-08-13,4.59,1133,6.7687
movie:411728,movie,The Professor and the Madman,2019-03-07,7.116,1305,4.4306
movie:3034,movie,Young Frankenstein,1974-12-15,7.9,3467,7.7954
movie:38167,movie,Eat Pray Love,2010-08-12,6.2,2674,7.0487
movie:641790,movie,Trauma Center,2019-12-06,5.424,409,3.6258
movie:50646,movie,"Crazy, Stupid, Love.",2011-07-29,7.278,9462,12.9178
movie:7913,movie,Rang De Basanti,2006-01-26,7.081,522,2.5084
movie:393457,movie,Fences,2016-12-16,6.9,2846,5.3864
movie:445629,movie,Fighting with My Family,2019-02-14,6.837,1914,8.5173
movie:589615,movie,Raat Akeli Hai,2020-07-31,6.828,99,1.5115
tv:100708,tv,State of Siege: 26/11,2020-03-20,5.5,4,1.7941
tv:81166,tv,Yeh Meri Family,2018-07-12,7.857,49,2.8452
movie:446696,movie,Life Itself,2018-09-21,7.169,644,5.2033
movie:513576,movie,Always Be My Maybe,2019-05-31,6.64,1428,3.8946
movie:579583,movie,The King of Staten Island,2020-07-22,6.975,1164,7.7311
movie:2043,movie,Along Came a Spider,2001-04-06,6.342,2102,7.3741
movie:9541,movie,Jersey Girl,2004-03-25,6.191,1175,4.641
movie:682110,movie,My Octopus Teacher,2020-09-04,7.892,1074,4.363
movie:513083,movie,Wine Country,2019-05-08,5.498,548,3.1184
movie:293768,movie,Kidnap,2017-08-03,6.25,1368,5.0367
movie:87421,movie,Riddick,2013-09-02,6.345,4503,9.3867
movie:1537,movie,Changing Lanes,2002-04-07,6.283,1250,6.6766
movie:40807,movie,50/50,2011-09-30,7.191,4214,6.3219
movie:437557,movie,Blockers,2018-03-14,6.305,2168,7.4047
movie:8292,movie,Four Brothers,2005-08-11,6.81,2462,7.8005
movie:623491,movie,The Babysitter: Killer Queen,2020-09-10,6.308,1892,6.0794
movie:7350,movie,The Bucket List,2007-12-25,7.186,4190,7.9446
movie:5723,movie,Once,2007-03-23,7.421,1495,4.1045
movie:551808,movie,Black Christmas,2019-12-11,4.5,615,4.4566
movie:137094,movie,Jack Ryan: Shadow Recruit,2014-01-15,6.122,3164,10.4695
movie:211672,movie,Minions,2015-06-17,6.422,11263,15.1744
movie:10944,movie,In the Cut,2003-10-22,5.127,471,3.9198
tv:98575,tv,Never Kiss Your Best Friend,2020-01-20,6.4,5,2.4185
movie:6145,movie,Fracture,2007-04-19,7.258,4424,9.5805
tv:4586,tv,Gilmore Girls,2000-10-05,7.9,1287,82.3288
tv:18347,tv,Community,2009-09-17,8.0,2144,42.9457
movie:2539,movie,Spanglish,2004-12-17,6.053,1415,4.6063
tv:93287,tv,The Flight Attendant,2020-11-26,7.068,647,11.7966
movie:132363,movie,The Butler,2013-08-16,7.315,3067,5.4743
movie:1573,movie,Die Hard 2,1990-07-03,6.969,6545,13.0035
movie:39939,movie,Super Troopers,2001-02-15,6.543,1265,5.9748
movie:10781,movie,The Texas Chainsaw Massacre: The Beginning,2006-10-05,6.168,2012,7.6939
movie:291805,movie,Now You See Me 2,2016-06-02,6.824,11758,17.3101
movie:521862,movie,Active Measures,2018-08-31,7.3,35,0.7913
movie:11031,movie,This Is Spinal Tap,1984-03-02,7.398,1679,6.0787
movie:296099,movie,Vacation,2015-07-28,6.299,4057,8.5858
movie:10866,movie,Joy Ride,2001-10-05,6.546,1405,6.6583
movie:709,movie,Licence to Kill,1989-06-13,6.439,2223,8.9602
movie:11003,movie,The Wedding Singer,1998-02-13,6.777,1972,5.7045
tv:46786,tv,Bates Motel,2013-03-18,8.1,1806,30.2154
movie:402897,movie,The Death of Stalin,2017-10-20,7.011,2201,10.1309
movie:432527,movie,Padmaavat,2018-01-25,6.917,319,2.7354
movie:307081,movie,Southpaw,2015-07-22,7.363,5909,12.9998
movie:618,movie,The Birth of a Nation,1915-03-08,5.933,610,3.7879
movie:2323,movie,Field of Dreams,1989-04-21,7.123,1732,6.5393
movie:640746,movie,Chhappad Phaad Ke,2019-10-18,7.8,3,1.0313
movie:13785,movie,Best in Show,2000-09-29,6.885,694,4.2599
movie:12211,movie,Highlander: Endgame,2000-09-01,4.798,472,4.5518
movie:44603,movie,Hereafter,2010-10-22,6.145,1847,5.2467
tv:433,tv,Terminator: The Sarah Connor Chronicles,2008-01-13,7.477,1024,25.9016
movie:13025,movie,Diary of the Dead,2007-05-26,5.537,916,4.1672
movie:11835,movie,Death Sentence,2007-08-31,6.798,1296,5.5282
movie:552178,movie,Dark Waters,2019-11-22,7.525,2596,9.1784
movie:11056,movie,Darkness,2002-10-11,5.653,438,2.8411
movie:9426,movie,The Fly,1986-08-15,7.444,5099,13.7836
movie:39513,movie,Paul,2011-02-14,6.746,6433,10.0858
movie:9335,movie,Transporter 2,2005-08-03,6.332,4057,10.2538
movie:794,movie,The Omen,1976-06-25,7.402,2479,10.2674
movie:7270,movie,Matchstick Men,2003-09-12,7.006,2039,5.2248
movie:8367,movie,Robin Hood: Prince of Thieves,1991-06-14,6.852,3669,13.0941
movie:5925,movie,The Great Escape,1963-07-03,7.9,2915,9.3131
movie:258480,movie,Carol,2015-11-20,7.485,4016,7.6867
movie:2023,movie,Hidalgo,2004-02-04,6.917,1382,5.57
tv:67557,tv,The Grand Tour,2016-11-17,8.027,882,24.2243
tv:70384,tv,Tin Star,2017-09-07,6.611,162,11.6686
movie:10279,movie,Summer of Sam,1999-06-28,6.5,547,3.193
movie:9871,movie,Ginger Snaps,2000-12-11,6.9,1026,4.1792
movie:34584,movie,The NeverEnding Story,1984-04-06,7.225,4475,12.9935
movie:599975,movie,Countdown,2019-10-24,6.208,2358,9.9211
movie:830,movie,Forbidden Planet,1956-03-23,7.259,1091,5.7644
tv:47665,tv,Black Sails,2014-01-25,7.63,1507,26.0832
tv:69158,tv,The Good Fight,2017-02-19,7.554,352,34.4675
movie:140823,movie,Saving Mr. Banks,2013-11-29,7.334,3546,6.0529
movie:984,movie,Dirty Harry,1971-12-23,7.455,2817,8.4336
movie:158011,movie,The Call,2013-03-14,6.788,3119,7.3921
movie:9517,movie,Bully,2001-06-15,6.672,566,3.7228
movie:28178,movie,Hachi: A Dog's Tale,2009-06-08,8.005,7291,13.2584
movie:402,movie,Basic Instinct,1992-03-20,6.946,4496,15.9028
movie:13007,movie,Religulous,2008-10-01,7.031,667,2.1145
movie:64685,movie,Extremely Loud & Incredibly Close,2011-12-25,6.992,2173,5.9816
movie:227,movie,The Outsiders,1983-03-25,7.171,1596,9.7296
movie:406761,movie,Hotel Artemis,2018-06-07,6.073,1709,6.1165
movie:3309,movie,Mildred Pierce,1945-10-20,7.616,463,4.2226
tv:81049,tv,The ABC Murders,2018-12-26,6.468,172,6.1294
movie:531499,movie,The Tax Collector,2020-08-07,5.739,564,6.7875
movie:10585,movie,Child's Play,1988-11-09,6.765,3450,12.7294
movie:11081,movie,Taking Lives,2004-03-19,6.367,1799,6.7561
movie:13027,movie,Eagle Eye,2008-09-25,6.497,3201,10.6129
movie:2046,movie,The Gift,2000-12-22,6.488,1433,7.8303
tv:1104,tv,Mad Men,2007-07-19,8.13,1572,71.732
movie:1857,movie,The Transformers: The Movie,1986-08-08,7.1,618,6.7512
movie:10577,movie,Dracula 2000,2000-12-22,5.246,765,5.3807
movie:351211,movie,Blair Witch,2016-09-15,5.247,2082,5.8742
movie:10072,movie,A Nightmare on Elm Street 3: Dream Warriors,1987-02-27,6.716,2097,4.0465
movie:665135,movie,Elephant,2020-03-14,7.692,104,2.32
movie:9312,movie,Mortal Kombat,1995-08-18,5.913,2640,9.4162
movie:60243,movie,A Separation,2011-02-15,7.905,2003,5.5601
movie:345938,movie,The Shack,2017-03-02,7.514,2284,9.0215
movie:4816,movie,Ghost Dog: The Way of the Samurai,1999-10-06,7.352,1450,6.1159
movie:6073,movie,The Mexican,2001-03-01,5.952,1649,4.6629
movie:10674,movie,Mulan,1998-06-18,7.903,10630,21.4668
tv:65820,tv,Van Helsing,2016-09-23,7.047,945,23.1511
movie:9390,movie,Jerry Maguire,1996-12-13,7.002,3842,10.1275
movie:521,movie,Dial M for Murder,1954-05-29,8.002,2926,7.2013
movie:260514,movie,Cars 3,2017-06-15,6.864,6541,26.6241
tv:86382,tv,The Stand,2020-12-17,6.795,748,11.1917
movie:71859,movie,We Need to Talk About Kevin,2011-09-28,7.534,3176,7.7379
movie:551332,movie,The Two Popes,2019-11-27,7.476,3205,5.387
movie:22947,movie,Up in the Air,2009-12-04,6.899,4109,7.4743
movie:9257,movie,S.W.A.T.,2003-08-08,6.162,2772,8.9319
movie:9342,movie,The Mask of Zorro,1998-07-16,6.6,4416,11.8123
movie:29740,movie,I Am a Fugitive from a Chain Gang,1932-11-09,7.78,234,2.061
movie:470044,movie,The Hate U Give,2018-10-19,8.069,2245,6.0371
movie:10283,movie,Friday the 13th Part VIII: Jason Takes Manhattan,1989-07-28,4.936,1243,5.7967
movie:290512,movie,The Mountain Between Us,2017-10-05,6.646,2574,8.8414
tv:80748,tv,FBI,2018-09-25,7.923,942,113.6834
movie:9535,movie,Analyze This,1999-03-05,6.513,2186,6.9143
movie:2109,movie,Rush Hour,1998-09-18,7.082,5854,18.2194
movie:11457,movie,Life as a House,2001-10-25,7.107,461,3.6389
movie:293863,movie,The Age of Adaline,2015-04-16,7.466,7171,10.4986
movie:10110,movie,Empire of the Sun,1987-12-09,7.509,2188,7.1415
movie:9464,movie,Buffalo '66,1998-01-20,7.1,1074,5.1419
movie:261023,movie,Black Mass,2015-09-17,6.525,3658,9.6671
movie:46705,movie,Blue Valentine,2010-12-26,6.971,3593,5.7428
movie:11351,movie,Jeepers Creepers 2,2003-08-08,6.193,1864,9.839
movie:453755,movie,Arctic,2018-11-21,6.525,1419,5.115
movie:11467,movie,America's Sweethearts,2001-07-17,5.719,908,4.5851
movie:1738,movie,Next,2007-04-25,6.136,3363,8.3171
movie:707,movie,A View to a Kill,1985-05-24,6.255,2256,9.6177
movie:39013,movie,Winter's Bone,2010-06-11,6.777,2047,5.2752
movie:49013,movie,Cars 2,2011-06-11,6.189,8645,26.0075
movie:12133,movie,Step Brothers,2008-07-25,6.56,3478,7.9024
movie:795,movie,City of Angels,1998-04-10,6.824,2423,9.3384
movie:387426,movie,Okja,2017-06-28,7.325,4614,6.7709
movie:535437,movie,Swiped,2018-11-06,4.43,715,2.3694
movie:5994,movie,The Family Man,2000-12-12,6.825,2261,7.5412
movie:8326,movie,Holes,2003-04-18,6.904,1587,5.3534
movie:922,movie,Dead Man,1995-12-23,7.308,1774,7.0355
movie:895045,movie,Mafia,2020-11-07,10.0,1,0.6163
movie:223,movie,Rebecca,1940-03-23,7.9,2020,6.3016
movie:504562,movie,Motherless Brooklyn,2019-10-31,6.681,1637,7.5217
movie:11004,movie,Wonder Boys,2000-02-22,6.825,682,3.2902
movie:10350,movie,Wing Commander,1999-03-11,4.838,293,3.5854
movie:467660,movie,Unsane,2018-03-22,6.251,1709,5.5386
movie:1089,movie,Point Break,1991-07-12,7.151,4101,13.637
movie:14306,movie,Marley & Me,2008-12-25,7.174,4857,8.8103
movie:16093,movie,Carnival of Souls,1962-11-02,6.938,545,2.5763
movie:539649,movie,The Lie,2018-09-13,6.359,803,4.3261
tv:46896,tv,The Originals,2013-10-03,8.586,3631,42.988
tv:62517,tv,Zoo,2015-06-30,6.818,616,19.9406
movie:333352,movie,Eye in the Sky,2015-09-07,7.003,1778,6.852
movie:10632,movie,The Hunted,2003-03-11,6.169,945,6.3788
movie:607,movie,Men in Black,1997-07-02,7.227,15108,16.8833
movie:1667,movie,March of the Penguins,2005-01-26,7.077,1243,3.7659
movie:10234,movie,Funny Games,1997-09-11,7.306,2147,5.3505
movie:11973,movie,Thirteen Days,2000-12-25,6.992,853,3.9568
movie:484886,movie,Singularity,2017-11-24,3.645,238,3.2555
movie:9275,movie,Death to Smoochy,2002-03-29,5.921,456,4.253
tv:94796,tv,Crash Landing on You,2019-12-14,8.5,963,16.0207
movie:6615,movie,Lars and the Real Girl,2007-10-12,7.203,2144,6.7376
tv:91875,tv,Prodigal Son,2019-09-23,8.082,469,13.9856
movie:379,movie,Miller's Crossing,1990-09-21,7.444,1893,5.4223
movie:253412,movie,Everest,2015-09-10,6.826,5325,8.8778
movie:138697,movie,Don Jon,2013-09-12,6.018,4657,10.1101
movie:9352,movie,EuroTrip,2004-02-20,6.619,3065,10.7016
movie:5551,movie,Space Cowboys,2000-08-04,6.386,1567,6.5854
movie:395458,movie,Suburbicon,2017-10-26,5.886,1841,6.6221
movie:298250,movie,Jigsaw,2017-10-25,6.209,4039,8.0885
movie:9607,movie,Super Mario Bros.,1993-05-28,4.493,1488,6.5308
movie:1103,movie,Escape from New York,1981-05-23,7.047,3618,11.4922
movie:11775,movie,Intolerable Cruelty,2003-10-10,5.962,1703,6.0897
movie:8273,movie,American Wedding,2003-08-01,6.225,4488,8.7673
movie:8923,movie,Green Street Hooligans,2005-09-09,7.272,2615,7.6775
movie:10477,movie,Driven,2001-04-27,5.15,847,5.0998
movie:37735,movie,Easy A,2010-09-16,6.803,7504,9.198
tv:4556,tv,Scrubs,2001-10-02,8.138,207,50.9124
movie:328111,movie,The Secret Life of Pets,2016-06-18,6.325,8635,8.0312
movie:11797,movie,Fright Night,1985-08-02,7.046,1593,5.9198
movie:8913,movie,Pet Sematary,1989-04-21,6.653,2442,9.3775
movie:10294,movie,Vacancy,2007-04-20,6.27,1690,6.9092
movie:11232,movie,Kate & Leopold,2001-12-25,6.347,1512,5.5954
movie:246741,movie,What We Do in the Shadows,2014-06-19,7.542,4034,7.412
movie:38358,movie,The Last Exorcism,2010-08-27,5.686,1138,6.1158
movie:585997,movie,Paranormal Investigation,2018-04-13,4.4,49,1.015
movie:174772,movie,Europa Report,2013-06-27,6.302,1593,5.9055
movie:14784,movie,The Fall,2006-09-09,7.6,1596,11.1858
movie:10077,movie,A Sound of Thunder,2005-05-15,4.858,458,5.5369
movie:376865,movie,High Life,2018-09-26,5.721,1256,5.5095
movie:663,movie,Saw IV,2007-10-25,6.167,4201,8.8387
movie:582607,movie,See You Yesterday,2019-05-03,5.542,573,2.1248
movie:348892,movie,Bajrangi Bhaijaan,2015-07-17,7.812,569,3.2076
movie:451,movie,Leaving Las Vegas,1995-10-27,7.251,1701,6.949
movie:12573,movie,A Serious Man,2009-10-02,6.688,2440,4.878
movie:711,movie,Finding Forrester,2000-12-21,7.127,1250,4.5722
movie:419479,movie,The Babysitter,2017-10-13,6.187,3981,6.7176
movie:660,movie,Thunderball,1965-12-11,6.666,2706,9.8465
movie:274479,movie,Joy,2015-12-24,6.551,4331,5.6425
movie:489064,movie,3 from Hell,2019-09-16,5.754,554,4.0862
movie:597089,movie,Article 15,2019-05-28,7.577,181,1.4651
movie:698,movie,Moonraker,1979-06-26,6.184,2278,7.8129
movie:9291,movie,The Longest Yard,2005-05-27,6.678,3765,10.3112
movie:324849,movie,The Lego Batman Movie,2017-02-08,7.258,5536,19.4344
tv:93392,tv,Raising Dion,2019-10-04,7.504,494,9.4946
movie:9816,movie,Save the Last Dance,2001-01-12,6.552,1374,4.8065
movie:13193,movie,Saved!,2004-06-11,6.416,524,3.4301
movie:10523,movie,W.,2008-10-17,6.145,708,3.7245
movie:596,movie,The Grapes of Wrath,1940-03-15,7.803,1137,4.0244
movie:10925,movie,The Return of the Living Dead,1985-04-25,7.191,2340,5.4285
movie:4551,movie,Be Cool,2005-03-04,5.463,1000,4.9817
movie:287903,movie,Krampus,2015-11-26,6.207,2445,6.9488
movie:107846,movie,Escape Plan,2013-10-09,6.72,5709,12.1536
movie:1389,movie,Out of Sight,1998-06-26,6.684,1445,6.4228
tv:10811,tv,Flip This House,2005-01-01,9.0,2,2.6222
movie:812,movie,Aladdin,1992-11-25,7.657,12209,18.8857
tv:7704,tv,Legend of the Seeker,2008-11-01,7.461,368,17.8429
movie:9012,movie,Jackass: The Movie,2002-10-25,6.335,1799,7.2545
movie:41733,movie,Due Date,2010-11-03,6.392,5940,7.9179
movie:9603,movie,Clueless,1995-07-19,7.247,4896,11.4131
movie:756,movie,Fantasia,1940-11-13,7.3,3379,9.1554
movie:337170,movie,American Made,2017-08-18,6.899,5092,9.9455
movie:10663,movie,The Waterboy,1998-11-06,6.061,2080,5.9194
movie:13908,movie,The Master of Disguise,2002-08-02,3.996,342,4.4337
movie:10490,movie,Drop Dead Gorgeous,1999-07-16,6.5,457,4.451
movie:539181,movie,Relic,2020-07-03,6.099,845,3.1182
tv:88324,tv,Virgin River,2019-12-06,7.9,606,23.5726
movie:64688,movie,21 Jump Street,2012-03-14,6.883,11217,11.1902
movie:38778,movie,Dinner for Schmucks,2010-07-30,5.72,1973,5.5814
tv:81114,tv,God Friended Me,2018-09-30,7.703,207,10.598
movie:114,movie,Pretty Woman,1990-03-23,7.443,9122,13.7828
movie:11361,movie,Halloween 5: The Revenge of Michael Myers,1989-10-12,5.308,1364,5.9535
movie:448916,movie,2036 Origin Unknown,2018-06-08,4.708,291,2.4809
movie:702550,movie,Durgamati: The Myth,2020-12-11,5.7,12,1.2332
tv:72339,tv,HAPPY!,2017-12-06,7.431,513,9.3972
movie:56780,movie,Atlas Shrugged: Part I,2011-04-14,5.471,221,4.0184
movie:399170,movie,Logan Lucky,2017-08-17,6.735,3916,8.931
movie:592834,movie,My Spy,2020-01-09,6.861,1419,8.8569
movie:13056,movie,Punisher: War Zone,2008-12-05,5.876,1359,8.8
movie:1541,movie,Thelma & Louise,1991-05-24,7.595,3976,11.9854
tv:615,tv,Futurama,1999-03-28,8.365,3874,141.1372
movie:625450,movie,Tall Girl,2019-09-13,6.276,1971,5.1403
movie:172,movie,Star Trek V: The Final Frontier,1989-06-09,5.7,1337,7.4179
movie:37786,movie,Sex and the City 2,2010-05-26,6.04,1754,7.0171
movie:10322,movie,Being There,1979-12-19,7.594,1155,4.4216
movie:443463,movie,Leave No Trace,2018-06-29,6.8,1409,6.4434
movie:5825,movie,National Lampoon's Christmas Vacation,1989-11-30,7.233,2772,7.3464
movie:13416,movie,Friday Night Lights,2004-10-08,6.904,647,5.2652
tv:72755,tv,Absentia,2017-09-25,7.256,402,19.8547
movie:377985,movie,Fan,2016-04-14,6.233,281,2.2733
movie:62211,movie,Monsters University,2013-06-19,7.056,11502,18.6557
movie:1598,movie,Cape Fear,1991-11-13,7.26,3987,10.3388
movie:343,movie,Harold and Maude,1971-12-20,7.587,1235,4.0666
movie:19898,movie,Pandorum,2009-09-08,6.605,2738,6.6139
movie:451915,movie,Beautiful Boy,2018-10-12,7.552,2935,8.4981
movie:957,movie,Spaceballs,1987-06-24,6.887,3519,11.6907
movie:9880,movie,The Princess Diaries,2001-08-03,6.961,5341,15.7611
movie:485942,movie,Batman Ninja,2018-03-24,5.863,1090,5.5924
movie:93456,movie,Despicable Me 2,2013-06-26,6.947,12185,17.7054
movie:601643,movie,Ghost Stories,2020-01-01,5.2,88,1.8531
movie:109418,movie,Grown Ups 2,2013-07-11,6.188,4791,14.053
movie:192141,movie,No Escape,2015-08-26,6.954,2785,7.0983
movie:10012,movie,Cursed,2005-02-25,5.532,813,5.408
tv:65294,tv,A Series of Unfortunate Events,2017-01-13,7.407,1057,16.4533
movie:2640,movie,Heathers,1989-03-31,7.26,1920,7.0965
movie:6075,movie,Carlito's Way,1993-11-10,7.8,3548,9.5524
movie:654,movie,On the Waterfront,1954-06-22,7.855,1834,6.8915
tv:4057,tv,Criminal Minds,2005-09-22,8.298,4155,227.6822
tv:7225,tv,Merlin,2008-09-20,7.836,1181,34.1806
movie:4011,movie,Beetlejuice,1988-03-30,7.368,8612,12.4959
movie:1619,movie,The Way of the Gun,2000-09-08,6.347,510,4.1657
movie:93856,movie,Chernobyl Diaries,2012-05-24,5.325,1727,4.8159
movie:132344,movie,Before Midnight,2013-04-05,7.495,2771,5.8154
movie:471507,movie,Destroyer,2018-12-25,5.903,814,5.1187
tv:71728,tv,Young Sheldon,2017-09-25,8.028,3070,94.538
movie:9656,movie,Black Christmas,2006-12-15,5.217,617,3.1863
tv:105022,tv,Lalbazaar,2020-06-19,2.7,3,1.9319
tv:77459,tv,The Passage,2019-01-14,6.941,362,8.4514
tv:73467,tv,Godless,2017-11-22,7.741,735,10.5292
movie:187017,movie,22 Jump Street,2014-06-05,6.826,8677,10.7801
movie:10212,movie,Ravenous,1999-03-16,6.845,712,5.4802
movie:11667,movie,Street Fighter,1994-12-23,4.679,1686,8.4887
movie:134374,movie,Pain & Gain,2013-04-18,6.292,4883,8.8848
movie:23082,movie,The Invention of Lying,2009-10-02,6.214,2385,8.8688
movie:982,movie,The Manchurian Candidate,1962-10-24,7.508,834,5.4578
tv:93846,tv,The King: Eternal Monarch,2020-04-17,8.244,915,9.3654
movie:376866,movie,Jackie,2016-12-02,6.453,2465,4.2602
movie:514593,movie,You Should Have Left,2020-06-18,6.077,1008,7.2716
movie:11282,movie,Harold & Kumar Go to White Castle,2004-07-02,6.578,2348,6.378
movie:43539,movie,The Next Three Days,2010-11-18,7.088,3169,11.2476
movie:1090,movie,The Thirteenth Floor,1999-04-16,7.08,1596,8.482
movie:10934,movie,Under the Tuscan Sun,2003-09-20,6.9,998,5.627
movie:91586,movie,Insidious: Chapter 2,2013-09-12,6.695,4707,41.2835
movie:4349,movie,The Kingdom,2007-08-22,6.746,1874,7.2567
movie:527641,movie,Five Feet Apart,2019-03-14,8.214,5979,8.7305
movie:9884,movie,Collateral Damage,2002-02-06,5.767,1538,7.5305
movie:298,movie,Ocean's Thirteen,2007-06-05,6.729,7033,11.5056
movie:10865,movie,Atlantis: The Lost Empire,2001-06-02,7.047,5230,11.591
movie:10873,movie,Shadow of the Vampire,2000-08-30,6.658,698,5.9624
movie:2171,movie,Wet Hot American Summer,2001-07-27,6.238,913,4.6741
movie:11051,movie,The Last Temptation of Christ,1988-05-28,7.222,1227,5.0967
movie:9638,movie,Phantasm,1979-03-28,6.496,805,4.3114
tv:4313,tv,Full House,1987-09-22,7.541,1161,55.7982
movie:6963,movie,The Weather Man,2005-10-20,6.143,1121,4.2253
movie:9614,movie,Happy Gilmore,1996-02-16,6.677,3436,9.6701
movie:71880,movie,Jack and Jill,2011-11-11,4.391,2252,6.6627
movie:14292,movie,Miracle,2004-02-06,7.122,693,4.3462
movie:503129,movie,Student of the Year 2,2019-05-10,4.151,86,1.791
movie:205587,movie,The Judge,2014-10-08,7.33,4505,11.2295
movie:10679,movie,Iron Sky,2012-04-04,5.748,1825,4.9281
movie:9619,movie,Dante's Peak,1997-02-07,6.248,2157,9.865
movie:13156,movie,Secondhand Lions,2003-09-19,7.229,853,4.8053
movie:531428,movie,Portrait of a Lady on Fire,2019-09-06,8.088,3013,11.8973
movie:75674,movie,Act of Valor,2012-02-24,6.556,1284,6.1806
movie:1250,movie,Ghost Rider,2007-01-15,5.617,6610,16.013
movie:6637,movie,National Treasure: Book of Secrets,2007-12-19,6.4,5653,11.626
movie:49730,movie,Red Riding Hood,2011-03-10,5.975,3346,7.7398
movie:11976,movie,Legend,1985-08-28,6.3,1428,16.468
movie:18405,movie,The Last House on the Left,2009-03-13,6.502,1996,10.2311
movie:9384,movie,Starsky & Hutch,2004-03-05,5.817,2572,7.5735
movie:433,movie,Mary Poppins,1964-12-17,7.549,5079,11.3063
movie:109439,movie,The Hangover Part III,2013-05-23,6.211,9391,18.324
movie:343674,movie,Gerald's Game,2017-09-29,6.396,3999,7.0196
movie:587496,movie,The Rental,2020-07-23,5.542,1014,6.4723
movie:131631,movie,The Hunger Games: Mockingjay - Part 1,2014-11-19,6.816,16931,19.5001
movie:41517,movie,Ra.One,2011-10-24,5.749,400,3.6085
movie:8555,movie,Creep,2004-08-10,5.995,862,5.5442
movie:11128,movie,Ladder 49,2004-10-01,6.473,902,4.7343
movie:1808,movie,Velvet Goldmine,1998-08-28,6.9,555,3.1606
tv:70767,tv,Dear White People,2017-04-28,5.937,197,8.8935
movie:369885,movie,Allied,2016-11-23,6.806,4867,8.8689
movie:303,movie,Notorious,1946-08-21,7.7,1790,5.0288
movie:8338,movie,Blindness,2008-05-14,6.525,1412,5.4012
movie:579,movie,Jaws 2,1978-06-16,6.037,2170,7.9883
movie:2069,movie,The Whole Nine Yards,2000-02-18,6.469,2124,8.3337
movie:9434,movie,Grosse Pointe Blank,1997-04-11,6.962,1060,4.2667
movie:639,movie,When Harry Met Sally...,1989-07-12,7.408,4701,10.4073
movie:903,movie,Cool Hand Luke,1967-11-01,7.733,1662,8.2734
tv:91510,tv,RejctX,2019-07-20,8.0,1,2.324
movie:22894,movie,Legion,2010-01-21,5.9,2939,9.159
movie:517116,movie,Haunt,2019-09-13,6.669,1406,6.5023
tv:71578,tv,Atypical,2017-08-11,8.019,1267,14.3021
tv:102904,tv,Sweet Magnolias,2020-05-19,7.775,269,14.8503
movie:13550,movie,The Changeling,1980-03-28,6.984,745,3.9424
movie:691,movie,The Spy Who Loved Me,1977-07-07,6.817,2294,9.2963
movie:373569,movie,Snatched,2017-05-03,5.336,836,4.4946
tv:61427,tv,Kingdom,2014-10-08,6.886,136,12.2204
movie:11412,movie,The Long Kiss Goodnight,1996-10-11,6.583,1386,8.9755
movie:502682,movie,Book Club,2018-05-18,6.2,843,4.2803
movie:9486,movie,Johnny English,2003-03-14,6.3,3899,9.2557
tv:76828,tv,Karrle Tu Bhi Mohabbat,2017-04-16,8.3,3,3.0914
movie:532017,movie,Rok Sako To Rok Lo,2004-12-10,4.5,4,0.842
movie:68722,movie,The Master,2012-09-14,7.095,3390,6.7113
tv:48865,tv,Reign,2013-10-17,8.052,889,20.6411
movie:72559,movie,G.I. Joe: Retaliation,2013-03-27,5.664,5856,12.7486
tv:10545,tv,True Blood,2008-09-07,7.612,2118,44.0926
tv:89572,tv,Nancy Drew,2019-10-09,7.704,311,16.6009
movie:381719,movie,Peter Rabbit,2018-02-07,6.695,1967,8.2924
movie:454293,movie,Night School,2018-09-27,6.122,1786,6.0172
movie:11688,movie,The Emperor's New Groove,2000-12-15,7.567,7432,20.7674
movie:5503,movie,The Fugitive,1993-08-06,7.487,4911,12.437
movie:11113,movie,My Fair Lady,1964-12-01,7.481,1459,5.759
movie:425972,movie,Cargo,2017-10-06,6.4,1897,5.7971
movie:9037,movie,Grease 2,1982-06-11,5.242,747,5.0166
movie:167073,movie,Brooklyn,2015-10-20,7.296,3307,5.0235
tv:83949,tv,Treadstone,2019-10-15,7.124,299,8.4719
movie:17692,movie,Jaws 3-D,1983-07-22,4.473,1446,6.8704
movie:967,movie,Spartacus,1960-10-13,7.541,2440,9.6653
movie:826,movie,The Bridge on the River Kwai,1957-10-11,7.822,2432,8.3644
movie:578189,movie,Black and Blue,2019-10-25,6.781,995,5.896
movie:2022,movie,Mr. Deeds,2002-06-28,5.924,2584,7.8695
movie:10658,movie,Howard the Duck,1986-08-01,5.457,1169,6.3945
tv:46533,tv,The Americans,2013-01-30,7.888,1095,42.8013
movie:199,movie,Star Trek: First Contact,1996-11-22,7.309,2012,9.7312
movie:681,movie,Diamonds Are Forever,1971-12-14,6.4,2430,9.7632
movie:1587,movie,What's Eating Gilbert Grape,1993-12-17,7.657,4369,10.4498
movie:16619,movie,Ordinary People,1980-09-19,7.44,714,7.6908
movie:622963,movie,American Son,2019-09-12,6.042,238,1.7637
movie:59678,movie,Attack the Block,2011-05-11,6.461,2334,5.0476
tv:73117,tv,Knightfall,2017-12-06,7.013,342,9.313
tv:76669,tv,Elite,2018-10-05,8.003,9411,52.2404
movie:10027,movie,Unleashed,2005-02-02,6.945,2243,7.4116
movie:11026,movie,Exorcist: The Beginning,2004-08-20,5.405,916,5.5137
movie:576,movie,The Wild Bunch,1969-06-19,7.593,1370,6.7088
movie:10555,movie,Shark Tale,2004-09-20,6.045,6810,11.9849
movie:466622,movie,The Rhythm Section,2020-01-31,5.5,673,5.391
movie:1051,movie,The French Connection,1971-10-09,7.492,2191,7.2143
movie:968,movie,Dog Day Afternoon,1975-09-21,7.854,3478,10.1741
movie:1480,movie,Touch of Evil,1958-03-30,7.744,1634,5.2615
movie:11634,movie,Show Me Love,1998-10-23,7.085,609,3.1435
movie:10696,movie,Glitter,2001-09-21,4.299,172,3.2935
movie:4960,movie,"Synecdoche, New York",2008-10-24,7.53,1657,7.0146
movie:560391,movie,Downhill,2020-02-06,5.21,318,3.0467
movie:3093,movie,Basic Instinct 2,2006-03-29,4.957,860,7.7566
movie:506528,movie,Harriet,2019-11-01,7.323,957,3.3982
movie:76487,movie,The Devil Inside,2012-01-06,4.691,855,3.407
movie:2100,movie,The Last Castle,2001-10-19,7.162,1473,6.2653
movie:11892,movie,Murder by Numbers,2002-04-19,6.166,1210,5.568
movie:9360,movie,Anaconda,1997-04-11,5.28,2883,10.8648
movie:5559,movie,Bee Movie,2007-10-28,6.052,5387,12.5769
movie:72571,movie,Paranormal Activity 3,2011-10-19,5.926,2421,7.7755
movie:691449,movie,Bamfaad,2020-04-10,6.0,3,0.84
movie:82654,movie,Warm Bodies,2013-01-31,6.475,6472,7.1997
tv:2710,tv,It's Always Sunny in Philadelphia,2005-08-04,8.26,1392,72.542
movie:12153,movie,White Chicks,2004-06-23,6.961,4706,22.688
movie:1592,movie,Primal Fear,1996-04-03,7.659,4101,12.724
tv:31917,tv,Pretty Little Liars,2010-06-08,8.0,2822,38.19
movie:10785,movie,The Thing from Another World,1951-04-05,6.719,707,3.5982
movie:1523,movie,The Last King of Scotland,2006-09-27,7.413,2425,7.001
movie:667,movie,You Only Live Twice,1967-06-13,6.586,2547,11.2264
movie:441384,movie,The Beach Bum,2019-03-21,5.663,577,4.4196
tv:1423,tv,Ray Donovan,2013-06-30,7.502,852,37.2899
tv:83251,tv,Dirty John,2018-11-25,6.82,139,11.6561
movie:4538,movie,The Darjeeling Limited,2007-09-07,7.139,4065,8.5797
movie:11208,movie,Wicker Park,2004-09-03,6.811,761,5.1413
movie:378018,movie,The Void,2016-09-22,6.009,1484,6.5589
movie:123,movie,The Lord of the Rings,1978-11-15,6.58,1077,7.1746
movie:931,movie,Don't Look Now,1973-10-11,6.923,1210,4.5555
movie:6538,movie,Charlie Wilson's War,2007-12-19,6.545,1684,7.9097
movie:341174,movie,Fifty Shades Darker,2017-02-08,6.472,7997,13.6626
tv:2673,tv,The O.C.,2003-08-05,7.716,960,44.033
movie:1730,movie,Inland Empire,2006-12-06,6.985,1293,6.1286
tv:1421,tv,Modern Family,2009-09-23,7.913,3481,132.158
movie:31246,movie,From Justin to Kelly,2003-06-20,3.246,114,1.7966
movie:505063,movie,Await Further Instructions,2018-08-26,5.4,312,1.8596
tv:99356,tv,The Letter for the King,2020-03-20,6.742,265,4.0385
movie:9285,movie,Road Trip,2000-05-19,6.252,2262,7.9636
tv:73544,tv,Warrior,2019-04-05,7.964,675,20.381
movie:533,movie,Wallace & Gromit: The Curse of the Were-Rabbit,2005-09-15,7.137,3165,11.1428
movie:385448,movie,The Little Mermaid,2018-08-02,5.032,867,3.5044
movie:10720,movie,Down with Love,2003-05-08,6.122,801,3.9869
movie:10782,movie,Basic,2003-04-18,6.507,1166,5.5015
movie:10304,movie,Starship Troopers 2: Hero of the Federation,2004-05-19,4.478,724,5.5933
tv:33880,tv,The Legend of Korra,2012-04-14,8.217,2407,46.942
movie:1375,movie,Rocky V,1990-11-16,5.775,3540,8.5773
movie:438689,movie,Siberia,2018-07-13,4.753,626,5.3211
movie:1440,movie,Little Children,2006-10-06,7.081,1187,5.3701
movie:62177,movie,Brave,2012-06-21,7.0,14387,20.2044
movie:116741,movie,The Internship,2013-06-07,6.24,4554,0.4107
movie:11974,movie,The 'Burbs,1989-02-17,6.749,1414,6.1869
movie:41154,movie,Men in Black 3,2012-05-23,6.547,11146,12.0585
movie:11596,movie,Wes Craven's New Nightmare,1994-10-13,6.452,1642,7.3279
movie:429200,movie,Good Time,2017-08-11,7.205,3208,9.49
tv:52,tv,That '70s Show,1998-08-23,7.924,1644,43.002
movie:9042,movie,The Cave,2005-08-26,5.447,1052,6.3193
movie:487297,movie,What Men Want,2019-02-08,6.197,1609,6.4518
movie:376290,movie,Miss Sloane,2016-11-25,7.403,2018,6.6267
tv:95941,tv,Zoey's Extraordinary Playlist,2020-01-07,7.482,248,10.9275
tv:61986,tv,Bloodline,2015-03-20,7.11,413,15.2667
movie:152737,movie,August: Osage County,2013-12-26,6.862,1615,7.3531
movie:11932,movie,Bride of Chucky,1998-10-15,6.138,2155,9.6204
movie:39781,movie,The Kids Are All Right,2010-07-09,6.592,1622,5.1792
tv:34524,tv,Teen Wolf,2011-06-05,8.4,4783,58.6175
movie:8065,movie,21,2008-03-27,6.692,5128,9.3249
movie:8285,movie,The Spirit,2008-12-25,4.76,1088,5.3559
movie:8869,movie,Eight Legged Freaks,2002-07-17,5.805,1379,6.1163
movie:12498,movie,Sling Blade,1996-08-30,7.537,883,3.8487
movie:520172,movie,Happiest Season,2020-11-26,7.1,1343,4.3308
movie:8452,movie,The 6th Day,2000-11-17,6.001,2336,9.6432
tv:83631,tv,What We Do in the Shadows,2019-03-27,7.988,1040,25.7548
movie:18240,movie,The Proposal,2009-06-02,7.177,7716,13.3754
movie:87502,movie,Flight,2012-02-22,6.864,6562,10.6714
tv:79340,tv,The Outpost,2018-07-10,7.448,281,13.5478
tv:1406,tv,Deadwood,2004-03-21,8.1,983,25.8518
tv:93812,tv,The Great,2020-05-15,8.1,1186,25.3505
movie:9277,movie,The Sting,1973-12-25,8.016,3069,10.0834
tv:39340,tv,2 Broke Girls,2011-09-19,7.203,1767,50.6986
movie:699,movie,For Your Eyes Only,1981-06-24,6.544,2139,9.2494
movie:927,movie,Gremlins,1984-06-08,7.144,7110,12.9599
movie:50698,movie,Grave Encounters,2011-09-09,6.33,1710,5.1808
movie:52449,movie,Bad Teacher,2011-05-16,5.609,5018,7.9247
movie:503314,movie,Dragon Ball Super: Broly,2018-12-14,8.0,3250,2.2912
movie:15668,movie,Xanadu,1980-08-08,5.684,293,3.4314
movie:470878,movie,I Can Only Imagine,2018-02-14,7.5,511,5.081
movie:3040,movie,Night Watch,2004-07-08,6.204,846,4.8474
movie:8975,movie,The Marine,2006-10-13,5.973,859,5.6326
tv:75191,tv,The Terror,2018-03-26,7.355,1036,15.3879
movie:10876,movie,Quills,2000-11-22,7.155,744,4.6154
movie:941,movie,Lethal Weapon,1987-03-06,7.301,5171,13.8359
movie:10796,movie,The One,2001-11-02,6.134,1796,8.5266
movie:523777,movie,Next Gen,2018-09-07,6.978,868,4.4199
movie:38199,movie,Unthinkable,2010-05-26,6.814,1501,7.1973
movie:10139,movie,Milk,2008-11-05,7.213,2474,6.2877
movie:339692,movie,Shot Caller,2017-07-07,6.966,2277,9.0665
movie:4515,movie,Lions for Lambs,2007-10-22,6.004,854,5.027
tv:39351,tv,Grimm,2011-10-28,8.266,3617,88.7163
movie:245703,movie,Midnight Special,2016-02-18,6.259,2093,4.4689
movie:227156,movie,The Giver,2014-08-13,6.558,4699,7.9744
tv:70390,tv,Somewhere Between,2017-07-24,6.443,97,5.1948
tv:89113,tv,Kota Factory,2019-04-16,8.079,121,3.9717
movie:310307,movie,The Founder,2016-11-24,7.152,5493,10.9918
tv:97120,tv,The Chargesheet: Innocent or Guilty?,2020-01-01,6.5,6,2.3545
movie:9964,movie,Bad Taste,1987-12-11,6.273,944,4.0355
tv:114185,tv,Bhaag Beanie Bhaag,2020-12-04,6.3,7,1.5261
tv:62852,tv,Billions,2016-01-17,7.761,1062,68.6306
movie:528888,movie,Dolemite Is My Name,2019-10-04,6.965,1312,5.3394
movie:37861,movie,Valhalla Rising,2009-09-04,6.104,1362,4.9757
movie:708,movie,The Living Daylights,1987-06-29,6.547,2080,11.7823
movie:4858,movie,The Invasion,2007-08-17,6.074,1793,8.4914
movie:87516,movie,Oldboy,2013-11-14,5.926,2179,10.3692
movie:3509,movie,A Scanner Darkly,2006-07-07,6.814,2004,5.7755
movie:10153,movie,Sphere,1998-02-13,6.139,1882,7.7472
movie:302,movie,Swimming Pool,2003-05-21,6.5,810,4.8808
movie:9032,movie,Big Daddy,1999-06-25,6.485,3624,7.5116
tv:1395,tv,Gossip Girl,2007-09-19,8.1,2342,57.0302
movie:15300,movie,Newsies,1992-04-10,6.71,306,3.5958
movie:8916,movie,Antz,1998-10-02,6.2,4833,10.572
movie:9457,movie,Deep Rising,1998-01-30,6.182,851,6.2417
movie:582,movie,The Lives of Others,2006-03-23,8.04,4228,9.5333
movie:40016,movie,Birdemic: Shock and Terror,2010-02-27,2.194,377,1.6557
movie:284,movie,The Apartment,1960-06-21,8.185,2754,8.59
tv:91725,tv,The Spy,2019-09-06,7.385,349,8.7983
movie:3082,movie,Modern Times,1936-02-05,8.284,4166,10.2964
movie:553604,movie,Honest Thief,2020-09-03,6.467,1937,7.0052
movie:129670,movie,Nebraska,2013-09-21,7.449,1959,4.43
movie:4808,movie,Charade,1963-12-01,7.656,1584,5.2736
movie:653567,movie,Miss Americana,2020-01-31,7.8,653,2.9796
movie:2207,movie,16 Blocks,2006-03-01,6.459,2156,5.7686
movie:122917,movie,The Hobbit: The Battle of the Five Armies,2014-12-10,7.339,15672,28.3409
movie:9754,movie,Firewall,2006-02-08,5.847,1058,5.4481
movie:615677,movie,We Can Be Heroes,2020-12-25,5.924,827,7.5402
movie:1571,movie,Live Free or Die Hard,2007-06-20,6.6,6477,14.9354
tv:66023,tv,Marcella,2016-04-04,6.886,293,9.515
tv:1867,tv,The Shining,1997-04-27,6.341,353,8.8194
movie:23202,movie,Trick 'r Treat,2007-12-09,7.0,2119,6.2747
movie:479,movie,Shaft,2000-06-15,6.02,1490,6.8647
tv:80350,tv,New Amsterdam,2018-09-25,8.296,1111,37.4193
movie:423949,movie,Unicorn Store,2017-09-11,5.899,891,3.5342
movie:10733,movie,The Alamo,2004-04-07,5.768,377,4.3839
movie:9044,movie,Tristan & Isolde,2006-04-07,6.683,864,4.467
movie:1251,movie,Letters from Iwo Jima,2006-12-09,7.502,2361,7.9853
movie:2056,movie,The Station Agent,2003-12-05,7.338,825,4.9479
movie:1653,movie,The Motorcycle Diaries,2004-02-06,7.409,1458,6.0351
movie:378,movie,Raising Arizona,1987-03-13,7.052,2393,5.8196
movie:3635,movie,Girl with a Pearl Earring,2003-12-12,6.641,1492,6.5245
movie:180863,movie,T2 Trainspotting,2017-01-27,6.935,3422,7.3377
movie:9593,movie,Last Action Hero,1993-06-18,6.5,3079,9.3876
movie:11535,movie,Rollerball,2002-02-08,3.89,526,3.9819
movie:9362,movie,Tremors,1990-01-19,6.941,3670,9.7656
movie:10201,movie,Yes Man,2008-12-09,6.693,7542,9.8701
movie:4413,movie,The Brave One,2007-09-12,6.582,1115,5.7596
movie:10384,movie,Supernova,2000-01-14,5.0,447,3.1973
movie:682,movie,The Man with the Golden Gun,1974-12-04,6.457,2338,10.5383
movie:1956,movie,Gerry,2002-09-20,6.088,363,2.7785
movie:10215,movie,Sliding Doors,1998-04-23,6.552,1440,4.6429
tv:19654,tv,Rose Red,2002-01-27,6.779,442,7.9669
movie:419831,movie,I Kill Giants,2017-11-15,6.17,1274,3.5906
tv:81046,tv,The Dragon Prince,2018-09-14,8.205,715,16.5422
movie:1729,movie,The Forbidden Kingdom,2008-04-17,6.65,1972,14.2056
movie:526871,movie,Tora Tora,2017-12-22,0.0,0,0.8434
movie:529485,movie,The Way Back,2020-03-05,6.626,1352,4.1855
movie:256591,movie,Focus,2015-02-25,6.87,8390,8.8039
movie:13673,movie,Christmas with the Kranks,2004-11-24,6.156,1329,6.868
movie:9962,movie,The Good Girl,2002-08-07,6.229,691,4.1012
tv:1274,tv,Six Feet Under,2001-06-03,8.122,1160,37.1027
movie:396461,movie,Under the Silver Lake,2018-08-08,6.322,1653,8.6697
movie:11411,movie,Superman IV: The Quest for Peace,1987-07-24,4.598,1445,6.6616
movie:306819,movie,The Danish Girl,2015-11-27,7.539,5999,5.5847
movie:19994,movie,Jennifer's Body,2009-09-18,5.999,4362,13.0497
movie:251,movie,Ghost,1990-07-13,7.243,6168,14.0389
movie:9007,movie,Just Like Heaven,2005-09-16,6.971,2629,7.6204
movie:4836,movie,Layer Cake,2004-09-30,6.913,2442,7.6237
movie:601844,movie,Becky,2020-07-23,6.322,748,4.9819
movie:3110,movie,Shane,1953-04-23,7.327,707,4.8414
tv:47450,tv,Into the Badlands,2015-11-15,7.62,839,13.6011
movie:907,movie,Doctor Zhivago,1965-12-22,7.55,1302,6.6368
movie:37135,movie,Tarzan,1999-06-17,7.408,7459,14.9781
movie:440161,movie,The Sisters Brothers,2018-09-19,6.832,2127,8.5672
movie:7972,movie,Before the Devil Knows You're Dead,2007-09-26,7.112,1788,6.3099
movie:376659,movie,Bad Moms,2016-07-28,6.482,4314,7.3801
movie:97,movie,Tron,1982-07-09,6.625,2838,8.4415
movie:38319,movie,Your Highness,2011-04-08,5.311,1479,4.5177
tv:9045,tv,The Stand,1994-05-08,6.805,529,12.2418
movie:382748,movie,Stargirl,2020-03-10,7.385,574,3.3639
movie:28978,movie,The Circus,1928-01-06,7.922,916,4.7635
movie:593,movie,Solaris,1972-03-20,7.761,1887,6.372
movie:884,movie,Crash,1996-07-17,6.481,1416,10.2801
movie:195589,movie,Neighbors,2014-05-08,6.18,7384,7.0815
movie:10131,movie,A Nightmare on Elm Street 4: The Dream Master,1988-08-19,5.9,1673,7.017
movie:14435,movie,My Bloody Valentine,2009-01-16,5.573,1348,7.0004
movie:10316,movie,The Ides of March,2011-10-07,6.68,2778,6.8681
movie:68924,movie,The Ice Storm,1997-09-27,6.875,759,6.4243
movie:944,movie,Lethal Weapon 4,1998-07-10,6.609,3041,9.6902
movie:196,movie,Back to the Future Part III,1990-05-25,7.496,11743,13.5076
movie:12177,movie,The Love Guru,2008-06-20,4.058,790,5.2304
movie:465109,movie,The Week Of,2018-04-27,5.464,859,3.088
movie:339103,movie,Gotti,2018-06-14,5.3,649,4.7337
movie:11449,movie,The Amityville Horror,1979-07-27,6.286,1067,5.9565
movie:11370,movie,The Musketeer,2001-09-07,5.258,250,3.7678
movie:9928,movie,Robots,2005-03-10,6.503,5041,12.7093
tv:81290,tv,The Kominsky Method,2018-11-16,7.524,355,11.355
movie:29427,movie,The Crazies,2010-02-26,6.304,2343,6.7577
movie:9800,movie,Philadelphia,1993-12-22,7.704,4728,8.471
movie:407559,movie,I Am the Pretty Thing That Lives in the House,2016-09-10,4.608,635,2.7454
tv:47640,tv,The Strain,2014-07-13,7.468,2047,39.2796
movie:8617,movie,Prom Night,2008-04-10,5.076,801,4.7239
movie:324560,movie,Brimstone,2016-03-12,7.149,1296,5.7074
movie:505058,movie,Unfriended: Dark Web,2018-07-19,6.29,1702,5.5933
movie:877,movie,Scarface,1932-04-09,7.4,714,5.2319
movie:4643,movie,The Guardian,2006-09-28,7.126,1714,7.4058
tv:2734,tv,Law & Order: Special Victims Unit,1999-09-20,7.958,4320,255.7605
movie:804,movie,Roman Holiday,1953-08-26,7.9,2318,10.5875
movie:1975,movie,The Grudge 2,2006-10-12,5.584,1149,6.3977
movie:527,movie,Once Were Warriors,1994-09-02,7.379,507,2.9736
movie:1669,movie,The Hunt for Red October,1990-03-02,7.382,3720,16.806
movie:2621,movie,Return to Me,2000-04-07,6.673,479,2.8983
movie:437586,movie,mid90s,2018-10-19,7.458,1846,4.5695
movie:515042,movie,Free Solo,2018-09-28,7.9,1556,4.1314
movie:12104,movie,Pink Floyd: The Wall,1982-07-14,7.9,1687,6.4208
movie:16296,movie,Killer Klowns from Outer Space,1988-05-27,6.649,1205,5.2288
movie:10220,movie,Rounders,1998-09-11,7.02,1977,8.1091
movie:521935,movie,Cam,2018-10-01,5.852,1606,2.6368
movie:2026,movie,Hostage,2005-03-09,6.357,1806,6.8253
movie:43947,movie,I Spit on Your Grave,2010-06-17,6.508,2649,14.4502
movie:12524,movie,Titus,1999-12-25,6.418,293,4.5861
movie:9036,movie,Eight Below,2006-02-17,7.037,1855,8.0639
movie:465914,movie,If Beale Street Could Talk,2018-12-14,6.9,1247,5.9144
movie:80278,movie,The Impossible,2012-09-09,7.375,6818,14.2037
movie:253,movie,Live and Let Die,1973-06-27,6.504,2350,8.2445
movie:1844,movie,Entrapment,1999-04-29,6.235,2286,9.0036
movie:313297,movie,Kubo and the Two Strings,2016-08-18,7.64,3896,12.2656
movie:10060,movie,Get Rich or Die Tryin',2005-11-09,6.84,1064,8.3594
movie:10330,movie,Freaky Friday,2003-08-05,6.589,4350,11.8283
movie:599781,movie,The Evil Down the Street,2019-04-30,3.5,10,1.0373
movie:11284,movie,Freddy's Dead: The Final Nightmare,1991-09-05,5.285,1515,7.1159
movie:8584,movie,Shanghai Noon,2000-05-26,6.419,2844,10.1415
movie:938,movie,For a Few Dollars More,1965-12-18,8.029,4578,11.7325
movie:81796,movie,Lockout,2012-04-12,5.936,2037,7.3308
movie:8398,movie,The Hitcher,2007-01-19,5.9,1019,4.8635
movie:10069,movie,Stay Alive,2006-03-24,5.836,844,4.3132
movie:228967,movie,The Interview,2014-12-25,6.18,6340,11.2558
movie:9366,movie,Donnie Brasco,1997-02-27,7.534,4955,10.0689
movie:13531,movie,Empire Records,1995-09-22,6.6,845,4.7741
movie:203833,movie,The Book Thief,2013-11-08,7.492,4575,7.3758
movie:9820,movie,The Parent Trap,1998-07-28,7.217,4624,14.8151
movie:14001,movie,Dead Silence,2007-03-16,6.452,2493,10.4968
movie:9823,movie,Mortal Kombat: Annihilation,1997-11-11,4.561,1389,8.0822
movie:524247,movie,The Intruder,2019-05-03,6.048,632,5.4684
movie:672,movie,Harry Potter and the Chamber of Secrets,2002-11-13,7.707,23962,34.8782
movie:2164,movie,Stargate,1994-10-28,7.0,3936,11.228
movie:838,movie,American Graffiti,1973-08-11,7.0,1623,6.2171
movie:624808,movie,Love Wedding Repeat,2020-04-10,5.664,730,2.8495
movie:375366,movie,The Girl with All the Gifts,2016-09-23,6.6,2210,7.2266
movie:48572,movie,Red State,2011-08-19,6.038,1065,4.5596
movie:57825,movie,Bride & Prejudice,2004-02-11,6.476,417,3.8403
movie:242095,movie,The Signal,2014-03-15,6.025,1894,5.1345
movie:900,movie,Bringing Up Baby,1938-02-18,7.511,1113,4.4887
movie:1921,movie,Sweet November,2001-02-16,6.869,1483,7.2862
movie:19666,movie,Lagaan: Once Upon a Time in India,2001-06-15,7.273,664,3.1333
movie:12618,movie,Random Hearts,1999-10-08,5.568,431,4.0926
movie:597219,movie,The Half of It,2020-05-01,7.086,1619,3.8721
movie:12113,movie,Body of Lies,2008-10-09,6.628,3406,9.6946
movie:3083,movie,Mr. Smith Goes to Washington,1939-10-19,7.8,1224,4.4797
movie:14976,movie,Rachel Getting Married,2008-10-03,6.3,669,6.5765
movie:14353,movie,Repo! The Genetic Opera,2008-11-07,6.254,393,2.8182
movie:238636,movie,The Purge: Anarchy,2014-07-17,6.6,6793,12.8991
tv:4614,tv,NCIS,2003-09-23,7.612,2554,212.8926
movie:16633,movie,Somewhere in Time,1980-10-02,7.512,684,5.3849
movie:7457,movie,Alpha Dog,2006-01-27,6.652,1551,4.4415
movie:11007,movie,Cheaper by the Dozen,2003-12-24,6.286,2996,9.8852
tv:74387,tv,Final Space,2018-02-26,8.372,984,10.1739
movie:76493,movie,The Dictator,2012-05-15,6.242,6581,12.1541
movie:145135,movie,Dark Skies,2013-02-21,6.37,2018,6.5665
movie:7552,movie,Fun with Dick and Jane,2005-12-21,6.23,2735,10.2145
movie:9882,movie,The Siege,1998-11-06,6.289,1537,7.3871
movie:11820,movie,Mona Lisa Smile,2003-12-19,6.909,1927,5.3336
tv:40546,tv,The 10th Kingdom,2000-02-27,7.6,272,5.8075
movie:52451,movie,The Three Musketeers,2011-08-31,5.79,2840,11.8635
movie:901,movie,City Lights,1931-02-06,8.251,2523,8.0618
movie:819,movie,Sleepers,1996-10-18,7.594,4006,10.7414
movie:16337,movie,The Texas Chainsaw Massacre 2,1986-08-22,5.7,1048,5.4663
movie:1647,movie,The Recruit,2003-01-31,6.402,1972,6.4005
movie:3049,movie,Ace Ventura: Pet Detective,1994-02-04,6.58,6527,15.0362
movie:2642,movie,Two Weeks Notice,2002-12-19,6.363,2263,6.4135
movie:291870,movie,Dirty Grandpa,2016-01-20,5.939,4653,7.659
movie:9762,movie,Step Up,2006-08-11,6.879,3958,6.5736
movie:400090,movie,The Nightingale,2018-09-23,7.047,688,4.7084
movie:2654,movie,In the Mouth of Madness,1995-02-03,7.201,1975,8.232
tv:68427,tv,Mars,2016-11-14,7.069,376,7.1508
movie:961,movie,The General,1926-12-25,7.917,1448,5.5258
tv:580,tv,Star Trek: Deep Space Nine,1993-01-03,7.907,1003,67.0203
movie:429300,movie,Adrift,2018-05-31,6.834,2729,6.1567
movie:856,movie,Who Framed Roger Rabbit,1988-06-22,7.54,6307,14.2698
movie:1360,movie,Frida,2002-08-29,7.4,2209,4.6431
tv:114766,tv,Black Widows,2020-12-18,7.0,1,2.7888
movie:12101,movie,Soylent Green,1973-04-18,6.924,1470,6.3218
tv:43982,tv,Line of Duty,2012-06-26,8.219,491,30.0555
tv:76773,tv,Station 19,2018-03-22,8.2,1558,33.9547
movie:411143,movie,Tau,2018-06-29,6.168,1400,3.8002
movie:10461,movie,Get Carter,2000-10-06,5.211,674,4.7549
movie:433498,movie,Papillon,2017-09-07,7.316,2188,10.4058
movie:11313,movie,Hearts in Atlantis,2001-09-28,6.775,637,4.5534
movie:296524,movie,Deepwater Horizon,2016-09-28,6.903,5012,12.0009
movie:399796,movie,Life of the Party,2018-05-10,6.1,1064,5.4793
movie:522924,movie,The Art of Racing in the Rain,2019-08-08,8.2,1715,7.3839
tv:85273,tv,NOS4A2,2019-06-02,7.3,440,9.1035
movie:9655,movie,She's the Man,2006-03-17,6.802,3356,10.2363
movie:3604,movie,Flash Gordon,1980-12-05,6.3,1129,6.1686
movie:966,movie,The Magnificent Seven,1960-10-12,7.501,2041,14.17
movie:9453,movie,Caligula,1979-08-14,5.981,1004,11.3559
movie:25983,movie,The House of the Devil,2009-10-30,6.234,877,3.9406
movie:335797,movie,Sing,2016-11-23,7.124,8553,14.4987
movie:590995,movie,The Craft: Legacy,2020-10-28,6.105,912,7.3654
movie:430231,movie,The Endless,2017-11-05,6.302,1342,4.9334
movie:517909,movie,The Laundromat,2019-09-27,6.02,1324,6.2312
movie:8536,movie,Superman II,1980-12-04,6.758,2591,8.5788
movie:1248,movie,Hannibal Rising,2007-02-06,6.269,2454,1.6275
movie:8665,movie,K-19: The Widowmaker,2002-07-19,6.576,1218,6.7503
movie:5966,movie,Along Came Polly,2004-01-16,6.031,3080,5.5913
tv:82094,tv,Whiskey Cavalier,2019-02-27,6.885,187,7.2931
movie:783,movie,Gandhi,1982-12-01,7.559,2552,6.4843
movie:55787,movie,Water for Elephants,2011-04-15,6.93,2654,5.5001
movie:11977,movie,Caddyshack,1980-07-25,6.585,1337,6.7398
movie:845,movie,Strangers on a Train,1951-06-27,7.661,1924,6.7131
movie:8010,movie,Highlander II: The Quickening,1991-01-13,4.691,986,5.6279
movie:5857,movie,I Know Who Killed Me,2007-07-27,4.452,404,3.6124
tv:99581,tv,Unorthodox,2020-03-26,7.714,762,5.1135
movie:459910,movie,Braven,2018-02-01,6.187,1127,6.8852
movie:20829,movie,Funny People,2009-07-30,5.88,1462,5.5188
movie:465656,movie,Kedarnath,2018-12-07,6.541,49,1.2988
movie:328387,movie,Nerve,2016-06-27,6.994,7087,7.7705
movie:193,movie,Star Trek: Generations,1994-11-18,6.519,1536,6.1107
tv:8592,tv,Parks and Recreation,2009-04-09,8.042,1897,49.6341
movie:42888,movie,How Do You Know,2010-12-17,5.335,1072,4.5345
tv:87104,tv,Years and Years,2019-05-14,7.538,377,5.8756
movie:2698,movie,Evan Almighty,2007-06-09,5.586,4641,9.6239
tv:34415,tv,The Killing,2011-04-03,7.838,898,28.3298
movie:14395,movie,Kabhi Alvida Naa Kehna,2006-08-11,6.432,241,2.0618
movie:19912,movie,The Final Destination,2009-08-26,5.612,4019,13.9437
movie:434555,movie,The Possession of Hannah Grace,2018-11-29,5.6,1514,6.1991
movie:22972,movie,Green Zone,2010-03-11,6.484,2439,7.7416
movie:9631,movie,The Negotiator,1998-07-29,7.112,2456,8.3941
movie:82702,movie,How to Train Your Dragon 2,2014-06-05,7.685,10627,22.3987
movie:448385,movie,That Vitamin Movie,2016-01-01,9.0,1,0.6883
movie:205775,movie,In the Heart of the Sea,2015-12-03,6.787,4483,12.0569
movie:1624,movie,Liar Liar,1997-03-21,6.716,6363,12.7318
movie:511322,movie,The Good Liar,2019-11-08,6.672,1297,5.2738
tv:54671,tv,Penny Dreadful,2014-05-11,7.803,1548,17.4959
movie:854,movie,The Mask,1994-07-29,6.996,11520,16.2857
movie:11586,movie,Exorcist II: The Heretic,1977-06-17,4.54,813,6.5133
movie:623195,movie,Falling Inn Love,2019-08-29,6.521,1218,2.6944
tv:71789,tv,SEAL Team,2017-09-27,8.035,1665,114.3339
movie:49797,movie,I Saw the Devil,2010-08-12,7.807,3126,10.8761
movie:992,movie,Sherlock Jr.,1924-04-17,8.042,1198,4.7337
movie:203,movie,Mean Streets,1973-10-14,7.046,2343,6.3184
movie:910,movie,The Big Sleep,1946-08-22,7.6,1189,5.082
movie:1939,movie,Laura,1944-10-11,7.63,936,3.9541
movie:10400,movie,The Hurricane,1999-09-17,7.443,1561,6.6884
movie:554731,movie,A Man Called Ahok,2018-11-11,7.6,9,1.2743
movie:10393,movie,The Replacements,2000-08-11,6.713,1100,8.035
movie:227306,movie,Unbroken,2014-12-25,7.418,4431,6.5933
movie:9667,movie,The Jacket,2005-03-04,6.864,1758,6.9634
movie:6435,movie,Practical Magic,1998-10-16,6.8,1793,20.0149
tv:71024,tv,Castlevania,2017-07-07,8.273,1599,23.3117
movie:221,movie,Rebel Without a Cause,1955-10-27,7.488,1807,7.0471
movie:132232,movie,Mama,2013-01-17,6.291,4492,9.7562
tv:84962,tv,Apharan,2018-12-14,7.019,26,4.1066
movie:9573,movie,Blood Work,2002-08-09,6.2,916,4.7274
movie:14709,movie,Varsity Blues,1999-01-15,6.141,478,3.8538
movie:10550,movie,Ballistic: Ecks vs. Sever,2002-09-20,4.338,404,4.0866
movie:10218,movie,Swingers,1996-10-18,6.845,826,4.4465
movie:512895,movie,Lady and the Tramp,2019-11-12,7.157,1657,7.3287
movie:115782,movie,Jobs,2013-08-15,6.126,2643,4.9578
movie:11202,movie,Patton,1970-01-25,7.447,1244,5.9306
movie:491283,movie,Judy,2019-09-27,6.7,1281,4.1507
movie:11645,movie,Ran,1985-06-01,8.014,1890,9.5015
movie:9323,movie,Ghost in the Shell,1995-11-18,7.926,4018,17.3325
movie:250574,movie,Creep,2014-03-08,6.401,1699,6.3793
movie:7553,movie,Waiting...,2005-10-07,6.197,1016,6.1731
movie:2610,movie,Shopgirl,2005-10-21,5.764,284,3.1864
movie:11088,movie,Heist,2001-11-09,6.321,634,5.2237
movie:52520,movie,Underworld: Awakening,2012-01-19,6.333,4438,9.8116
movie:2275,movie,The General's Daughter,1999-06-18,6.412,1064,6.8166
movie:10803,movie,Logan's Run,1976-06-23,6.617,1067,6.6049
tv:80968,tv,Narcos: Mexico,2018-11-16,7.919,1534,24.3113
movie:16028,movie,They,2002-11-01,5.032,299,2.5361
movie:26022,movie,My Name Is Khan,2010-02-10,8.038,1493,5.9763
movie:11917,movie,Saw V,2008-10-23,6.173,3889,7.5699
movie:10655,movie,Gettysburg,1993-10-08,6.985,337,3.9022
movie:16991,movie,Observe and Report,2009-04-10,5.407,762,3.4421
movie:262,movie,The King of Comedy,1982-12-18,7.777,2642,8.3338
movie:9542,movie,The Hitcher,1986-01-17,6.947,1095,6.4373
movie:410718,movie,Before the Flood,2016-10-21,7.7,826,2.8937
tv:2706,tv,Roseanne,1988-10-18,6.773,405,4.8933
movie:643534,movie,Good Newwz,2019-12-27,6.525,101,1.5547
movie:50546,movie,Just Go with It,2011-02-10,6.706,6213,12.1239
movie:59967,movie,Looper,2012-09-26,6.914,11130,13.7483
tv:62264,tv,Ash vs Evil Dead,2015-10-31,7.8,1796,21.4974
movie:388399,movie,Patriots Day,2016-12-12,7.066,2904,9.3304
movie:399019,movie,The Beguiled,2017-06-23,5.918,2266,5.4121
movie:11199,movie,Wild Hogs,2007-03-02,5.972,2504,7.5911
movie:376660,movie,The Edge of Seventeen,2016-11-18,7.2,4310,9.9217
movie:3172,movie,Bandits,2001-10-12,6.299,1145,5.7039
tv:2221,tv,The View,1997-08-11,4.345,113,60.5139
movie:49010,movie,Hobo with a Shotgun,2011-05-06,5.9,707,2.8857
movie:702,movie,A Streetcar Named Desire,1951-09-18,7.615,1514,6.8167
movie:8852,movie,Prince of Darkness,1987-10-23,6.764,1184,6.208
tv:46296,tv,Spartacus,2010-01-22,8.031,3031,75.3218
movie:184315,movie,Hercules,2014-07-23,5.805,4420,14.8488
movie:10135,movie,Road House,1989-05-19,6.769,1581,5.4315
movie:10185,movie,The Midnight Meat Train,2008-08-07,6.192,1297,8.4398
movie:9530,movie,RV,2006-04-28,5.908,1828,6.3784
movie:2163,movie,Breakdown,1997-05-02,6.937,1143,6.9317
movie:547,movie,The Horse Whisperer,1998-02-01,6.898,1209,4.6506
tv:60948,tv,12 Monkeys,2015-01-16,7.434,1206,28.7307
movie:6023,movie,P.S. I Love You,2007-11-15,7.175,3530,6.4034
movie:371645,movie,Hunt for the Wilderpeople,2016-01-22,7.644,2370,9.5151
movie:12201,movie,Edge of Darkness,2010-01-28,6.454,1789,8.4831
movie:292280,movie,The Bye Bye Man,2017-01-12,5.213,1327,5.5855
movie:8090,movie,Untraceable,2008-01-22,6.245,1015,5.8874
movie:9737,movie,Bad Boys,1995-04-07,6.831,7097,13.9208
movie:4958,movie,The Legend of Bagger Vance,2000-11-02,6.607,1013,4.812
movie:3594,movie,The Number 23,2007-02-23,6.406,3600,7.1467
movie:74725,movie,Kill List,2011-09-02,6.2,904,4.0238
movie:38321,movie,Priest,2011-05-05,5.91,2607,9.7161
movie:192102,movie,3 Days to Kill,2014-02-14,6.103,2361,7.5925
movie:9982,movie,Chicken Little,2005-11-04,5.918,4243,10.7029
movie:13613,movie,Day of the Dead,2008-04-08,5.217,445,3.242
movie:7485,movie,Shooter,2007-03-22,7.129,5584,15.8986
movie:1646,movie,Freedom Writers,2007-01-05,7.924,2471,7.2492
movie:490,movie,The Seventh Seal,1957-02-16,8.1,3435,8.9311
movie:480001,movie,The Art of Self-Defense,2019-07-12,6.578,856,4.8565
tv:4550,tv,7th Heaven,1996-08-26,6.437,238,14.1637
movie:10479,movie,Rules of Engagement,2000-04-07,6.243,816,7.2794
movie:82690,movie,Wreck-It Ralph,2012-11-01,7.361,13266,18.2409
movie:109421,movie,Side Effects,2013-02-07,6.614,3374,5.7213
movie:606234,movie,Archive,2020-08-13,6.38,844,7.432
movie:8769,movie,Christine,1983-12-09,6.877,2309,9.0871
movie:788,movie,Mrs. Doubtfire,1993-11-24,7.197,6754,10.4062
movie:181283,movie,Child 44,2015-03-15,6.28,1853,10.0184
movie:9411,movie,Fallen,1998-01-16,6.813,1667,8.9627
movie:9526,movie,A Prairie Home Companion,2006-06-01,6.256,328,3.3704
movie:1776,movie,Jesus Camp,2006-09-15,7.017,391,2.4963
tv:105,tv,Sex and the City,1998-06-06,7.4,2185,52.9335
movie:10388,movie,The Limey,1999-10-08,6.533,509,4.8074
movie:7518,movie,Over the Hedge,2006-05-17,6.605,4950,17.7512
movie:3090,movie,The Treasure of the Sierra Madre,1948-01-15,7.955,1379,4.9419
movie:86825,movie,Stoker,2013-02-28,6.64,2476,6.4312
tv:1420,tv,New Girl,2011-09-20,7.4,1720,62.8548
movie:136,movie,Freaks,1932-01-01,7.8,1330,4.5131
movie:9785,movie,The Invisible,2007-04-27,6.368,602,4.2856
movie:87428,movie,That's My Boy,2012-06-14,5.806,2186,8.565
movie:271969,movie,Ben-Hur,2016-08-17,5.778,1821,7.282
movie:11782,movie,Hard Boiled,1992-04-16,7.528,974,9.4607
movie:23048,movie,Hot Tub Time Machine,2010-03-26,6.046,2806,7.9714
movie:232672,movie,Blended,2014-05-21,6.896,3877,8.729
movie:257088,movie,Point Break,2015-12-03,5.953,2482,10.8161
movie:276907,movie,Legend,2015-09-09,7.05,4373,11.8341
movie:9013,movie,Midnight Run,1988-07-20,7.182,1323,6.6652
tv:41727,tv,Banshee,2013-01-11,7.985,1436,44.368
movie:10144,movie,The Little Mermaid,1989-11-17,7.353,8530,20.3869
movie:686245,movie,Survive the Night,2020-07-03,4.8,265,3.1222
movie:9292,movie,Hudson Hawk,1991-05-23,5.73,1173,6.6956
movie:164457,movie,Out of the Furnace,2013-11-12,6.56,2168,7.5654
movie:390641,movie,Vaxxed: From Cover-Up to Catastrophe,2016-04-01,5.5,43,1.0941
movie:460321,movie,Close,2019-02-22,6.0,727,5.0179
movie:13850,movie,Song of the South,1946-11-20,6.481,311,3.085
tv:74016,tv,The Resident,2018-01-21,8.367,1335,44.1077
movie:4912,movie,Confessions of a Dangerous Mind,2002-12-31,6.676,1297,4.8407
movie:7211,movie,Dan in Real Life,2007-10-26,6.577,1388,4.4569
tv:96648,tv,Sweet Home,2020-12-18,8.2,1609,24.0406
movie:13389,movie,Righteous Kill,2008-09-11,5.87,1383,5.8655
movie:9739,movie,Demolition Man,1993-10-08,6.763,4225,10.7606
movie:9461,movie,Enter the Dragon,1973-08-17,7.418,2147,11.6616
movie:472734,movie,Dumplin',2018-12-20,6.762,1453,3.7877
movie:1885,movie,The Karate Kid,1984-06-22,7.229,4827,11.6493
movie:429203,movie,The Old Man & the Gun,2018-09-27,6.434,1529,5.0177
movie:59961,movie,Safe House,2012-02-08,6.489,4001,7.8971
movie:700,movie,Octopussy,1983-06-05,6.354,2271,8.7589
movie:46261,movie,Don't Be Afraid of the Dark,2010-11-06,5.836,1164,5.4625
movie:9529,movie,Candyman,1992-10-16,6.668,1854,6.1247
movie:10214,movie,Son of the Mask,2005-02-11,4.191,1992,7.336
movie:9297,movie,Monster House,2006-06-30,6.709,4425,13.6149
movie:50839,movie,Margin Call,2011-09-28,6.857,2152,9.6877
movie:1639,movie,Speed 2: Cruise Control,1997-06-13,4.6,1851,9.0316
movie:12208,movie,Casino Royale,1967-04-18,5.247,847,7.0537
movie:29193,movie,The Spanish Prisoner,1997-12-03,6.818,322,4.256
movie:1992,movie,Planet Terror,2007-04-06,6.692,3942,7.6871
movie:10907,movie,The Adventures of Robin Hood,1938-05-13,7.5,867,5.1006
movie:10823,movie,Children of the Corn,1984-03-09,5.732,1161,7.4188
movie:474051,movie,Calibre,2018-06-22,6.472,809,2.7325
movie:400155,movie,Hotel Transylvania 3: Summer Vacation,2018-06-28,6.841,4779,13.0199
movie:18162,movie,Land of the Lost,2009-06-05,5.468,1488,6.3944
movie:80585,movie,Rock of Ages,2012-06-13,6.193,1380,5.6196
movie:13370,movie,A Mighty Wind,2003-04-16,6.781,279,3.1923
movie:11327,movie,Midnight Express,1978-08-31,7.442,1935,6.8766
movie:401371,movie,Mute,2018-02-23,5.567,1165,5.1299
movie:216282,movie,Into the Storm,2014-08-06,6.068,2215,6.6932
movie:1024,movie,Heavenly Creatures,1994-09-12,6.961,1056,4.0755
movie:1249,movie,Hollywoodland,2006-08-31,6.103,465,5.1552
movie:446893,movie,Trolls World Tour,2020-03-11,7.224,2307,17.906
movie:536743,movie,Queen & Slim,2019-11-27,7.1,772,3.3437
movie:520900,movie,The Personal History of David Copperfield,2019-11-07,6.399,550,4.0444
tv:1667,tv,Saturday Night Live,1975-10-11,6.908,519,87.7709
tv:4278,tv,Friday Night Lights,2006-10-03,8.0,326,33.4056
tv:63623,tv,Fuller House,2016-02-26,7.4,596,19.0086
movie:723072,movie,Host,2020-09-10,6.565,1319,6.3923
tv:32798,tv,Hawaii Five-0,2010-09-20,7.739,1899,108.6548
tv:63646,tv,Counterpart,2017-12-10,7.461,453,14.2085
movie:1665,movie,Last Days,2005-06-12,5.586,424,2.7308
movie:260346,movie,Taken 3,2014-12-16,6.262,6254,17.9423
movie:9423,movie,Virus,1999-01-14,5.405,711,4.2885
movie:6877,movie,Failure to Launch,2006-03-10,5.851,1856,6.4573
movie:49524,movie,R.I.P.D.,2013-07-18,5.862,4369,9.865
movie:72431,movie,Red Tails,2012-01-19,6.668,733,3.9051
movie:43930,movie,"Tomorrow, When the War Began",2010-08-08,6.082,561,2.9608
movie:222936,movie,Aloha,2015-05-29,5.515,2186,4.8759
movie:661043,movie,Malang,2020-02-06,7.015,66,1.5527
movie:396,movie,Who's Afraid of Virginia Woolf?,1966-06-22,7.69,937,5.5232
movie:11046,movie,Where Eagles Dare,1968-12-04,7.5,1020,9.5554
tv:1620,tv,CSI: Miami,2002-09-23,7.688,1740,105.9899
movie:324670,movie,Spectral,2016-12-09,6.559,2075,6.8252
movie:13804,movie,Fast & Furious,2009-04-02,6.688,7952,1.6863
movie:6116,movie,Spice World,1997-12-18,4.9,513,3.4633
movie:13342,movie,Fast Times at Ridgemont High,1982-08-13,6.791,1409,6.3408
movie:10070,movie,Feast,2005-10-14,6.147,631,3.5917
movie:551,movie,The Poseidon Adventure,1972-12-01,7.151,1049,7.2871
movie:210860,movie,Mortdecai,2015-01-21,5.521,2797,8.5341
movie:400579,movie,Tully,2018-05-04,6.775,1554,3.9121
movie:9801,movie,Bridget Jones: The Edge of Reason,2004-11-10,6.225,3069,5.69
movie:514921,movie,The Aeronauts,2019-11-04,6.805,1221,3.9886
movie:10707,movie,The Squid and the Whale,2005-10-05,6.949,1102,5.7658
movie:2900,movie,The Astronaut's Wife,1999-08-27,5.599,1011,6.553
movie:55779,movie,Final Destination 5,2011-08-12,6.158,4203,12.7897
movie:37257,movie,Witness for the Prosecution,1957-12-17,8.208,1751,9.5637
tv:64396,tv,Patriot,2015-11-03,7.594,191,9.6166
movie:772,movie,Home Alone 2: Lost in New York,1992-11-15,6.793,10843,30.1271
movie:485415,movie,Day of the Dead: Bloodline,2017-12-29,4.678,672,4.6032
movie:543580,movie,They Shall Not Grow Old,2018-11-09,7.764,691,3.941
movie:11648,movie,Must Love Dogs,2005-07-21,5.93,509,3.5224
tv:62320,tv,Grace and Frankie,2015-05-08,7.724,379,30.0056
movie:565310,movie,The Farewell,2019-07-12,7.409,1575,4.7819
movie:12184,movie,The Other Boleyn Girl,2008-02-28,6.706,2267,8.7519
movie:11983,movie,Proof of Life,2000-12-08,6.147,890,4.8566
movie:644712,movie,Street Dancer 3D,2020-01-24,6.6,45,2.1979
movie:10152,movie,Dumb and Dumberer: When Harry Met Lloyd,2003-04-14,4.15,935,6.8241
movie:55420,movie,Another Earth,2011-07-22,6.709,1853,5.2914
movie:467632,movie,Bad Samaritan,2018-04-19,6.732,790,4.0366
tv:4194,tv,Star Wars: The Clone Wars,2008-10-03,8.467,2410,61.9411
movie:9016,movie,Treasure Planet,2002-11-26,7.575,4705,13.7106
tv:64199,tv,Sneaky Pete,2015-08-07,7.494,425,24.2654
movie:25941,movie,Harry Brown,2009-11-11,6.813,1190,5.1499
tv:4454,tv,Will & Grace,1998-09-21,6.865,582,37.9051
movie:24803,movie,Julie & Julia,2009-08-06,6.712,2249,5.4268
movie:228161,movie,Home,2015-03-18,6.789,4306,13.5261
tv:655,tv,Star Trek: The Next Generation,1987-09-28,8.384,1831,80.4372
movie:620725,movie,Jexi,2019-10-10,6.749,1314,6.3338
movie:26389,movie,From Paris with Love,2010-02-04,6.455,2422,13.2945
movie:9874,movie,Cobra,1986-05-22,6.156,2010,8.5483
movie:9445,movie,Apt Pupil,1998-10-23,6.538,749,4.8538
movie:1923,movie,Twin Peaks: Fire Walk with Me,1992-06-03,7.4,2337,10.1812
movie:9678,movie,Little Nicky,2000-11-10,5.836,2029,6.8529
movie:97430,movie,The Man with the Iron Fists,2012-11-02,5.514,1241,7.4047
movie:5156,movie,Bicycle Thieves,1948-07-21,8.163,2731,6.9132
movie:4967,movie,Keeping the Faith,2000-04-14,6.11,683,3.3386
movie:88794,movie,J. Edgar,2011-11-09,6.228,2626,6.1466
tv:1777,tv,Boy Meets World,1993-09-24,8.289,584,27.303
tv:90670,tv,Pandora,2019-07-16,5.468,124,6.4786
movie:12403,movie,A Perfect Getaway,2009-06-08,6.335,1469,6.725
movie:9313,movie,The Man in the Iron Mask,1998-03-12,6.657,4202,10.3592
movie:9441,movie,Stepmom,1998-12-25,7.154,1568,6.9273
tv:32754,tv,Terra Nova,2011-09-26,6.751,905,10.746
movie:10763,movie,Dr. T & the Women,2000-09-13,4.9,359,2.7617
movie:514287,movie,Cuties,2020-02-11,3.273,11,0.586
movie:575774,movie,His House,2020-01-27,6.403,1264,3.9364
movie:53284,movie,Do Dooni Chaar,2010-10-08,6.781,32,1.0122
tv:69557,tv,Fauda,2015-02-15,7.421,266,32.3165
movie:713,movie,The Piano,1993-05-18,7.369,1680,8.215
movie:16608,movie,The Proposition,2005-10-06,7.003,733,4.7842
movie:11587,movie,The Exorcist III,1990-08-17,6.296,886,6.8885
movie:9570,movie,The Black Hole,1979-12-19,5.831,563,4.8338
movie:463053,movie,Ibiza,2018-05-25,5.705,1190,2.326
movie:6961,movie,The Wedding Date,2005-02-04,6.81,1273,3.9689
movie:12767,movie,Cold Creek Manor,2003-09-19,5.355,553,3.8452
movie:11908,movie,Hatchet,2006-04-27,5.753,741,3.546
tv:1415,tv,Elementary,2012-09-27,7.635,1876,80.921
movie:7341,movie,The Rage: Carrie 2,1999-03-12,5.645,477,4.6274
movie:689723,movie,Dangerous Lies,2020-04-30,6.272,912,3.8189
movie:696,movie,Manhattan,1979-04-25,7.705,2661,4.8841
movie:346709,movie,Line of Duty,2019-12-25,5.889,370,5.1701
movie:10358,movie,Zack and Miri Make a Porno,2008-09-18,6.333,2739,8.0593
movie:337167,movie,Fifty Shades Freed,2018-01-17,6.669,8423,24.8706
movie:147773,movie,The Way Way Back,2013-06-06,7.132,1993,4.4484
movie:10377,movie,My Cousin Vinny,1992-03-13,7.498,1952,7.8197
movie:180299,movie,The Raid 2,2014-03-27,7.613,2672,10.1095
movie:994,movie,Straw Dogs,1971-11-25,7.149,1101,5.5587
movie:7548,movie,The Libertine,2004-09-16,5.925,497,3.8709
movie:10982,movie,Hoodwinked!,2005-12-16,6.308,1971,10.5083
movie:2749,movie,15 Minutes,2001-03-01,5.916,830,5.7809
movie:4806,movie,Runaway Bride,1999-07-30,6.098,2204,6.8451
tv:69373,tv,Bill Nye Saves the World,2017-04-21,3.897,58,5.2782
movie:38055,movie,Megamind,2010-10-28,7.036,7646,17.2634
tv:64230,tv,Preacher,2016-05-22,7.437,1340,23.2536
movie:11499,movie,Frost/Nixon,2008-10-15,7.28,1334,5.3896
movie:11427,movie,Dead End,2003-12-12,6.389,616,4.2613
movie:3563,movie,I Now Pronounce You Chuck & Larry,2007-07-12,6.09,2584,8.2135
movie:1369,movie,Rambo: First Blood Part II,1985-05-21,6.666,4428,14.2186
movie:11009,movie,Saturday Night Fever,1977-12-16,6.73,2129,8.2783
movie:666,movie,Central Station,1998-04-03,8.121,1072,5.1513
tv:96481,tv,Rise of Empires: Ottoman,2020-01-24,7.5,349,8.8374
movie:636449,movie,Ujda Chaman,2019-11-01,6.483,29,1.1017
tv:71890,tv,Friends from College,2017-07-14,6.263,135,8.3564
movie:33909,movie,Wall Street: Money Never Sleeps,2010-09-20,6.091,1731,6.6925
movie:258216,movie,Nymphomaniac: Vol. I,2013-12-25,6.852,3738,2.4704
movie:267935,movie,The BFG,2016-06-01,6.286,3696,10.0816
movie:422,movie,8½,1963-02-14,8.1,2579,8.051
movie:3078,movie,It Happened One Night,1934-02-22,7.817,1448,5.2919
movie:11690,movie,Bloodsport,1988-02-26,7.064,2243,10.3689
movie:637113,movie,Square One,2019-10-05,8.6,58,1.6955
movie:10061,movie,Escape from L.A.,1996-08-09,5.866,1658,7.3842
movie:287424,movie,Maggie,2015-05-08,5.404,1703,7.4961
movie:887,movie,The Best Years of Our Lives,1946-12-25,7.745,762,4.4359
tv:65784,tv,Slasher,2016-03-04,6.693,350,13.1979
movie:15856,movie,House on Haunted Hill,1959-01-01,6.753,627,5.089
movie:1636,movie,Bedazzled,2000-10-19,6.12,2172,7.886
movie:302401,movie,Snowden,2016-09-15,7.115,4751,8.2559
movie:15037,movie,Can't Hardly Wait,1998-06-12,6.248,610,4.047
movie:11770,movie,Shaolin Soccer,2001-07-05,7.208,2638,16.0585
movie:606717,movie,Angrezi Medium,2020-03-13,7.019,79,1.5497
movie:205022,movie,Chennai Express,2013-08-08,6.501,399,3.9423
movie:865,movie,The Running Man,1987-11-13,6.54,2943,9.8367
tv:66676,tv,Queen of the South,2016-06-23,7.609,478,17.4244
movie:11933,movie,Nothing but Trouble,1991-02-15,5.3,411,5.0797
movie:1278,movie,The Dreamers,2003-10-10,7.178,3147,16.9532
tv:5148,tv,Stargate Universe,2009-10-02,7.421,810,19.5267
movie:10741,movie,Bobby,2006-09-05,6.422,434,2.5706
movie:10480,movie,Nurse Betty,2000-08-30,6.067,439,4.2371
movie:1382,movie,Me and You and Everyone We Know,2005-05-12,6.991,383,2.9646
movie:467,movie,The Hole,2001-04-20,6.195,919,3.9861
tv:80213,tv,The Purge,2018-09-04,6.904,3410,13.6776
movie:396717,movie,12 Kilometers,2016-04-16,6.7,6,0.8546
movie:950,movie,Ice Age: The Meltdown,2006-03-29,6.726,10502,17.4812
movie:635,movie,Angel Heart,1987-03-06,7.121,1783,6.6917
movie:179826,movie,Odd Thomas,2013-01-29,6.939,1506,5.9785
movie:11519,movie,1941,1979-12-14,5.765,727,5.1135
movie:214756,movie,Ted 2,2015-06-25,6.325,8118,24.2123
movie:10253,movie,Dragon Wars: D-War,2007-08-01,4.583,482,4.4599
movie:523172,movie,Late Night,2019-01-25,6.385,897,4.0673
movie:10545,movie,The Hunchback of Notre Dame,1996-06-21,7.1,5451,11.7715
movie:205220,movie,Philomena,2013-11-01,7.339,1745,3.5029
movie:535544,movie,Downton Abbey,2019-09-12,7.148,1283,6.7978
movie:9429,movie,A Night at the Roxbury,1998-10-01,6.5,1029,6.8217
movie:290,movie,Barton Fink,1991-08-01,7.465,1932,5.5886
movie:11639,movie,The Dark Crystal,1982-12-17,7.153,1295,5.9159
movie:10033,movie,Just Friends,2005-11-23,6.205,1839,5.5477
movie:11452,movie,National Lampoon's Van Wilder,2002-03-29,6.037,1990,6.655
movie:60304,movie,Hansel & Gretel: Witch Hunters,2013-01-17,6.108,7202,10.9572
movie:2140,movie,Kiss of the Dragon,2001-07-06,6.938,1393,8.3928
movie:400928,movie,Gifted,2017-04-07,8.0,6036,10.2728
movie:8688,movie,Snake Eyes,1998-08-07,6.204,1561,6.3991
movie:576156,movie,The Lovebirds,2020-05-22,6.097,741,2.8946
movie:12103,movie,Don't Say a Word,2001-09-28,6.269,1109,6.2775
movie:10376,movie,The Legend of 1900,1998-10-28,8.239,2486,7.7238
movie:6844,movie,The Ten Commandments,1956-10-05,7.794,1916,11.0417
movie:10567,movie,Dinosaur,2000-05-19,6.586,2805,10.5903
movie:45132,movie,Super,2010-11-26,6.519,1775,4.6432
movie:10206,movie,Buffy the Vampire Slayer,1992-07-24,5.605,935,6.6061
movie:258230,movie,A Monster Calls,2016-10-07,7.309,3625,8.7935
movie:10159,movie,The Rundown,2003-09-26,6.445,2227,7.7499
movie:43347,movie,Love & Other Drugs,2010-11-22,7.042,5699,12.8664
movie:347969,movie,The Ridiculous 6,2015-12-11,5.231,1560,6.4344
movie:10428,movie,Hackers,1995-09-14,6.387,1533,10.5971
movie:499701,movie,Dora and the Lost City of Gold,2019-08-08,6.619,1860,9.7583
tv:39269,tv,Scandal,2012-04-05,7.2,615,68.9767
movie:5558,movie,The Phantom of Liberty,1974-09-10,7.463,338,3.2536
tv:11245,tv,Angels in America,2003-12-07,7.571,260,5.4853
movie:281,movie,Strange Days,1995-10-13,7.023,1595,7.0967
movie:9555,movie,Rabbit-Proof Fence,2002-02-04,6.991,398,4.1992
movie:12877,movie,Dead Man's Shoes,2004-09-29,7.104,628,3.3456
tv:93785,tv,Barbarians,2020-10-23,7.293,675,9.7017
movie:391,movie,A Fistful of Dollars,1964-09-12,7.823,4835,13.5486
movie:109491,movie,Beautiful Creatures,2013-02-13,6.046,2967,8.3042
movie:5549,movie,RoboCop 2,1990-06-22,6.038,2192,8.5545
movie:5902,movie,A Bridge Too Far,1977-06-15,7.196,967,6.4452
movie:144336,movie,Sabotage,2014-03-28,5.625,1552,5.6422
movie:15774,movie,Swades,2004-12-17,7.3,399,2.2674
movie:23047,movie,Season of the Witch,2011-01-07,5.531,2704,10.2685
tv:81026,tv,Rise of the Teenage Mutant Ninja Turtles,2018-07-20,7.506,85,17.112
movie:13813,movie,Defiance,2008-12-31,6.841,1944,6.5058
tv:688,tv,The West Wing,1999-09-22,8.264,599,91.7995
movie:27022,movie,The Sorcerer's Apprentice,2010-07-13,6.144,5362,12.3956
movie:6478,movie,Beyond the Sea,2004-11-16,6.309,183,2.5017
movie:280092,movie,Insidious: Chapter 3,2015-05-28,6.295,3727,43.1684
movie:615667,movie,Ma Rainey's Black Bottom,2020-11-25,6.647,1285,5.7085
movie:335866,movie,Circle,2015-05-28,6.017,2163,4.1818
movie:109410,movie,42,2013-04-12,7.213,2001,8.0982
movie:8920,movie,Garfield,2004-06-10,5.724,4307,9.9518
movie:352173,movie,Drishyam,2015-07-30,7.5,505,2.2228
movie:512,movie,Scoop,2006-07-27,6.595,1780,4.147
movie:8974,movie,The War of the Worlds,1953-04-03,6.807,724,7.315
tv:1426,tv,Luther,2010-05-04,7.854,1236,16.8701
movie:10576,movie,Psycho II,1983-06-03,6.505,761,5.4014
movie:14433,movie,Zulu,1964-01-22,7.369,583,4.4966
movie:11375,movie,Hollywood Homicide,2003-06-09,5.238,714,5.0757
movie:9895,movie,Man of the Year,2006-10-09,5.936,514,4.4924
movie:10549,movie,Hamlet,1996-12-25,7.31,522,3.0838
movie:42297,movie,Burlesque,2010-11-23,7.212,2399,5.1581
movie:487680,movie,The Kitchen,2019-08-08,6.095,738,6.2942
movie:24420,movie,The Time Traveler's Wife,2009-08-14,6.952,2762,10.1171
movie:50348,movie,The Lincoln Lawyer,2011-03-17,7.207,3735,8.4752
movie:446791,movie,All the Money in the World,2017-12-21,6.492,2458,8.4162
movie:10530,movie,Pocahontas,1995-06-16,6.913,6168,10.9728
tv:67773,tv,Dirk Gently's Holistic Detective Agency,2016-10-22,7.688,934,15.6961
movie:1645,movie,A Time to Kill,1996-07-24,7.395,3060,9.906
movie:149509,movie,Horns,2013-09-06,6.298,2487,4.4789
movie:10315,movie,Fantastic Mr. Fox,2009-10-14,7.8,6271,14.0228
movie:112205,movie,The Family,2013-09-13,6.36,3154,7.4949
movie:212,movie,Arsenic and Old Lace,1944-09-01,7.618,1066,4.3784
movie:606535,movie,Shubh Mangal Zyada Saavdhan,2020-02-21,6.031,64,1.2373
movie:580630,movie,Girl on the Third Floor,2019-10-25,5.214,336,2.3129
tv:1920,tv,Twin Peaks,1990-04-08,8.337,2674,58.951
tv:93289,tv,Brave New World,2020-07-15,6.621,240,8.778
movie:47327,movie,Drive Angry,2011-02-24,5.549,2095,7.6475
movie:21734,movie,Shadow of a Doubt,1943-01-12,7.5,1183,4.7252
movie:429476,movie,Hell Fest,2018-09-27,5.674,892,3.6801
movie:11622,movie,Blast from the Past,1999-02-12,6.797,1258,9.5452
movie:396806,movie,Anon,2018-05-03,6.02,1767,5.3078
tv:74204,tv,Big Mouth,2017-09-29,7.612,1250,33.7639
movie:168098,movie,Cell,2016-07-06,4.713,1162,5.6094
movie:316727,movie,The Purge: Election Year,2016-06-29,6.376,5568,12.2703
movie:19204,movie,The Beyond,1981-04-22,6.879,686,4.2181
movie:9531,movie,Superman III,1983-06-17,5.506,1929,6.5706
movie:2196,movie,Death at a Funeral,2007-08-17,6.921,1957,4.8357
movie:16523,movie,Where the Wild Things Are,2009-10-16,6.502,2058,7.2929
movie:9482,movie,Judge Dredd,1995-06-30,5.851,2817,8.8019
movie:412117,movie,The Secret Life of Pets 2,2019-05-24,6.947,3404,17.2716
tv:1436,tv,Justified,2010-03-16,7.988,879,36.5063
movie:14438,movie,Fireproof,2008-09-26,7.694,872,4.3146
movie:1957,movie,Enough,2002-05-21,6.642,1264,7.0163
tv:5920,tv,The Mentalist,2008-09-23,8.4,4621,349.0056
movie:12106,movie,The Quick and the Dead,1995-02-09,6.539,2014,10.9143
movie:203739,movie,Vampire Academy,2014-02-07,6.316,1836,5.3623
movie:7303,movie,Maid in Manhattan,2002-12-13,6.135,2086,6.8821
movie:346303,movie,Audacity,2015-06-18,4.45,20,0.8595
movie:184346,movie,Deliver Us from Evil,2014-07-01,6.256,2277,8.4905
movie:14114,movie,You Got Served,2004-01-30,6.385,482,3.4336
movie:346648,movie,Paddington 2,2017-11-09,7.485,2879,10.4158
movie:285783,movie,The Walk,2015-09-30,6.989,3443,7.8595
movie:21407,movie,The Collector,2009-07-09,6.625,1721,6.1349
movie:323368,movie,Hangman,2017-12-22,5.815,664,4.6268
movie:32307,movie,Santa Claus Conquers the Martians,1964-11-14,3.132,140,1.3955
movie:241554,movie,Run All Night,2015-03-11,6.437,3027,10.5454
movie:847,movie,Willow,1988-05-20,7.003,2230,9.9503
movie:2355,movie,Reign Over Me,2007-03-22,7.214,1240,7.2133
movie:4953,movie,Be Kind Rewind,2008-02-21,6.286,1522,4.4695
movie:9023,movie,Spirit: Stallion of the Cimarron,2002-05-24,7.705,5002,11.0305
movie:1656,movie,The Legend of Zorro,2005-10-24,6.12,3153,9.9969
movie:8844,movie,Jumanji,1995-12-15,7.247,11492,4.6194
movie:19366,movie,Josie and the Pussycats,2001-04-06,5.809,383,3.7892
movie:11071,movie,Them!,1954-06-16,6.838,476,4.1934
movie:1052,movie,Blow-Up,1966-12-18,7.313,1402,5.1596
movie:4379,movie,Monster-in-Law,2005-05-13,6.227,1790,5.9371
movie:478682,movie,Gold,2018-08-15,7.03,83,1.2743
movie:555974,movie,Brahms: The Boy II,2020-02-20,5.867,1324,5.1326
movie:36670,movie,Never Say Never Again,1983-10-07,6.081,1665,9.8761
movie:285923,movie,Grindhouse,2007-04-06,7.003,1926,5.5951
tv:1427,tv,Broadchurch,2013-03-04,7.911,1028,24.6448
movie:17814,movie,Assault on Precinct 13,1976-10-08,7.259,1247,4.8966
tv:54650,tv,Power,2014-06-07,7.691,1303,27.884
movie:13515,movie,Mirrors,2008-08-14,6.307,2106,6.872
movie:683342,movie,V,2020-09-05,6.561,131,1.3072
movie:370755,movie,Paterson,2016-11-17,7.118,2105,6.1987
movie:11169,movie,Spartan,2004-03-12,6.171,432,4.6029
tv:96713,tv,The Midnight Gospel,2020-04-20,8.276,952,6.4245
movie:454467,movie,Noelle,2019-11-12,6.573,761,4.1272
movie:3489,movie,88 Minutes,2007-02-14,5.777,1213,6.1322
movie:574,movie,The Man Who Knew Too Much,1956-05-16,7.432,1594,7.1515
movie:9682,movie,Pulse,2006-08-11,5.071,601,4.9983
movie:858,movie,Sleepless in Seattle,1993-06-24,6.742,2658,9.1959
movie:837,movie,Videodrome,1983-02-04,7.252,2545,7.5893
movie:1648,movie,Bill & Ted's Excellent Adventure,1989-02-17,6.843,2161,5.919
movie:188207,movie,The Legend of Hercules,2014-01-10,4.804,1423,7.7389
movie:14560,movie,Paul Blart: Mall Cop,2009-01-15,5.452,2772,7.2866
movie:449924,movie,Ip Man 4: The Finale,2019-12-19,7.268,2171,3.1943
tv:2327,tv,Dawson's Creek,1998-01-20,7.306,623,40.5185
movie:688,movie,The Bridges of Madison County,1995-06-02,7.714,2424,11.1809
movie:49444,movie,Kung Fu Panda 2,2011-05-25,7.081,8089,17.266
movie:7979,movie,The Kite Runner,2007-12-14,7.333,1275,6.0115
movie:564704,movie,Jallikattu,2019-10-04,6.697,94,1.0564
tv:100732,tv,Bhaukaal,2020-03-06,6.538,13,4.3823
movie:244458,movie,The Voices,2014-01-19,6.259,1948,5.2971
movie:14442,movie,Ella Enchanted,2004-04-09,6.48,2009,7.6339
movie:19959,movie,Surrogates,2009-09-24,6.158,3522,9.1212
movie:295693,movie,The Boss Baby,2017-03-23,6.451,7555,5.2528
movie:280795,movie,Haider,2014-10-02,7.219,258,1.3816
movie:14181,movie,Boiler Room,2000-02-18,6.709,759,5.2474
tv:73925,tv,Kidding,2018-09-09,7.603,353,11.7667
movie:28355,movie,Case 39,2009-08-13,6.316,2427,7.1503
tv:90766,tv,Teenage Bounty Hunters,2020-08-14,7.686,376,6.2317
movie:10998,movie,Fatal Attraction,1987-09-18,6.831,1734,8.4272
movie:50544,movie,Friends with Benefits,2011-07-21,6.64,8490,11.3615
movie:914,movie,The Great Dictator,1940-10-15,8.285,3787,11.467
movie:227719,movie,Project Almanac,2015-01-28,6.797,2925,7.5882
movie:83666,movie,Moonrise Kingdom,2012-05-16,7.678,6444,8.9556
movie:64328,movie,The Muppets,2011-11-23,6.667,1729,7.2975
tv:60603,tv,The Curse of Oak Island,2014-01-05,7.2,152,22.7446
movie:49519,movie,The Croods,2013-03-15,6.946,7671,21.4658
movie:608195,movie,Ghosts of War,2020-07-03,6.233,592,4.0395
movie:14295,movie,You Can Count on Me,2000-03-03,6.866,363,2.9451
movie:11978,movie,Men of Honor,2000-09-13,7.494,2566,8.3526
tv:56296,tv,Orphan Black,2013-03-30,7.814,1475,21.9884
movie:1371,movie,Rocky III,1982-05-28,6.908,4605,10.252
movie:62835,movie,Colombiana,2011-07-27,6.647,2936,11.2726
movie:22832,movie,Ninja Assassin,2009-09-29,6.744,1855,10.5058
movie:10564,movie,Where the Heart Is,2000-04-27,7.1,761,5.668
tv:43901,tv,Longmire,2012-06-03,7.695,333,24.3034
movie:902,movie,The City of Lost Children,1995-05-17,7.248,1250,6.7711
movie:15258,movie,The Aristocrats,2005-07-29,5.901,181,2.9781
tv:91056,tv,Blown Away,2019-07-12,6.813,41,3.3968
tv:1891,tv,Rome,2005-08-28,8.2,1555,23.0968
movie:4824,movie,The Jackal,1997-11-14,6.406,2189,10.976
movie:9100,movie,The Craft,1996-05-03,6.779,2109,10.9521
movie:117319,movie,Vishwaroopam,2013-01-25,6.4,105,1.2444
tv:1431,tv,CSI: Crime Scene Investigation,2000-10-06,7.623,1420,185.4147
movie:16995,movie,State of Play,2009-04-17,6.809,2199,7.1907
tv:111462,tv,The Liberator,2020-11-11,7.103,195,3.1578
movie:12703,movie,The Brown Bunny,2003-11-14,5.4,283,4.2846
movie:48340,movie,Sanctum,2011-02-03,6.049,1192,6.6564
movie:9912,movie,The World's Fastest Indian,2005-10-12,7.682,914,8.6092
tv:83050,tv,Spinning Out,2020-01-01,7.862,327,5.0687
movie:891,movie,All the President's Men,1976-04-09,7.655,2133,8.9584
movie:76640,movie,The Last Stand,2013-01-12,6.095,3052,7.9568
movie:1259,movie,Notes on a Scandal,2006-12-25,7.09,1008,5.4251
movie:11459,movie,Sky High,2005-07-29,6.267,2526,8.8645
movie:5174,movie,Rush Hour 3,2007-08-08,6.499,3823,10.7109
movie:704,movie,A Hard Day's Night,1964-07-07,7.304,760,4.0906
movie:64720,movie,Take Shelter,2011-09-30,7.056,2057,5.0965
movie:593035,movie,Alien Warfare,2019-04-05,4.059,152,1.7766
movie:10537,movie,The Doors,1991-03-01,7.101,1641,5.3381
tv:10331,tv,Spawn,1997-05-16,8.0,301,8.7074
movie:10877,movie,Exit Wounds,2001-03-16,5.926,601,7.0016
movie:260,movie,The 39 Steps,1935-06-06,7.3,1084,4.3189
movie:811,movie,Silent Running,1972-03-09,6.383,659,5.2453
movie:11697,movie,The Man Who Shot Liberty Valance,1962-04-13,7.827,1325,5.2334
movie:32856,movie,Valentine's Day,2010-02-10,5.928,3207,5.8894
movie:401847,movie,Can You Ever Forgive Me?,2018-10-19,6.805,1376,4.5225
movie:9796,movie,Turistas,2006-12-01,5.478,903,3.4074
movie:11249,movie,Seed of Chucky,2004-11-12,5.503,1793,7.8266
movie:24869,movie,Ink,2009-01-23,6.329,347,2.6756
movie:3063,movie,Duck Soup,1933-11-12,7.316,877,2.8556
movie:16281,movie,Creepshow,1982-11-10,6.894,1181,7.143
tv:79649,tv,Project Blue Book,2019-01-08,8.121,1132,11.977
movie:351044,movie,Welcome to Marwen,2018-12-21,6.492,1224,3.7087
movie:302699,movie,Central Intelligence,2016-06-15,6.416,6465,14.2625
movie:11549,movie,Invasion of the Body Snatchers,1956-02-05,7.457,1226,5.4593
movie:709681,movie,Chaman Bahaar,2020-06-19,5.433,30,1.9335
movie:397422,movie,Rough Night,2017-06-15,5.691,2126,6.7582
movie:6973,movie,In the Valley of Elah,2007-09-14,6.78,1127,7.4156
movie:9424,movie,Disturbing Behavior,1998-07-24,5.825,429,3.3734
movie:3134,movie,Baise-moi,2000-06-28,4.839,496,11.3711
movie:11234,movie,The Omega Man,1971-08-01,6.176,632,5.7007
movie:342470,movie,All the Bright Places,2020-02-28,7.635,3058,6.0151
movie:400710,movie,Flatliners,2017-09-28,5.641,2420,6.562
movie:10390,movie,For Love of the Game,1999-09-17,6.392,481,5.1411
movie:34653,movie,A Single Man,2009-12-11,7.266,1692,4.6705
movie:406563,movie,Insidious: The Last Key,2018-01-03,6.277,3245,42.6089
tv:236621,tv,Kin,2018-10-01,0.0,0,13.9923
movie:11247,movie,A Cinderella Story,2004-07-16,6.595,3429,13.9055
movie:712,movie,Four Weddings and a Funeral,1994-03-09,6.772,3049,10.0119
movie:551804,movie,Freaky,2020-11-12,6.542,1903,7.9883
tv:110316,tv,Alice in Borderland,2020-12-10,8.092,2807,40.826
movie:534259,movie,Blinded by the Light,2019-08-09,6.9,623,4.8902
movie:244761,movie,The Captive,2014-09-05,5.848,1188,7.5596
movie:25195,movie,Leap Year,2010-01-08,6.9,2200,6.2408
tv:4546,tv,Curb Your Enthusiasm,2000-10-15,8.043,963,73.5254
movie:10022,movie,The Pacifier,2005-03-04,6.077,3316,9.0867
tv:87172,tv,Northern Rescue,2019-03-01,6.179,42,4.4169
movie:1407,movie,La Vie en Rose,2007-02-14,7.361,1761,4.0501
movie:802,movie,Lolita,1962-06-13,7.3,2286,8.0637
movie:16617,movie,Mindhunters,2004-05-07,6.451,1364,7.1454
movie:9980,movie,Maximum Overdrive,1986-07-13,5.834,885,5.8138
movie:100241,movie,"I, Frankenstein",2014-01-22,5.383,2101,6.6791
movie:10992,movie,Cats & Dogs,2001-07-04,5.402,1782,6.3366
tv:113246,tv,Tiny Pretty Things,2020-12-14,7.271,256,4.1298
movie:58431,movie,Pride and Prejudice and Zombies,2016-02-04,6.166,2348,7.1863
movie:266647,movie,Pan,2015-09-24,5.955,2882,7.9357
movie:470401,movie,Abducted in Plain Sight,2017-05-26,6.565,399,1.7072
movie:168,movie,Star Trek IV: The Voyage Home,1986-11-26,7.183,1694,8.2845
movie:10184,movie,He's Just Not That Into You,2009-02-06,6.621,4104,10.6544
tv:4610,tv,Hannah Montana,2006-03-24,7.1,747,38.1902
movie:109431,movie,Identity Thief,2013-02-07,5.85,3563,7.2994
movie:10140,movie,The Chronicles of Narnia: The Voyage of the Dawn Treader,2010-12-02,6.443,5991,10.913
movie:6795,movie,Zathura: A Space Adventure,2005-11-06,6.451,3684,10.6058
movie:9769,movie,Lolita,1997-09-27,7.095,2015,18.9335
movie:261392,movie,American Ultra,2015-08-19,6.099,3007,7.2606
movie:10207,movie,Message in a Bottle,1999-02-22,6.251,848,7.2114
movie:17610,movie,Year One,2009-06-18,4.993,2080,5.1829
movie:57165,movie,Wrath of the Titans,2012-03-28,5.772,4587,12.3203
movie:575417,movie,On the Rocks,2020-10-02,6.091,814,4.3734
movie:10935,movie,Heaven's Gate,1980-11-19,6.747,430,4.6393
movie:4584,movie,Sense and Sensibility,1995-12-13,7.4,1877,12.5541
movie:365942,movie,The Space Between Us,2017-01-26,7.039,2582,10.5642
tv:76659,tv,Breathe,2018-01-26,7.494,77,3.1767
tv:84896,tv,AJ and the Queen,2020-01-10,7.439,163,7.1908
movie:456750,movie,"Game Over, Man!",2018-03-23,5.469,990,4.7345
movie:13403,movie,Hedwig and the Angry Inch,2001-07-20,7.4,442,2.5766
movie:460868,movie,The Accidental Prime Minister,2019-01-11,5.333,27,1.2326
tv:80055,tv,Chambers,2019-04-26,6.596,167,3.6735
tv:76231,tv,Mayans M.C.,2018-09-04,7.971,841,24.5356
movie:655,movie,"Paris, Texas",1984-07-16,8.074,2301,10.148
movie:145,movie,Breaking the Waves,1996-07-05,7.481,1141,4.2552
movie:241259,movie,Alice Through the Looking Glass,2016-05-25,6.568,6861,12.8005
movie:10210,movie,A Midsummer Night's Dream,1999-05-20,6.357,426,4.0934
movie:46738,movie,Incendies,2010-09-17,8.102,3429,14.5073
movie:2142,movie,Cop Land,1997-08-15,6.814,1851,6.7811
movie:58151,movie,Fright Night,2011-08-18,6.246,2172,7.2757
movie:11831,movie,Amistad,1997-12-10,7.014,1449,1.4936
movie:10483,movie,Death Race,2008-08-22,6.319,4242,13.6281
movie:290098,movie,The Handmaiden,2016-06-01,8.2,4456,20.3949
tv:85727,tv,In the Dark,2019-04-04,7.716,213,12.2805
movie:314389,movie,Baby,2015-01-23,6.828,198,2.0744
movie:419680,movie,Daddy's Home 2,2017-11-09,6.305,2775,7.2998
movie:171274,movie,Inherent Vice,2014-12-12,6.545,2778,10.3981
movie:68727,movie,Trance,2013-03-27,6.616,2403,6.2029
tv:73107,tv,Barry,2018-03-25,7.911,1207,22.9159
movie:11954,movie,Lifeforce,1985-06-21,6.206,756,7.7624
movie:3902,movie,I'm Not There,2007-10-01,6.496,795,4.2081
movie:3033,movie,Gods and Monsters,1998-09-12,6.914,402,2.9782
movie:10867,movie,Malena,2000-10-27,7.555,2792,23.3278
movie:9664,movie,Flyboys,2006-09-22,6.547,870,4.0062
movie:4517,movie,Elizabeth: The Golden Age,2007-09-09,6.708,1335,8.1455
movie:10678,movie,Bringing Down the House,2003-03-07,5.955,756,5.6218
movie:228970,movie,Wild,2014-12-05,7.008,2719,6.3051
movie:11379,movie,The Adventures of Buckaroo Banzai Across the 8th Dimension,1984-08-10,5.966,509,6.2705
movie:11298,movie,The Howling,1981-01-21,6.607,921,4.4475
movie:38810,movie,Dogtooth,2009-10-22,7.034,2662,7.6552
movie:34813,movie,The Losers,2010-04-23,6.258,2037,8.0527
movie:11235,movie,Local Hero,1983-02-17,6.8,414,3.0478
movie:11879,movie,Near Dark,1987-10-02,6.832,906,6.3858
movie:11423,movie,Memories of Murder,2003-04-25,8.061,4768,16.8413
tv:269,tv,One Tree Hill,2003-09-23,7.819,618,95.2792
movie:650,movie,Boyz n the Hood,1991-07-12,7.637,2329,8.1203
tv:1911,tv,Bones,2005-09-13,8.183,3564,134.175
movie:9280,movie,Femme Fatale,2002-04-30,6.155,678,5.9165
movie:10052,movie,Dragonfly,2002-02-22,6.561,959,5.2491
movie:277432,movie,Happy New Year,2014-10-24,6.132,302,2.6813
movie:15356,movie,The Girl Next Door,2007-07-19,6.653,805,6.3906
tv:100429,tv,100 Humans: Life's Questions. Answered.,2020-03-13,5.983,60,1.5599
movie:9576,movie,Tootsie,1982-12-17,7.206,1963,5.8497
movie:452507,movie,1922,2017-10-20,5.947,2958,4.0439
movie:4552,movie,A Tale of Two Sisters,2003-06-13,7.107,1381,6.7174
movie:9846,movie,To Live and Die in L.A.,1985-11-01,7.117,827,7.1102
tv:62823,tv,Scream: The TV Series,2015-06-30,6.9,1184,15.4964
movie:158999,movie,Blackfish,2013-06-07,7.856,1206,3.5696
movie:99,movie,All About My Mother,1999-04-16,7.612,2098,5.1476
movie:308531,movie,Teenage Mutant Ninja Turtles: Out of the Shadows,2016-05-30,6.061,3866,11.2649
movie:449992,movie,The Night Comes For Us,2018-10-05,6.929,842,7.3101
movie:9443,movie,Chariots of Fire,1981-05-15,6.78,1061,4.4188
movie:506072,movie,Prospect,2018-10-02,6.213,1008,4.4922
tv:71886,tv,Siren,2018-03-29,7.737,3430,13.8814
tv:69555,tv,Workin' Moms,2017-01-10,7.317,131,14.1136
tv:96129,tv,Don't F**k with Cats: Hunting an Internet Killer,2019-12-18,7.595,677,3.0307
movie:10779,movie,The Frighteners,1996-07-19,6.963,1806,7.3286
tv:71790,tv,S.W.A.T.,2017-11-02,8.039,1598,105.3625
movie:14564,movie,Rings,2017-02-01,5.024,2648,7.541
movie:10692,movie,Henry: Portrait of a Serial Killer,1986-09-24,6.718,800,3.8756
movie:9087,movie,The American President,1995-11-17,6.529,802,6.2877
movie:9515,movie,The Matador,2005-05-12,6.306,532,4.3076
tv:2426,tv,Angel,1999-10-05,7.86,1019,46.1586
movie:1791,movie,The Piano Teacher,2001-09-05,7.259,1326,10.0054
movie:430040,movie,The Hurricane Heist,2018-02-28,5.683,1092,7.268
movie:483,movie,Wild at Heart,1990-08-17,7.028,1964,6.624
movie:13788,movie,The Unborn,2009-01-09,5.23,1469,6.4314
tv:2046,tv,Alias,2001-09-30,6.81,720,8.4038
movie:431530,movie,A Bad Moms Christmas,2017-08-04,6.325,2229,10.2346
movie:554241,movie,Playing with Fire,2019-11-08,6.581,769,7.368
movie:93,movie,Anatomy of a Murder,1959-07-01,7.827,1203,4.8695
movie:12212,movie,Urban Legends: Final Cut,2000-09-22,4.917,529,5.2558
movie:25196,movie,Crazy Heart,2009-12-16,6.911,1218,3.7272
movie:54518,movie,Justin Bieber: Never Say Never,2011-02-11,5.2,434,2.383
movie:566222,movie,The Great Hack,2019-01-26,6.867,592,2.5085
movie:10973,movie,Creature from the Black Lagoon,1954-03-05,6.817,882,3.9422
tv:2432,tv,Taken,2002-12-02,7.476,431,10.6147
movie:433627,movie,7 Days in Entebbe,2018-03-15,5.845,460,5.4408
movie:9779,movie,The Sisterhood of the Traveling Pants,2005-06-01,6.522,1367,3.7622
movie:12244,movie,9,2009-08-19,6.961,3988,11.9533
movie:10726,movie,American Psycho II: All American Girl,2002-06-18,4.44,492,5.004
tv:62687,tv,Limitless,2015-09-22,7.32,966,12.6069
movie:340613,movie,The Wife,2017-08-17,7.054,1135,4.4292
tv:105883,tv,A Suitable Boy,2020-07-26,5.955,33,3.299
movie:13155,movie,Return to Oz,1985-06-21,6.707,1086,4.407
movie:468224,movie,Tolkien,2019-05-03,6.9,1571,4.2008
movie:8978,movie,Assault on Precinct 13,2005-01-19,6.188,1233,7.1857
movie:9685,movie,Igby Goes Down,2002-09-13,6.575,358,2.6542
movie:672128,movie,Dia,2020-02-07,6.18,25,2.3981
movie:72105,movie,Ted,2012-06-29,6.454,13396,18.0529
tv:61335,tv,Fortitude,2015-01-29,6.8,321,10.8035
movie:51828,movie,One Day,2011-03-02,7.419,4600,11.4875
tv:88055,tv,Servant,2019-11-28,7.504,947,16.2095
movie:3109,movie,The Quiet Man,1952-07-21,7.3,624,3.8243
movie:19185,movie,Night of the Living Dead,1990-10-19,6.871,997,6.4471
movie:15237,movie,De-Lovely,2004-07-02,6.129,151,2.231
movie:11857,movie,Orange County,2002-01-11,6.012,517,4.3234
movie:12262,movie,The Hills Have Eyes,1977-07-22,6.157,1029,4.6352
tv:16118,tv,Salem's Lot,1979-11-17,6.799,546,8.3752
movie:278924,movie,Mechanic: Resurrection,2016-08-25,6.068,3736,14.1789
movie:9692,movie,The Woodsman,2004-12-24,6.842,542,3.223
movie:9452,movie,Bulworth,1998-05-15,6.301,273,4.224
movie:11968,movie,Into the Blue,2005-09-30,5.927,1683,6.9121
movie:76285,movie,Percy Jackson: Sea of Monsters,2013-08-07,6.03,5438,6.9765
movie:64635,movie,Total Recall,2012-08-02,6.033,5981,11.6797
movie:1694,movie,Re-Animator,1985-10-18,7.052,1715,5.919
movie:32823,movie,Get Him to the Greek,2010-06-03,5.959,1990,6.9685
movie:5820,movie,The Sentinel,2006-04-19,6.063,927,5.665
movie:606,movie,Out of Africa,1985-12-20,7.151,1570,5.8145
movie:9355,movie,Mad Max Beyond Thunderdome,1985-06-29,6.224,3347,11.1107
movie:618344,movie,Justice League Dark: Apokolips War,2020-05-05,8.191,1616,6.1212
tv:61378,tv,Madam Secretary,2014-09-21,7.009,344,42.3173
movie:146216,movie,RED 2,2013-07-18,6.532,4404,10.7399
movie:332,movie,Inspector Gadget,1999-07-23,4.518,1355,6.2401
movie:397837,movie,Before I Fall,2017-03-02,6.969,3579,5.4929
movie:12545,movie,Jesus Christ Superstar,1973-08-15,7.104,626,4.4625
movie:13455,movie,Push,2009-02-04,6.144,2495,8.292
movie:514439,movie,Breakthrough,2019-04-10,7.647,1153,6.1613
movie:11017,movie,Billy Madison,1995-02-10,6.18,1856,5.3494
movie:11787,movie,Harvey,1950-12-04,7.675,696,3.2834
tv:89786,tv,Thinkistan,2019-05-23,8.0,2,3.6362
movie:11020,movie,Picnic at Hanging Rock,1975-09-02,7.234,907,4.3977
movie:15092,movie,Crank: High Voltage,2009-04-16,6.1,3237,10.639
movie:262504,movie,Allegiant,2016-03-09,6.104,7084,12.1653
movie:413362,movie,"Roman J. Israel, Esq.",2017-11-17,6.34,1420,6.5068
movie:297222,movie,PK,2014-12-18,7.702,1197,6.798
movie:2565,movie,Joe Versus the Volcano,1990-03-09,5.804,594,4.6086
movie:13809,movie,RocknRolla,2008-09-04,6.95,3388,6.2703
movie:7214,movie,Coach Carter,2005-01-14,7.6,3369,8.8556
movie:302156,movie,Criminal,2016-04-07,6.215,1922,7.0188
movie:2018,movie,The Wedding Planner,2001-01-26,5.923,1846,6.567
movie:35056,movie,Date Night,2010-04-08,6.115,3133,5.8281
movie:9591,movie,That Thing You Do!,1996-10-04,6.9,946,4.6825
movie:17295,movie,The Battle of Algiers,1966-09-08,7.899,918,4.8002
movie:586,movie,Wag the Dog,1997-12-25,6.937,1081,5.1452
movie:391995,movie,Hillary's America: The Secret History of the Democratic Party,2016-07-15,5.33,88,1.5264
tv:106292,tv,Julie and the Phantoms,2020-09-10,8.4,628,4.862
movie:873,movie,The Color Purple,1985-12-18,7.722,2021,7.1346
movie:84188,movie,Compliance,2012-08-23,6.343,808,4.3486
movie:77016,movie,End of Watch,2012-09-20,7.356,3736,9.1063
movie:23759,movie,Centurion,2010-02-15,6.243,1603,6.191
movie:7874,movie,Black Snake Moan,2006-12-31,6.8,1000,5.401
tv:78670,tv,Impulse,2018-06-06,7.618,309,10.4281
tv:1417,tv,Glee,2009-05-19,6.8,964,68.0149
movie:481084,movie,The Addams Family,2019-10-10,6.6,2526,11.0284
movie:72331,movie,Abraham Lincoln: Vampire Hunter,2012-06-20,5.768,3621,9.4776
tv:42295,tv,Hemlock Grove,2013-04-19,7.068,574,20.5383
movie:11358,movie,Walking Tall,2004-04-02,6.308,1707,5.3848
movie:844,movie,2046,2004-09-29,7.239,1107,5.6637
movie:87492,movie,Foxcatcher,2014-11-14,6.6,2526,4.8097
movie:152603,movie,Only Lovers Left Alive,2013-12-12,7.199,2440,7.2294
movie:157845,movie,The Rover,2014-06-04,6.3,1084,6.1384
movie:12779,movie,Swept Away,2002-10-11,4.7,318,4.0841
tv:4629,tv,Stargate SG-1,1997-07-27,8.271,1879,93.1012
movie:10313,movie,The Men Who Stare at Goats,2009-10-17,5.97,2456,7.0845
movie:356305,movie,Why Him?,2016-12-22,6.386,4467,8.5869
movie:143,movie,All Quiet on the Western Front,1930-04-29,7.756,958,5.8446
movie:9957,movie,The Benchwarmers,2006-04-07,5.866,962,4.6681
movie:416234,movie,Winchester,2018-02-02,5.882,1843,5.9986
movie:329440,movie,The Forest,2016-01-07,5.232,1901,5.1035
movie:9296,movie,S1m0ne,2002-08-23,6.001,1029,4.5408
movie:484437,movie,The Hole in the Ground,2019-03-01,5.656,771,4.6052
tv:365,tv,Jericho,2006-09-20,7.421,563,14.9263
movie:22490,movie,The Women,1939-09-01,7.162,182,2.7626
movie:57214,movie,Project X,2012-03-01,6.924,7004,11.7001
movie:9989,movie,Antitrust,2001-01-11,6.04,586,4.5973
movie:506,movie,Marnie,1964-07-17,7.106,1252,3.72
movie:10439,movie,Hocus Pocus,1993-07-16,7.03,3363,10.8213
movie:509853,movie,The Fanatic,2019-08-30,4.421,337,4.3093
movie:5919,movie,The Towering Inferno,1974-12-14,7.0,1071,7.5337
movie:191714,movie,The Lunchbox,2013-09-20,7.39,844,3.725
movie:190847,movie,The Last Days on Mars,2013-08-11,5.511,944,6.2093
movie:24920,movie,City of the Living Dead,1980-08-11,6.46,457,2.926
movie:346672,movie,Underworld: Blood Wars,2016-11-24,5.923,3999,12.556
movie:4923,movie,Zardoz,1974-02-06,5.942,533,3.5578
movie:308266,movie,War Dogs,2016-08-18,6.945,5632,13.406
movie:254470,movie,Pitch Perfect 2,2015-05-07,6.8,5573,11.6723
movie:11336,movie,The Dead Zone,1983-10-21,7.011,1889,7.6775
movie:157386,movie,The Spectacular Now,2013-08-02,6.7,3067,5.9549
movie:308369,movie,Me and Earl and the Dying Girl,2015-06-12,7.5,2805,4.633
movie:27,movie,9 Songs,2004-07-16,5.539,597,19.0832
movie:10843,movie,After Hours,1985-09-13,7.494,1810,5.7664
movie:9381,movie,Babylon A.D.,2008-08-20,5.67,2310,6.6553
movie:11033,movie,Dressed to Kill,1980-07-25,6.956,1150,5.7836
movie:388333,movie,M.S. Dhoni: The Untold Story,2016-09-30,7.277,211,2.0587
movie:636,movie,THX 1138,1971-03-11,6.441,1101,4.5884
movie:88751,movie,Journey to the Center of the Earth,2008-07-10,6.097,5263,10.7829
movie:9303,movie,Bound,1996-09-13,7.233,1135,9.601
tv:65592,tv,Full Frontal with Samantha Bee,2016-02-08,5.931,94,21.3632
movie:22971,movie,Dear John,2010-02-04,6.834,4331,5.8408
movie:11934,movie,The Hudsucker Proxy,1994-03-11,7.067,1225,6.7991
tv:61463,tv,The Affair,2014-10-12,6.7,425,26.9451
movie:11354,movie,The Upside of Anger,2005-03-11,6.314,296,3.3192
movie:345664,movie,Mr. Right,2015-07-28,3.733,15,1.9574
movie:2978,movie,Ghostbusters II,1989-06-16,6.599,4951,10.8672
movie:12102,movie,Kramer vs. Kramer,1979-12-07,7.566,2524,7.1744
movie:16372,movie,The Innocents,1961-11-24,7.5,685,3.6299
movie:11852,movie,The Hot Chick,2002-12-13,6.355,2241,17.41
movie:9788,movie,Accepted,2006-08-18,6.455,1835,6.3362
tv:87917,tv,For All Mankind,2019-11-01,7.746,1019,51.1532
movie:10833,movie,Heartbreakers,2001-03-23,6.144,1019,4.797
movie:382322,movie,Batman: The Killing Joke,2016-07-24,6.606,1961,9.5927
movie:6575,movie,Walk Hard: The Dewey Cox Story,2007-12-21,6.601,774,4.1177
tv:66276,tv,The Night Of,2016-07-10,7.98,1376,13.4265
movie:340676,movie,Personal Shopper,2016-12-14,5.936,1343,4.78
tv:61418,tv,Jane the Virgin,2014-10-13,7.901,907,39.9723
movie:100042,movie,Dumb and Dumber To,2014-11-12,5.56,3489,14.1124
movie:417870,movie,Girls Trip,2017-07-21,6.813,1592,4.8399
movie:324852,movie,Despicable Me 3,2017-06-15,6.469,7754,14.6123
tv:30991,tv,Cowboy Bebop,1998-04-03,8.489,2003,25.7935
movie:14202,movie,The Painted Veil,2006-12-09,7.257,1302,5.5541
movie:9289,movie,The Longest Day,1962-09-25,7.602,1049,9.3791
movie:11649,movie,Masters of the Universe,1987-08-07,5.912,1156,11.1242
movie:81005,movie,Jack the Giant Slayer,2013-02-27,5.908,5333,15.0533
movie:16614,movie,Adventureland,2009-04-03,6.396,2403,4.0811
movie:8197,movie,Midnight in the Garden of Good and Evil,1997-11-21,6.35,647,4.4489
movie:10673,movie,Wall Street,1987-12-10,7.162,2303,7.8242
movie:10836,movie,Dagon,2001-10-12,6.128,490,4.481
movie:11481,movie,Repulsion,1965-06-01,7.366,1131,4.5535
movie:14623,movie,Thunderbirds,2004-07-23,5.045,324,3.8786
movie:652004,movie,The Wolf of Snow Hollow,2020-10-23,6.05,529,3.2287
movie:18501,movie,Gamer,2009-09-03,5.693,2693,7.3332
movie:11186,movie,Child's Play 2,1990-11-09,6.372,2084,8.1452
movie:551688,movie,Judgementall Hai Kya,2019-07-26,5.652,23,1.0996
movie:10747,movie,The Outlaw Josey Wales,1976-06-30,7.451,1327,7.2579
movie:446101,movie,Assassination Nation,2018-09-21,6.241,911,5.7204
tv:32692,tv,Blue Bloods,2010-09-24,7.787,1022,110.6936
movie:393445,movie,Ae Dil Hai Mushkil,2016-10-27,6.399,228,1.7351
movie:546,movie,Transamerica,2005-02-14,7.004,534,3.7903
movie:1367,movie,Rocky II,1979-06-15,7.303,4923,11.0094
tv:72745,tv,Instinct,2018-03-18,6.847,137,8.7604
movie:10718,movie,Torque,2004-01-16,5.293,656,6.1605
movie:20123,movie,Time of the Gypsies,1988-12-21,7.629,451,2.8567
movie:11959,movie,UHF,1989-07-21,6.7,425,2.7086
movie:71469,movie,The Darkest Hour,2011-12-22,5.299,1623,7.9177
movie:24650,movie,The Fountainhead,1949-06-25,6.829,161,2.4649
movie:9900,movie,Grandma's Boy,2006-01-06,6.5,765,4.5287
movie:13666,movie,The Wolf Man,1941-12-09,7.0,694,3.4054
movie:11287,movie,A League of Their Own,1992-07-01,7.2,1583,9.673
movie:2771,movie,American Splendor,2003-08-15,7.144,557,2.2547
movie:22796,movie,Simon Birch,1998-09-11,6.869,275,2.8727
movie:9447,movie,Babe: Pig in the City,1998-11-25,5.685,1355,6.0531
movie:225728,movie,Macbeth,2015-09-22,6.433,1543,3.8558
movie:2752,movie,40 Days and 40 Nights,2002-03-01,5.47,1255,5.2505
movie:219,movie,Volver,2006-03-17,7.461,1960,5.8546
movie:11866,movie,Flight of the Phoenix,2004-12-17,6.002,964,7.7469
movie:293670,movie,The Wailing,2016-05-12,7.379,2134,11.1723
tv:81144,tv,The Neighborhood,2018-10-01,7.575,181,29.176
movie:16538,movie,"I Love You, Man",2009-03-20,6.57,1986,5.4525
tv:91602,tv,Modern Love,2019-10-18,7.335,398,9.8357
movie:10771,movie,The Tuxedo,2002-09-27,5.735,2230,10.2503
movie:10357,movie,Volcano,1997-04-25,5.97,1745,8.1295
movie:10922,movie,The Human Stain,2003-10-29,6.001,515,4.7817
movie:981,movie,The Philadelphia Story,1940-12-05,7.541,1018,4.8622
movie:8069,movie,Barbarella,1968-10-10,5.998,868,5.88
tv:68799,tv,Gilmore Girls: A Year in the Life,2016-11-25,7.322,446,7.838
tv:9380,tv,The Path to 9/11,2006-09-10,7.265,17,2.7093
movie:2447,movie,The Nativity Story,2006-11-30,6.958,261,3.3504
movie:234,movie,The Cabinet of Dr. Caligari,1920-02-27,7.9,1815,4.8972
movie:446894,movie,Smallfoot,2018-09-20,6.814,1653,7.6943
movie:3472,movie,Dirty Pretty Things,2002-09-05,6.9,513,3.7974
movie:10560,movie,Center Stage,2000-05-12,6.897,369,2.6573
tv:64464,tv,11.22.63,2016-02-15,7.759,1790,13.8835
movie:10758,movie,Waitress,2007-05-25,6.708,583,3.6298
movie:24238,movie,Mary and Max,2009-04-09,7.878,2313,8.363
movie:10730,movie,King Kong,1976-09-08,6.286,942,6.8273
movie:4474,movie,My Super Ex-Girlfriend,2006-07-20,5.162,1567,7.6377
movie:518452,movie,Like Father,2018-08-03,6.2,708,2.3842
movie:431185,movie,He's Out There,2018-10-25,5.883,346,2.6118
tv:80308,tv,The Good Cop,2018-09-21,6.154,65,4.8903
movie:851,movie,Brief Encounter,1945-11-24,7.696,726,4.0607
movie:13497,movie,Drumline,2002-12-13,6.959,578,5.1574
movie:294016,movie,Trumbo,2015-10-27,7.169,1717,5.1249
movie:730428,movie,Class of '83,2020-08-21,5.8,40,1.0702
movie:797,movie,Persona,1966-10-18,8.1,2473,5.4554
movie:543540,movie,The Perfect Date,2019-04-12,6.427,3346,4.9741
movie:2176,movie,The Glass House,2001-09-14,5.974,1128,6.43
movie:201088,movie,Blackhat,2015-01-13,5.522,2219,11.6592
movie:2064,movie,While You Were Sleeping,1995-04-21,7.035,2051,10.0315
tv:16997,tv,The Pacific,2010-03-14,7.797,2583,19.7235
movie:14254,movie,The Uninvited,2009-01-30,6.469,1664,5.2519
movie:9038,movie,The Heartbreak Kid,2007-10-05,5.753,1803,6.6667
movie:573,movie,Frenzy,1972-05-25,7.091,1050,4.3787
tv:91545,tv,Young Wallander,2020-09-03,7.07,207,3.655
movie:64689,movie,Killing Them Softly,2012-07-30,6.026,2468,7.1048
movie:504080,movie,Dhadak,2018-07-20,6.917,60,1.5596
movie:9093,movie,The Four Feathers,2002-09-08,6.643,609,3.6094
movie:623,movie,A Fish Called Wanda,1988-07-15,7.214,2490,7.7401
movie:290595,movie,The Huntsman: Winter's War,2016-04-06,6.295,5103,12.3012
tv:74440,tv,Harley Quinn,2019-11-29,8.3,1178,29.5727
tv:72002,tv,Dynasty,2017-10-11,8.1,912,24.8585
movie:329833,movie,Zoolander 2,2016-02-06,4.9,2430,7.1765
movie:13939,movie,Death Wish,1974-07-24,6.929,981,6.579
movie:6950,movie,Outbreak,1995-03-10,6.574,2552,9.0127
movie:1370,movie,Rambo III,1988-05-24,6.205,3561,10.7328
movie:37136,movie,The Naked Gun: From the Files of Police Squad!,1988-12-02,7.282,4632,13.2866
movie:27414,movie,"Silent Night, Deadly Night",1984-11-09,5.9,451,3.2344
movie:13948,movie,An American Carol,2008-10-03,4.208,113,2.3966
movie:1485,movie,Get Carter,1971-02-03,7.0,585,4.1434
movie:1607,movie,A Bronx Tale,1993-10-01,7.897,2967,12.535
movie:59861,movie,Larry Crowne,2011-06-30,5.996,1444,5.6886
tv:73157,tv,Future Man,2017-11-14,7.147,626,18.6015
movie:9598,movie,Babe,1995-07-18,6.291,3188,9.6525
movie:75900,movie,My Week with Marilyn,2011-11-23,6.674,1373,5.7135
movie:39210,movie,Somewhere,2010-09-03,6.077,830,3.3104
movie:9966,movie,The Messengers,2007-02-02,5.741,884,4.3163
movie:9757,movie,Norbit,2007-02-08,5.729,2682,11.1611
movie:10192,movie,Shrek Forever After,2010-05-16,6.413,8090,20.7504
movie:86597,movie,The Tall Man,2012-03-19,6.047,1265,3.9781
movie:481375,movie,Malevolent,2018-12-13,5.011,567,2.9711
movie:291270,movie,Anomalisa,2015-12-30,7.091,1866,4.9384
movie:280996,movie,Mr. Holmes,2015-06-19,6.476,1992,7.4413
movie:13483,movie,Awake,2007-11-28,6.591,1606,6.7104
tv:2996,tv,The Office,2001-07-09,7.832,988,12.5825
movie:13446,movie,Withnail & I,1987-06-19,7.224,637,3.4694
movie:167032,movie,Curse of Chucky,2013-10-08,6.0,1742,6.8751
movie:57157,movie,Young Adult,2011-11-11,5.805,1384,4.1044
movie:9841,movie,Rest Stop,2006-10-07,5.481,315,2.2766
movie:10744,movie,The Cooler,2003-11-26,6.722,397,3.8747
movie:746817,movie,The Call,2020-10-23,5.443,174,1.9992
movie:46195,movie,Rio,2011-04-03,6.77,7308,14.749
movie:8095,movie,Cleopatra,1963-06-12,7.1,875,7.4673
movie:2841,movie,A Very Long Engagement,2004-10-27,7.328,1360,3.4687
movie:1266,movie,Street Kings,2008-04-10,6.663,1787,8.9835
movie:154400,movie,The Drop,2014-09-12,6.826,2485,11.3143
movie:687,movie,Dead Man Walking,1995-12-29,7.312,1529,5.2699
movie:11381,movie,Tommy Boy,1995-03-31,6.801,1084,4.5769
movie:6552,movie,Idle Hands,1999-04-30,6.215,768,5.519
movie:9444,movie,Anastasia,1997-11-20,7.604,5678,8.5297
movie:295011,movie,Patient Zero,2018-09-14,5.29,414,4.5138
movie:242512,movie,Ouija,2014-10-24,5.137,2811,6.5488
movie:14070,movie,Ghajini,2008-12-25,7.02,465,2.3603
movie:1076100,movie,Keeping Faith,2017-11-10,0.0,0,0.6481
movie:10155,movie,U Turn,1997-10-03,6.6,833,5.17
movie:664280,movie,David Attenborough: A Life on Our Planet,2020-09-28,8.421,454,6.6115
movie:10735,movie,What a Girl Wants,2003-03-27,6.3,1746,8.1702
movie:11568,movie,Blues Brothers 2000,1998-02-06,5.279,749,5.4025
movie:20616,movie,Swimfan,2002-09-06,5.245,296,2.7391
movie:199373,movie,The Frozen Ground,2013-07-11,6.264,1622,7.5714
movie:257445,movie,Goosebumps,2015-08-05,6.314,4045,8.7846
movie:74465,movie,We Bought a Zoo,2011-11-26,6.8,2998,7.5766
tv:87407,tv,Made in Heaven,2019-03-07,7.19,42,6.276
movie:284564,movie,31,2016-09-15,5.434,870,4.1088
movie:2280,movie,Big,1988-06-03,7.194,4135,9.3338
movie:32657,movie,Percy Jackson & the Olympians: The Lightning Thief,2010-02-01,6.215,7927,15.218
movie:59962,movie,This Means War,2012-02-14,6.176,3664,7.5381
movie:301,movie,Rio Bravo,1959-03-08,7.799,1288,6.9232
movie:18239,movie,The Twilight Saga: New Moon,2009-11-18,5.986,9879,16.7491
movie:602147,movie,Inheritance,2020-04-30,6.304,751,5.9799
tv:43020,tv,Continuum,2012-05-27,7.47,962,21.8453
movie:385332,movie,Terminal,2018-05-10,5.52,898,5.0385
movie:16996,movie,17 Again,2009-03-11,6.318,5505,8.9911
movie:10323,movie,Clash of the Titans,1981-06-12,6.931,883,8.615
movie:12597,movie,Hellraiser: Inferno,2000-10-31,5.392,542,4.2067
movie:2362,movie,Westworld,1973-08-15,6.78,1498,5.9053
movie:496527,movie,October,2018-04-13,6.927,117,1.226
movie:265195,movie,Wild Tales,2014-08-21,7.866,3840,7.785
movie:16642,movie,Days of Heaven,1978-09-13,7.479,1200,4.6238
movie:228101,movie,Waar,2013-10-16,5.091,55,0.8981
movie:20246,movie,The Stranger,1946-06-02,7.2,657,2.9421
movie:45153,movie,Eve's Bayou,1997-11-07,6.45,160,2.9144
movie:1722,movie,Captain Corelli's Mandolin,2001-04-18,5.946,581,4.7239
movie:10054,movie,Spy Kids,2001-03-18,5.816,3784,9.2801
movie:3782,movie,Ikiru,1952-10-09,8.3,1381,8.6639
movie:84332,movie,Safety Not Guaranteed,2012-06-08,6.781,1660,5.2956
movie:628917,movie,An American Pickle,2020-08-06,5.772,613,5.8559
movie:27346,movie,Maniac,1980-11-14,6.365,511,2.7142
movie:136400,movie,2 Guns,2013-08-02,6.536,4589,7.8729
movie:13053,movie,Bolt,2008-11-21,6.6,6619,14.5114
movie:308504,movie,Last Knights,2015-04-03,6.376,1181,7.7026
tv:31911,tv,Fullmetal Alchemist: Brotherhood,2009-04-05,8.7,2553,52.7487
movie:26617,movie,Five Easy Pieces,1970-09-12,7.078,614,3.6107
movie:1116,movie,The Wind That Shakes the Barley,2006-06-23,7.32,925,3.6277
movie:587030,movie,Kaithi,2019-10-25,7.571,162,2.2825
movie:9374,movie,Death Becomes Her,1992-07-30,6.78,3051,10.0886
movie:395991,movie,Only the Brave,2017-09-22,7.477,1930,8.7448
movie:11970,movie,Hercules,1997-06-13,7.5,8068,16.0649
movie:369560,movie,Drunk Parents,2019-02-08,4.549,263,2.8617
movie:10929,movie,Willard,2003-03-14,6.086,379,3.7915
movie:11127,movie,Starship Troopers 3: Marauder,2008-07-19,4.822,611,5.9562
tv:44606,tv,Beauty and the Beast,2012-10-11,7.4,469,16.8201
movie:1439,movie,Anna and the King,1999-12-16,6.792,836,6.4184
movie:390051,movie,Aftermath,2017-02-28,5.736,982,4.6361
tv:97890,tv,Power Book II: Ghost,2020-09-06,8.209,368,22.8155
tv:71340,tv,Krypton,2018-03-21,7.105,503,16.0947
tv:111111,tv,Blood of Zeus,2020-10-27,7.767,634,16.5949
movie:461130,movie,Code 8,2019-12-06,6.26,2220,8.2647
tv:32573,tv,Strike Back,2010-05-05,7.406,414,20.8493
movie:9310,movie,American Dreamz,2006-03-04,5.082,325,2.6448
movie:249070,movie,Hitman: Agent 47,2015-08-20,5.911,3351,9.0099
tv:40075,tv,Gravity Falls,2012-06-15,8.623,3573,53.064
movie:401905,movie,Fahrenheit 451,2018-05-12,5.458,958,4.8725
movie:2001,movie,We Own the Night,2007-10-12,6.69,1559,6.1628
movie:490003,movie,Won't You Be My Neighbor?,2018-06-29,7.978,610,2.795
movie:45649,movie,Rubber,2010-11-09,5.919,1140,3.2492
tv:60726,tv,Forever,2014-09-22,7.809,656,14.9057
movie:515248,movie,Someone Great,2019-04-19,6.371,1205,3.7237
movie:48171,movie,The Rite,2011-01-28,6.122,2297,6.8075
movie:10402,movie,Deuce Bigalow: Male Gigolo,1999-12-10,5.971,1587,8.0604
movie:9701,movie,North Country,2005-02-12,7.256,756,4.2087
movie:6003,movie,Romeo and Juliet,1968-04-02,7.4,741,5.474
movie:11022,movie,Narc,2002-01-14,6.776,606,3.998
movie:390062,movie,Jungle,2017-06-27,6.705,2224,35.9782
tv:15621,tv,The Newsroom,2012-06-24,8.051,761,19.5801
tv:60866,tv,iZombie,2015-03-17,7.793,2964,24.6786
movie:8963,movie,Crimson Tide,1995-05-12,7.179,2046,8.8252
movie:303858,movie,Money Monster,2016-05-12,6.432,3189,6.4683
movie:144,movie,Wings of Desire,1987-09-23,7.763,1525,6.2543
movie:18781,movie,The Haunting in Connecticut,2009-03-27,6.2,1226,5.908
movie:940,movie,The Lady Vanishes,1938-10-07,7.4,1053,3.5845
movie:10242,movie,What Ever Happened to Baby Jane?,1962-10-31,7.9,1184,4.461
movie:284293,movie,Still Alice,2014-12-05,7.465,3324,6.0228
movie:381,movie,To Catch a Thief,1955-08-03,7.264,1707,5.4392
movie:8068,movie,Desperado,1995-08-25,6.93,3220,9.6253
movie:11005,movie,Awakenings,1990-12-04,7.784,2935,8.5108
movie:50022,movie,Super Troopers 2,2018-04-19,5.868,540,4.5536
movie:4965,movie,Impostor,2001-12-03,6.135,490,4.4533
movie:9266,movie,Blue Crush,2002-08-16,5.991,580,3.417
movie:12690,movie,Appaloosa,2008-09-19,6.574,1121,4.9467
movie:2155,movie,Reindeer Games,2000-02-25,5.705,748,5.4039
movie:89691,movie,ATM,2012-02-17,5.058,686,2.57
movie:20533,movie,Jonah Hex,2010-06-18,4.972,1580,6.7241
movie:126509,movie,2016: Obama's America,2012-07-13,4.127,55,0.9322
tv:85854,tv,The Widow,2019-02-28,6.866,209,5.8861
tv:81499,tv,A Million Little Things,2018-09-26,7.188,152,24.2591
movie:209451,movie,Jersey Boys,2014-06-18,6.756,750,3.1794
movie:496495,movie,Sye Raa Narasimha Reddy,2019-09-27,6.269,39,1.7276
movie:653601,movie,Horse Girl,2020-01-27,5.669,612,3.8696
movie:10217,movie,The Sweet Hereafter,1997-09-25,6.888,440,2.8098
movie:4437,movie,2010,1984-12-06,6.663,1105,6.9546
movie:435615,movie,Possessor,2020-10-02,6.378,1092,6.1822
tv:41692,tv,Lonesome Dove,1989-02-05,7.934,219,7.5841
movie:544431,movie,The Clovehitch Killer,2018-11-16,6.402,828,5.0728
movie:11679,movie,xXx: State of the Union,2005-04-27,5.097,2079,12.3081
movie:1965,movie,A Perfect Murder,1998-06-05,6.55,1600,8.0839
movie:407448,movie,Detroit,2017-07-28,7.238,1771,5.0441
movie:11229,movie,Freeway,1996-08-23,6.455,447,3.3177
movie:2575,movie,The Tailor of Panama,2001-02-11,5.985,562,6.9955
movie:577332,movie,Panipat,2019-12-06,6.1,39,1.3032
tv:99799,tv,Alex Rider,2020-11-12,7.8,371,12.7081
movie:375290,movie,Airlift,2016-01-22,7.154,224,2.0362
movie:9609,movie,Of Mice and Men,1992-09-16,7.245,732,4.452
movie:13576,movie,This Is It,2009-10-28,7.355,1097,4.6343
movie:114150,movie,Pitch Perfect,2012-09-28,7.3,6965,8.7122
movie:480,movie,Monsoon Wedding,2001-08-30,6.8,225,2.8578
movie:12146,movie,The Missing,2003-11-26,6.298,707,5.6834
movie:11416,movie,The Mission,1986-09-06,7.399,1587,5.7723
movie:11393,movie,The Natural,1984-05-11,6.926,690,6.3611
movie:136799,movie,Trolls,2016-10-13,6.623,3881,11.3315
tv:18197,tv,The Langoliers,1995-05-14,6.38,615,6.2356
movie:157832,movie,Calvary,2014-04-11,7.106,1094,3.5423
movie:363343,movie,Raees,2017-01-25,6.664,265,2.6489
movie:2800,movie,Rumor Has It...,2005-12-22,5.679,1272,5.2251
movie:531593,movie,Reprisal,2018-08-31,5.208,310,3.9367
movie:1901,movie,In Good Company,2004-12-29,6.052,703,3.9185
movie:14024,movie,Raise Your Voice,2004-08-10,6.6,868,3.0894
tv:101342,tv,Maxxx,2020-04-02,8.8,5,1.897
movie:474395,movie,Teen Titans Go! To the Movies,2018-07-27,7.165,1193,7.6148
movie:9613,movie,Spider,2002-11-06,6.645,961,4.0571
movie:16186,movie,Diary of a Mad Black Woman,2005-02-25,6.514,243,4.1286
movie:15850,movie,The Trip,2002-11-01,6.245,47,1.5911
movie:72213,movie,Courageous,2011-09-30,7.632,424,3.8701
movie:607297,movie,Jawaani Jaaneman,2020-01-31,5.938,40,1.3656
movie:13667,movie,Better Off Dead...,1985-08-23,6.587,561,4.1872
movie:576928,movie,Asuran,2019-10-02,7.591,115,1.5421
movie:21159,movie,The Last Man on Earth,1964-05-06,6.579,494,3.1746
tv:2140,tv,Everybody Loves Raymond,1996-09-13,6.832,665,40.8322
tv:1447,tv,Psych,2006-07-07,7.892,1023,73.6695
movie:1378,movie,Shortbus,2006-10-04,6.269,601,9.4524
movie:35690,movie,The Last Song,2010-03-31,7.229,3413,4.5389
movie:11091,movie,Riding in Cars with Boys,2001-10-19,6.746,490,5.0433
movie:6440,movie,The Shipping News,2001-12-18,6.395,432,3.4941
movie:8005,movie,Robin Hood: Men in Tights,1993-07-28,6.608,2359,10.4292
movie:42196,movie,The Bad Seed,1956-09-12,7.13,276,3.3882
movie:5125,movie,Rendition,2007-09-07,6.417,756,5.1118
movie:300673,movie,The Finest Hours,2016-01-27,6.594,1784,6.5153
movie:362045,movie,Bajirao Mastani,2015-12-18,7.249,319,2.5975
movie:11980,movie,The Prophecy,1995-08-05,6.511,577,4.6534
movie:9350,movie,Cliffhanger,1993-05-28,6.518,2708,8.9468
movie:11658,movie,Tae Guk Gi: The Brotherhood of War,2004-02-05,7.986,787,4.496
movie:5550,movie,RoboCop 3,1993-01-21,4.904,1490,7.2835
movie:497814,movie,Breaking In,2018-05-05,5.937,720,5.4285
movie:339877,movie,Loving Vincent,2017-06-22,7.983,2642,6.2847
movie:39437,movie,Beloved,1998-10-16,5.835,112,2.7871
movie:11589,movie,Kelly's Heroes,1970-06-22,7.391,846,5.7683
movie:309886,movie,Blood Father,2016-08-11,6.163,1700,5.7734
tv:88177,tv,Criminal Justice,2019-04-05,7.614,57,3.6172
movie:14013,movie,BASEketball,1998-07-28,6.1,667,4.2104
movie:16351,movie,Ararat,2002-05-20,6.146,99,2.0996
movie:11335,movie,Popeye,1980-12-12,5.574,726,6.9529
movie:331962,movie,Exposed,2016-01-22,4.928,592,5.9888
movie:41630,movie,No Strings Attached,2011-01-21,6.294,5058,12.7564
movie:24124,movie,The Burning,1981-05-08,6.192,469,3.6438
movie:29161,movie,Phenomena,1985-01-25,6.777,937,3.6851
movie:15144,movie,Sixteen Candles,1984-05-04,6.7,2249,5.5771
movie:500919,movie,211,2018-05-30,5.256,506,4.8979
movie:625,movie,The Killing Fields,1984-11-23,7.469,851,4.6913
movie:46435,movie,Topsy-Turvy,1999-12-15,6.593,167,2.8213
movie:90,movie,Beverly Hills Cop,1984-12-05,7.21,4698,10.473
movie:10515,movie,Castle in the Sky,1986-08-02,7.97,4769,11.4454
movie:359246,movie,Hell House LLC,2015-10-16,6.471,669,4.2064
movie:10476,movie,Hustle & Flow,2005-07-22,7.17,459,4.0962
tv:65708,tv,Taboo,2017-01-07,7.898,1517,15.705
movie:460348,movie,Jattu Engineer,2017-06-29,3.5,2,0.4576
movie:527511,movie,Bhavesh Joshi Superhero,2018-06-01,7.456,57,1.2144
movie:59965,movie,Abduction,2011-09-22,5.834,3058,7.3962
tv:66025,tv,Animal Kingdom,2016-06-14,7.778,563,45.2771
movie:1498,movie,Teenage Mutant Ninja Turtles,1990-03-30,6.706,2006,9.437
movie:271404,movie,Beyond Skyline,2017-10-26,5.295,1121,2.483
movie:36599,movie,Prom Night,1980-07-18,5.708,508,5.5552
movie:5072,movie,Severance,2006-05-19,6.274,688,4.104
movie:538126,movie,Lupt,2018-11-02,3.9,13,0.9373
movie:5683,movie,Pee-wee's Big Adventure,1985-07-26,6.5,872,4.5064
movie:49494,movie,The Eagle,2011-02-08,6.242,1453,7.1354
movie:5924,movie,Papillon,1973-12-16,7.827,2170,7.6122
tv:95670,tv,Medical Police,2020-01-10,6.398,142,6.4646
movie:24684,movie,An Education,2009-10-29,6.931,1454,3.8109
movie:31245,movie,Hobgoblins,1988-07-14,3.568,140,1.5373
movie:11184,movie,Kinsey,2004-09-04,6.592,533,3.4714
movie:842,movie,The Assassination of Richard Nixon,2004-05-17,6.516,312,2.5562
movie:193610,movie,The Other Woman,2014-04-16,6.422,3790,6.9859
movie:11836,movie,The SpongeBob SquarePants Movie,2004-11-19,7.099,3282,17.3954
movie:16077,movie,My Little Eye,2002-10-04,5.4,235,1.786
movie:8991,movie,Undead,2003-09-04,5.469,244,1.9373
movie:2019,movie,Hard Target,1993-04-27,6.508,1382,9.7797
movie:96936,movie,The Bling Ring,2013-06-12,5.4,3175,5.373
tv:33907,tv,Downton Abbey,2010-09-26,8.1,1239,36.9179
tv:2942,tv,The Tudors,2007-04-01,7.826,848,50.4608
movie:9067,movie,Tank Girl,1995-03-31,5.495,590,6.2489
movie:9726,movie,A Good Year,2006-09-09,6.7,1675,5.3522
movie:4909,movie,The Day of the Jackal,1973-05-16,7.528,703,7.3392
movie:8851,movie,The Blob,1958-09-10,6.23,679,4.8637
movie:8333,movie,The Taking of Pelham One Two Three,1974-10-02,7.453,646,3.1017
movie:16406,movie,Dick,1999-08-04,5.964,306,3.2772
tv:2004,tv,Malcolm in the Middle,2000-01-09,8.466,4939,58.2261
tv:1410,tv,Revolution,2012-09-17,6.442,639,12.9454
movie:49009,movie,The Way Back,2010-11-22,7.002,1805,7.4273
movie:335796,movie,Ouija: Origin of Evil,2016-10-20,6.16,2672,8.0561
tv:99509,tv,Freud,2020-03-15,7.073,295,4.7595
movie:10878,movie,Saving Silverman,2001-02-09,5.8,644,4.6007
movie:9433,movie,The Edge,1997-09-06,6.861,1353,7.1
movie:9787,movie,Lords of Dogtown,2005-06-03,7.089,833,4.5868
movie:4176,movie,Murder on the Orient Express,1974-11-22,7.145,1613,8.8044
movie:9072,movie,Little Man,2006-08-31,5.945,1946,10.5758
tv:90259,tv,The Third Day,2020-09-14,6.477,235,7.1711
movie:9410,movie,Great Expectations,1998-01-30,6.648,714,6.689
movie:10074,movie,Hot Rod,2007-08-03,6.401,1130,5.3994
movie:9208,movie,Broken Arrow,1996-02-09,6.066,1722,9.1242
movie:274167,movie,Daddy's Home,2015-12-25,6.292,3493,9.3921
tv:424,tv,Torchwood,2006-10-22,7.299,581,19.5907
tv:71225,tv,Cable Girls,2017-04-28,7.8,501,10.0914
tv:75540,tv,Seven Seconds,2018-02-23,7.305,167,7.9943
movie:472674,movie,The Goldfinch,2019-09-12,7.119,954,6.2661
movie:8874,movie,My Best Friend's Wedding,1997-06-19,6.562,2939,9.2939
movie:34480,movie,The Descent: Part 2,2009-10-14,5.981,1366,7.825
movie:8848,movie,The Bank Job,2008-02-28,6.854,2689,10.5723
movie:664767,movie,Mortal Kombat Legends: Scorpion's Revenge,2020-04-12,8.099,1516,6.5241
movie:7873,movie,Harsh Times,2005-09-11,6.432,796,5.1705
movie:8818,movie,Evita,1996-12-14,6.069,529,3.4471
tv:3452,tv,Frasier,1993-09-16,7.696,920,133.4782
movie:4959,movie,The International,2009-02-03,6.266,1472,7.3986
movie:11050,movie,Terms of Endearment,1983-11-20,7.115,852,5.8781
tv:65988,tv,Wynonna Earp,2016-04-01,7.838,821,15.9843
movie:31867,movie,Repo Men,2010-03-18,6.338,2165,7.0637
movie:36819,movie,Time Bandits,1981-07-13,6.63,1185,6.8329
movie:692,movie,Pink Flamingos,1972-03-17,6.1,581,6.1263
movie:1632,movie,Mississippi Burning,1988-12-08,7.675,2005,10.3487
movie:503616,movie,Second Act,2018-11-22,6.318,1262,5.3751
tv:53425,tv,Wayward Pines,2015-05-14,6.883,943,16.4462
movie:532908,movie,Fahrenheit 11/9,2018-09-10,7.102,485,2.2355
movie:11543,movie,Kingpin,1996-07-04,6.543,1007,5.2155
movie:40264,movie,Vampires Suck,2010-08-18,4.399,1419,6.7867
movie:148284,movie,Enthiran,2010-10-01,6.57,263,3.0689
movie:112949,movie,Safe Haven,2013-02-07,7.233,2455,5.5034
movie:406,movie,La Haine,1995-05-31,8.1,4673,9.8357
movie:38357,movie,Morning Glory,2010-11-10,6.372,1661,4.8499
movie:10794,movie,The Party,1968-04-04,7.297,883,3.6245
tv:67135,tv,The Exorcist,2016-09-23,7.303,762,11.7198
movie:169917,movie,A Walk Among the Tombstones,2014-09-18,6.336,3077,12.3152
movie:11374,movie,EDtv,1999-03-26,5.952,715,4.5487
movie:10956,movie,Joe Dirt,2001-04-10,5.649,832,4.7924
movie:18360,movie,Night at the Museum: Battle of the Smithsonian,2009-05-20,6.156,7417,10.9663
movie:17612,movie,Lost and Delirious,2001-01-21,6.8,540,3.5667
movie:384682,movie,Office Christmas Party,2016-11-25,5.718,2250,8.0705
tv:115161,tv,Criminal Justice: Behind Closed Doors,2020-12-24,7.5,28,2.3463
movie:140300,movie,Kung Fu Panda 3,2016-01-23,6.94,6741,15.3361
movie:9064,movie,Hellbound: Hellraiser II,1988-12-23,6.409,1284,7.0051
movie:227973,movie,The Peanuts Movie,2015-11-05,6.983,1833,8.8189
movie:378064,movie,A Silent Voice: The Movie,2016-09-17,8.4,4644,15.4259
movie:11850,movie,Invasion of the Body Snatchers,1978-12-20,7.22,1379,6.7416
movie:11811,movie,Leprechaun,1993-01-08,5.571,878,4.5472
movie:20126,movie,Deep Red,1975-03-07,7.718,1628,4.4763
tv:32726,tv,Bob's Burgers,2011-01-09,7.846,1123,102.0025
tv:693,tv,Desperate Housewives,2004-10-03,7.894,2120,97.5246
movie:6933,movie,One Missed Call,2008-01-04,5.4,812,5.0322
movie:11000,movie,The Birdcage,1996-03-03,7.049,1406,7.2949
movie:23742,movie,Cop Out,2010-02-26,5.547,1666,6.1501
movie:15849,movie,The Mummy,1932-12-22,6.746,722,4.2441
movie:11006,movie,Smokey and the Bandit,1977-05-27,7.0,828,6.7493
tv:61865,tv,When Calls the Heart,2014-01-11,8.3,159,36.3218
movie:10830,movie,Matilda,1996-08-02,7.183,4910,13.4429
movie:10628,movie,Kangaroo Jack,2003-01-17,5.295,1015,5.1354
movie:325133,movie,Neighbors 2: Sorority Rising,2016-05-04,5.815,4681,7.9897
movie:49526,movie,Premium Rush,2012-08-24,6.364,2373,5.4961
tv:91962,tv,Emergence,2019-09-24,6.933,202,6.7247
movie:10503,movie,Happy-Go-Lucky,2008-04-18,6.573,519,3.3788
movie:335778,movie,Risen,2016-02-18,6.299,971,5.6287
movie:228194,movie,The Hundred-Foot Journey,2014-08-06,7.267,1575,6.4021
movie:849,movie,Krull,1983-07-29,6.037,638,5.9673
movie:8390,movie,"Definitely, Maybe",2008-02-08,6.935,2671,5.6056
movie:438808,movie,White Boy Rick,2018-09-14,6.345,1226,6.5549
movie:678,movie,Out of the Past,1947-11-25,7.659,662,4.2344
tv:4575,tv,Lizzie McGuire,2001-01-12,7.2,352,13.5291
movie:321741,movie,Concussion,2015-11-12,7.078,2760,4.4371
movie:9523,movie,Lantana,2001-10-04,6.672,232,1.7249
movie:5257,movie,The Dish,2000-10-19,6.8,238,2.4859
movie:401546,movie,The Dinner,2017-05-05,4.54,322,3.4146
movie:12090,movie,Just Married,2003-01-08,5.763,1485,5.9717
movie:12560,movie,The Big Chill,1983-09-30,6.827,664,4.0978
movie:489931,movie,American Animals,2018-06-01,6.733,1235,4.815
movie:41283,movie,Faster,2010-11-23,6.354,2151,7.8141
movie:116149,movie,Paddington,2014-11-24,7.124,4330,10.5588
movie:8845,movie,Under Siege,1992-10-08,6.308,1785,9.5814
tv:60699,tv,Marco Polo,2014-12-12,7.369,633,13.1882
movie:1257,movie,Because I Said So,2007-02-02,5.854,683,3.2223
movie:11918,movie,Superhero Movie,2008-03-28,5.324,2071,9.2646
movie:2604,movie,Born on the Fourth of July,1989-12-20,7.005,1929,10.9232
movie:10514,movie,The Andromeda Strain,1971-03-12,7.054,832,7.1738
movie:10137,movie,Stuart Little,1999-12-17,6.078,4734,10.2292
movie:374461,movie,Mr. Church,2016-09-16,7.406,539,5.123
tv:86621,tv,Quicksand,2019-04-05,7.091,215,6.2555
movie:549559,movie,Apollo 11,2019-03-01,7.859,723,2.905
movie:1268,movie,Mr. Bean's Holiday,2007-03-22,6.4,3199,11.0252
movie:369557,movie,Sing Street,2016-03-11,7.858,2495,5.1963
movie:41109,movie,Don 2,2011-12-23,6.991,272,2.2826
movie:611914,movie,The Courier,2019-11-22,5.98,583,7.2513
tv:81983,tv,Paradise PD,2018-08-31,7.133,414,13.3145
movie:54054,movie,One for the Money,2012-01-26,5.549,1015,4.3894
movie:4415,movie,Les Misérables,1998-05-01,7.223,703,4.4249
tv:88947,tv,68 Whiskey,2020-01-15,7.654,26,3.3417
movie:238615,movie,Self/less,2015-07-10,6.424,3355,10.2742
tv:1215,tv,Californication,2007-08-13,7.626,1357,48.262
movie:2313,movie,Prime,2005-09-21,6.0,857,5.5962
tv:61671,tv,Unbreakable Kimmy Schmidt,2015-03-06,7.104,640,18.5599
movie:340103,movie,The Monster,2016-11-11,5.494,615,3.2455
movie:6620,movie,Sabrina,1954-09-01,7.504,1386,6.2922
movie:417644,movie,CHiPs,2017-03-23,6.126,1409,4.8313
movie:18462,movie,Night of the Comet,1984-11-16,6.197,458,3.299
movie:11431,movie,Fever Pitch,2005-04-06,6.2,771,3.8109
movie:10075,movie,Blood and Chocolate,2007-01-26,5.6,342,3.1515
movie:157354,movie,Fruitvale Station,2013-07-26,7.364,1470,5.208
movie:9583,movie,Divine Secrets of the Ya-Ya Sisterhood,2002-06-07,6.049,264,2.6327
movie:1444,movie,Junebug,2005-08-03,6.533,257,2.6363
movie:9781,movie,Detroit Rock City,1999-08-13,6.763,467,3.4033
movie:340485,movie,American Honey,2016-09-30,6.8,943,2.7011
movie:13920,movie,Radio,2003-10-24,7.3,881,7.1907
movie:29064,movie,The Omega Code,1999-10-15,4.439,57,1.7249
movie:295964,movie,Burnt,2015-10-02,6.525,3625,8.0558
tv:70168,tv,Too Old to Die Young,2019-06-10,7.378,189,9.0621
movie:27582,movie,The Mechanic,2011-01-13,6.546,3688,11.0797
movie:10756,movie,The Haunted Mansion,2003-11-26,5.686,2173,8.8998
movie:13689,movie,Peaceful Warrior,2006-03-30,7.5,497,4.0999
movie:274854,movie,The Last Witch Hunter,2015-10-21,6.014,3917,13.4223
tv:82875,tv,Origin,2018-11-14,7.126,226,5.4074
movie:9592,movie,Open Water 2: Adrift,2006-07-10,5.479,728,4.7506
tv:60572,tv,Pokémon,1997-04-01,7.993,2239,87.5026
movie:26594,movie,The Secret,2006-03-26,6.589,394,3.252
tv:73607,tv,The Romanoffs,2018-10-11,6.385,74,7.0498
movie:430354,movie,Bushwick,2017-08-25,5.22,536,4.4603
movie:206324,movie,Bhaag Milkha Bhaag,2013-07-12,7.507,290,2.537
movie:10276,movie,What About Bob?,1991-05-17,6.887,930,4.1815
movie:9281,movie,Witness,1985-02-08,7.088,1939,7.027
movie:12279,movie,Spy Kids 3-D: Game Over,2003-07-25,5.131,2414,11.0603
tv:66857,tv,Shooter,2016-11-15,7.209,749,23.6387
tv:95202,tv,To the Lake,2019-11-14,7.321,293,6.4872
movie:10468,movie,28 Days,2000-04-06,6.155,1108,4.4674
movie:507941,movie,Section 375,2019-09-13,7.449,79,1.2682
movie:49021,movie,Killer Elite,2011-09-22,6.266,2381,8.0171
movie:17979,movie,A Christmas Carol,2009-11-04,6.91,4976,10.7154
movie:9040,movie,Serpico,1973-12-18,7.529,2244,6.2149
movie:8053,movie,The Three Burials of Melquiades Estrada,2005-11-17,7.019,668,4.2505
movie:24873,movie,Death Wish 3,1985-11-01,6.221,492,5.3846
movie:10784,movie,Cabaret,1972-02-13,7.419,1002,4.1478
movie:199928,movie,The Outsider,2018-03-09,6.158,709,4.5091
movie:13537,movie,Shattered Glass,2003-11-14,6.982,487,4.0197
movie:113,movie,"Spring, Summer, Fall, Winter... and Spring",2003-09-19,7.8,1233,5.7158
movie:1633,movie,Fried Green Tomatoes,1991-12-27,7.66,1510,6.7889
tv:53606,tv,Love,2016-02-19,7.103,345,11.0281
movie:431693,movie,Spies in Disguise,2019-12-04,7.543,3034,13.2992
movie:63197,movie,Megan Is Missing,2011-05-01,6.141,868,4.0612
tv:71722,tv,Deception,2018-03-11,7.688,253,9.2644
movie:286565,movie,Paper Towns,2015-06-18,6.2,5223,5.075
movie:14125,movie,Captivity,2007-03-01,4.864,472,3.3889
movie:12508,movie,Rock Star,2001-09-04,6.722,832,4.4435
movie:553512,movie,Burn the Stage: The Movie,2018-11-15,8.333,434,4.6838
movie:10592,movie,Hart's War,2002-02-15,6.376,1095,5.0023
movie:11058,movie,Godsend,2004-04-30,4.86,541,2.6045
movie:537751,movie,Gosnell: The Trial of America's Biggest Serial Killer,2018-10-12,5.657,54,1.2106
movie:613446,movie,The Sky Is Pink,2019-10-11,7.731,80,1.3475
tv:81532,tv,Living with Yourself,2019-10-18,6.769,372,6.7352
movie:10895,movie,Pinocchio,1940-02-23,7.117,6341,12.9887
movie:315011,movie,Shin Godzilla,2016-07-29,7.24,1631,9.7527
tv:2382,tv,Freaks and Geeks,1999-09-25,8.2,917,16.6795
movie:59108,movie,Tower Heist,2011-11-02,6.116,3252,7.8996
movie:45657,movie,The Ward,2010-09-13,5.743,1315,3.7479
movie:11456,movie,Domestic Disturbance,2001-10-28,5.759,477,6.0567
movie:13552,movie,The Doom Generation,1995-10-20,6.512,324,4.0251
movie:2134,movie,The Time Machine,1960-05-25,7.361,940,5.1146
movie:1641,movie,Forces of Nature,1999-03-12,5.46,606,4.2349
movie:48231,movie,A Dangerous Method,2011-09-30,6.347,2259,6.8192
movie:12429,movie,Ponyo,2008-07-19,7.763,4928,11.6248
movie:20367,movie,Detour,1945-11-30,7.218,425,2.1403
movie:10204,movie,Around the World in 80 Days,2004-06-16,5.952,2770,9.7689
movie:37233,movie,The Firm,1993-06-30,6.743,2371,9.4476
movie:10677,movie,Dirty Dancing: Havana Nights,2004-02-27,6.434,714,4.3286
movie:10219,movie,Snow Falling on Cedars,1999-12-22,6.09,155,3.2252
movie:11326,movie,Tommy,1975-03-19,6.463,380,3.1659
movie:11015,movie,The Relic,1997-01-10,6.161,650,6.3547
movie:25376,movie,The Secret in Their Eyes,2009-08-13,7.971,2935,7.7248
movie:13685,movie,Bottle Rocket,1996-02-21,6.7,1225,4.3758
movie:63311,movie,The Skin I Live In,2011-08-17,7.482,4716,10.5139
movie:18030,movie,Kiss Me Deadly,1955-04-28,7.222,418,3.2489
movie:10003,movie,The Saint,1997-04-03,6.1,1286,8.353
movie:11217,movie,Club Dread,2004-02-27,5.175,404,2.9243
movie:8872,movie,Wayne's World,1992-02-14,6.684,2524,6.5512
movie:11153,movie,National Lampoon's Vacation,1983-07-29,7.105,1792,9.4047
movie:204349,movie,Contracted,2013-07-07,5.347,558,2.8205
movie:501395,movie,True History of the Kelly Gang,2019-11-23,5.904,363,3.6361
movie:9273,movie,Ace Ventura: When Nature Calls,1995-11-10,6.342,4670,9.8397
movie:9827,movie,Phantoms,1998-01-23,5.545,415,4.1218
movie:1245,movie,The Remains of the Day,1993-11-05,7.36,1541,7.2449
movie:9283,movie,Beautiful Girls,1996-02-09,6.676,414,4.7248
movie:291276,movie,Unlocked,2017-04-27,6.265,1230,6.8074
tv:87508,tv,Delhi Crime,2019-03-22,7.752,135,10.2463
movie:300,movie,The Science of Sleep,2006-06-25,6.973,864,3.7278
movie:14534,movie,Rudy,1993-09-17,7.343,778,4.4562
movie:339380,movie,On the Basis of Sex,2018-12-25,7.322,1148,5.8693
tv:4624,tv,Roswell,1999-10-06,7.717,499,20.8998
movie:82682,movie,Gangster Squad,2013-01-09,6.379,4314,6.7717
tv:15260,tv,Adventure Time,2010-04-05,8.511,3189,113.779
movie:13765,movie,Scrooge,1970-11-05,6.804,168,2.4325
movie:8198,movie,The Quiet American,2002-11-22,6.544,340,3.4467
movie:254302,movie,High-Rise,2015-11-22,5.608,1282,5.5321
movie:534993,movie,Petta,2019-01-10,7.223,94,1.5209
movie:9427,movie,The Full Monty,1997-08-13,7.0,1835,5.6112
movie:58244,movie,Upside Down,2012-09-27,6.278,2654,6.1527
movie:6520,movie,First Knight,1995-07-07,6.093,1366,7.1647
movie:526,movie,Ladyhawke,1985-03-27,7.0,1288,6.7116
movie:137093,movie,Last Vegas,2013-10-31,6.397,2308,6.2022
movie:825,movie,Playing by Heart,1998-12-30,6.633,256,3.4412
movie:570620,movie,Cherokee Creek,2018-07-26,3.308,13,1.2182
movie:441183,movie,Light of My Life,2019-08-09,6.456,599,4.0373
movie:9647,movie,Scrooged,1988-11-22,6.787,1739,5.6724
movie:13387,movie,Transporter 3,2008-11-26,6.17,3759,9.6522
movie:9538,movie,Scanners,1981-01-14,6.705,1413,5.9557
movie:29917,movie,Exam,2009-06-19,6.676,2360,5.5016
movie:1643,movie,Last Tango in Paris,1972-12-15,6.895,1367,7.7503
movie:1433,movie,The Devil's Backbone,2001-04-20,7.297,1403,5.5178
movie:1683,movie,The Reaping,2007-04-04,5.773,911,6.6699
movie:11484,movie,Rollerball,1975-06-25,6.261,639,5.9602
movie:12143,movie,Bad Lieutenant,1992-11-20,6.987,986,5.1529
movie:9549,movie,The Right Stuff,1983-10-20,7.402,994,5.5208
movie:304357,movie,Woman in Gold,2015-03-20,7.268,1479,5.9211
movie:8094,movie,The Magdalene Sisters,2002-08-30,7.449,484,4.8896
movie:1642,movie,The Net,1995-07-28,6.051,1566,6.6259
movie:2000,movie,"Aguirre, the Wrath of God",1972-12-29,7.441,1286,5.8098
movie:13474,movie,P2,2007-11-09,6.222,952,4.688
movie:9053,movie,DOA: Dead or Alive,2006-09-07,5.261,941,7.9954
movie:11560,movie,High Crimes,2002-04-05,6.339,905,5.1745
movie:5,movie,Four Rooms,1995-12-09,5.918,2900,6.5923
movie:17711,movie,The Adventures of Rocky & Bullwinkle,2000-06-30,4.311,405,3.3311
movie:528085,movie,2067,2020-10-01,5.479,966,6.5721
movie:10623,movie,Cradle 2 the Grave,2003-02-28,6.132,1058,11.1305
movie:16172,movie,Simply Irresistible,1999-02-05,5.462,261,5.2622
movie:1455945,movie,Highway,2014-05-24,8.667,3,1.19
movie:86838,movie,Seven Psychopaths,2012-10-12,6.817,4371,8.0925
tv:4271,tv,Farscape,1999-03-19,7.889,619,33.6491
movie:188222,movie,Entourage,2015-06-03,6.241,1130,6.7773
tv:5721,tv,The Secret Life of the American Teenager,2008-07-01,6.8,136,31.6778
tv:103797,tv,Attaway General,2020-05-20,4.692,13,4.6924
movie:12619,movie,Cherry Falls,2000-08-25,5.4,324,2.627
movie:11283,movie,Nanny McPhee,2005-10-21,6.69,3267,9.7266
movie:429202,movie,Vox Lux,2018-09-07,5.755,540,3.2071
tv:71737,tv,A.P. Bio,2018-02-01,6.876,198,12.0596
movie:10489,movie,Cujo,1983-08-10,6.177,1160,6.0093
movie:3089,movie,Red River,1948-09-17,7.3,613,6.8741
movie:273271,movie,Time Lapse,2014-05-18,6.539,1430,4.656
movie:10007,movie,See No Evil,2006-05-19,5.435,718,5.1926
movie:273895,movie,Selma,2014-12-25,7.371,2357,4.3379
movie:177,movie,The Fisher King,1991-09-20,7.307,1509,4.9069
movie:345914,movie,The House,2017-06-29,5.634,996,5.2313
movie:3682,movie,54,1998-08-28,5.852,549,5.5621
movie:503752,movie,What Keeps You Alive,2018-08-24,5.8,297,2.8064
movie:24418,movie,Cirque du Freak: The Vampire's Assistant,2009-10-23,5.869,1183,5.5911
movie:14585,movie,In the Company of Men,1997-03-28,6.731,169,1.8317
tv:102084,tv,Hasmukh,2020-04-17,5.0,8,2.5399
tv:89235,tv,BH90210,2019-08-07,6.672,61,5.3358
tv:84231,tv,Wayne,2019-01-16,8.242,567,8.7865
movie:9978,movie,Stormbreaker,2006-07-21,5.23,686,4.6841
movie:204082,movie,Homefront,2013-11-12,6.95,3936,12.8937
movie:10098,movie,The Kid,1921-01-21,8.138,2434,7.0148
movie:8456,movie,Never Back Down,2008-03-04,6.778,2546,8.0036
tv:77068,tv,Koombiyo,2017-08-26,8.4,7,2.0997
movie:3132,movie,Bad Company,2002-06-07,5.5,883,5.5519
tv:69629,tv,The Gifted,2017-10-02,7.586,1603,18.3969
movie:26198,movie,The Keep,1983-12-16,5.625,328,4.0714
movie:13787,movie,Holy Smoke,1999-09-04,5.69,231,3.0254
movie:651571,movie,Breach,2020-12-17,4.148,706,4.9467
movie:605804,movie,The Wretched,2019-12-15,6.033,710,4.9313
tv:98537,tv,Reckoning,2019-10-01,6.477,86,4.534
movie:677640,movie,Miami Bici,2020-02-21,6.688,77,1.8189
tv:106238,tv,Hoops,2020-08-21,6.771,225,5.2934
tv:63201,tv,Glitch,2015-07-09,6.805,413,10.3753
movie:1494,movie,Curse of the Golden Flower,2006-12-14,6.867,841,6.6896
movie:10569,movie,Small Time Crooks,2000-05-19,6.457,767,3.0677
tv:21494,tv,V,2009-11-03,6.788,832,18.3706
movie:295151,movie,Let It Snow,2019-11-08,6.069,1225,4.1742
movie:472451,movie,Boy Erased,2018-09-24,6.975,1514,6.0943
movie:15373,movie,Role Models,2008-11-07,6.483,2201,6.1002
tv:62649,tv,Superstore,2015-11-30,7.532,856,32.7495
movie:17335,movie,Obsessed,2009-02-26,5.752,711,4.9528
movie:12412,movie,Miracle at St. Anna,2008-09-15,6.103,402,4.4886
tv:94659,tv,Giri/Haji,2019-10-17,7.363,179,7.3584
movie:283445,movie,Sinister 2,2015-08-19,5.894,2346,6.9817
movie:10633,movie,In the Heat of the Night,1967-08-02,7.681,1282,5.9836
movie:11963,movie,Three Days of the Condor,1975-09-24,7.273,1407,7.7745
movie:892,movie,Delicatessen,1991-04-17,7.31,1674,4.3014
movie:14746,movie,Streets of Fire,1984-06-01,6.891,564,4.3257
movie:10403,movie,The Player,1992-05-08,7.188,978,5.9365
movie:22954,movie,Invictus,2009-12-11,7.179,4411,5.9715
movie:27318,movie,Jack Frost,1997-11-18,5.1,265,2.1898
movie:12277,movie,Undercover Brother,2002-05-31,5.937,452,4.7415
movie:315664,movie,Florence Foster Jenkins,2016-05-06,6.653,1551,6.5763
movie:256917,movie,The Water Diviner,2014-12-25,6.78,1355,6.958
movie:9279,movie,Jingle All the Way,1996-11-21,6.067,3020,8.9398
movie:27791,movie,Strangeland,1998-10-02,5.051,147,1.8602
movie:2185,movie,Big Trouble,2002-04-05,6.122,331,3.7998
tv:86430,tv,Your Honor,2020-12-06,8.051,1707,15.4583
movie:17707,movie,Brokedown Palace,1999-08-13,6.45,416,4.1779
movie:403300,movie,A Hidden Life,2019-08-27,7.171,807,4.5512
movie:49040,movie,The Bourne Legacy,2012-08-08,6.252,6248,10.8345
movie:38684,movie,Jane Eyre,2011-03-11,7.196,1588,8.377
movie:524348,movie,The Report,2019-09-12,7.035,1184,4.9513
movie:990,movie,The Hustler,1961-09-25,7.667,1120,5.3617
movie:36759,movie,Sgt. Pepper's Lonely Hearts Club Band,1978-07-21,4.311,61,2.1836
tv:83880,tv,Our Planet,2019-04-05,8.535,473,6.8724
movie:22345,movie,Baby Geniuses,1999-03-12,4.099,423,3.2074
movie:12437,movie,Underworld: Rise of the Lycans,2009-01-22,6.538,4028,9.1783
movie:7452,movie,"The Cook, the Thief, His Wife & Her Lover",1989-10-13,7.324,736,6.298
movie:10634,movie,Friday,1995-04-26,7.149,2078,8.0645
movie:526050,movie,Little,2019-04-04,6.8,762,3.9022
movie:491629,movie,Raazi,2018-05-10,7.2,198,1.5155
movie:11644,movie,Blow Out,1981-07-24,7.356,1730,9.2038
movie:11507,movie,Body Double,1984-10-25,6.741,949,7.1438
movie:301804,movie,Before I Wake,2016-04-07,6.495,2011,5.6937
movie:377264,movie,Morgan,2016-09-01,5.825,1640,6.0891
movie:276918,movie,America: Imagine the World Without Her,2014-07-02,4.4,85,1.2409
movie:146198,movie,Triple 9,2016-02-19,6.0,2327,7.7829
movie:241239,movie,A Most Violent Year,2014-12-31,6.597,1571,12.2493
movie:21355,movie,All the Pretty Horses,2000-12-11,5.719,246,4.6587
tv:113457,tv,Mismatched,2020-11-20,6.233,30,4.5787
movie:473149,movie,Traffik,2018-04-20,6.088,491,3.2872
movie:10685,movie,The Watcher,2000-09-08,5.135,561,5.0323
movie:11478,movie,The Skulls,2000-03-31,5.795,613,4.8727
movie:10391,movie,Bless the Child,2000-08-11,5.36,318,3.4147
tv:1695,tv,Monk,2002-07-12,7.946,1296,79.7263
movie:534490,movie,Avengement,2019-05-24,6.795,633,6.9081
tv:1621,tv,Boardwalk Empire,2010-09-19,8.023,1307,39.4614
movie:16859,movie,Kiki's Delivery Service,1989-07-29,7.8,4691,13.5666
tv:5639,tv,Pushing Daisies,2007-10-03,7.877,480,17.6772
movie:884188,movie,Teeth,2007-02-27,6.2,5,1.7007
movie:492616,movie,Luce,2019-08-02,6.38,332,1.9753
movie:11528,movie,The Sandlot,1993-04-07,7.565,1369,6.8209
movie:13572,movie,Twisted,2004-02-27,5.575,621,5.2812
movie:1621,movie,Trading Places,1983-06-07,7.229,3741,10.959
movie:11817,movie,Bulletproof Monk,2003-03-28,5.512,1033,4.8264
movie:25188,movie,The Last Picture Show,1971-10-03,7.613,794,6.3468
tv:40293,tv,Da Vinci's Demons,2013-04-12,7.55,711,10.2951
movie:9777,movie,Proof,2005-09-05,6.349,753,4.2078
movie:26515,movie,Pumpkinhead,1988-06-09,6.428,560,4.4247
tv:60573,tv,Silicon Valley,2014-04-06,8.141,2004,25.0583
movie:354287,movie,War Machine,2017-05-26,5.615,1262,6.6759
tv:113627,tv,Call Me Kat,2021-01-03,6.3,60,6.8261
tv:105759,tv,Undekhi,2020-07-10,8.0,10,8.1333
movie:10776,movie,Little Shop of Horrors,1986-12-19,6.988,1683,9.0436
movie:962,movie,The Gold Rush,1925-07-13,7.964,1886,6.5387
movie:1714,movie,Fahrenheit 451,1966-09-07,7.111,1102,3.3047
movie:32148,movie,Space Mutiny,1988-08-01,2.7,82,1.6448
movie:12797,movie,Ghost Town,2008-09-19,6.503,1090,4.5384
movie:12094,movie,Jackass Number Two,2006-09-22,6.599,1310,6.4416
movie:983,movie,The Man Who Would Be King,1975-12-03,7.49,731,6.5672
tv:918,tv,M*A*S*H,1972-09-17,7.94,760,48.5853
movie:73723,movie,The Lorax,2012-03-01,6.533,3961,15.3433
movie:299245,movie,The Gallows,2015-07-09,4.944,1004,2.91
movie:503356,movie,Viswasam,2019-01-10,6.194,49,1.5539
movie:11045,movie,Taxi,2004-10-06,5.557,1204,8.5332
movie:505192,movie,Shoplifters,2018-06-02,7.828,2354,8.3009
tv:59659,tv,Halt and Catch Fire,2014-06-01,7.913,581,16.3728
movie:68737,movie,Seventh Son,2014-12-12,5.532,2698,10.5374
movie:8998,movie,Friends with Money,2006-04-07,5.142,616,4.1122
movie:586291,movie,Nerkonda Paarvai,2019-08-08,6.95,30,1.2146
movie:6038,movie,Shanghai Knights,2003-02-06,6.138,2502,6.7084
movie:454294,movie,The Kid Who Would Be King,2019-01-16,6.201,858,7.5568
movie:340,movie,Everything Is Illuminated,2005-09-05,7.251,839,3.8622
movie:11838,movie,Ju-on: The Grudge,2002-10-18,6.8,992,8.5213
movie:339397,movie,Café Society,2016-05-11,6.439,2851,4.3021
movie:13922,movie,The Great Raid,2005-08-12,6.531,391,4.8819
movie:2057,movie,Original Sin,2001-05-08,6.135,923,10.7661
movie:526051,movie,Look Away,2018-10-12,6.554,988,4.6364
movie:611605,movie,1BR,2019-07-18,6.012,540,3.5455
tv:111635,tv,The Gift,2019-09-16,10.0,1,2.9746
movie:8867,movie,The Punisher,1989-10-05,5.763,708,9.1161
movie:432011,movie,Super Deluxe,2019-03-29,7.704,140,1.7345
movie:860,movie,WarGames,1983-06-03,7.067,2232,7.8796
movie:1819,movie,"You, Me and Dupree",2006-07-13,5.607,1467,5.3697
movie:533237,movie,Karwaan,2018-08-03,7.1,116,1.3773
movie:11206,movie,Wait Until Dark,1967-10-26,7.329,612,4.1283
movie:15660,movie,Mommie Dearest,1981-09-16,6.358,246,3.3901
movie:594718,movie,Sputnik,2020-07-24,6.549,1013,5.5457
movie:17761,movie,The High and the Mighty,1954-07-03,5.931,87,6.1755
tv:84584,tv,Dollface,2019-11-15,7.0,105,11.7493
movie:178809,movie,The Colony,2013-04-12,5.461,1277,5.9409
movie:634077,movie,Avane Srimannarayana,2019-12-27,7.4,30,1.0257
movie:13509,movie,The Monster Squad,1987-08-14,6.725,659,5.3555
movie:10518,movie,Marathon Man,1976-10-08,7.17,1263,5.8283
movie:9719,movie,Pumpkin,2002-06-28,5.777,119,1.7939
movie:9346,movie,Risky Business,1983-08-05,6.584,1509,6.5757
movie:10648,movie,Magnum Force,1973-12-13,7.113,1238,6.9128
movie:13368,movie,White Christmas,1954-10-14,7.184,591,3.4091
movie:9683,movie,Bubble Boy,2001-08-24,5.789,644,4.8606
movie:400157,movie,Wonder Park,2019-03-13,6.583,780,7.2311
movie:11323,movie,The Informant!,2009-09-18,6.152,1004,4.0828
tv:61175,tv,Steven Universe,2013-11-04,8.4,1375,39.8798
movie:26748,movie,Lone Star,1996-06-21,7.055,431,3.4939
movie:16558,movie,Duplicity,2009-03-18,5.894,890,4.6219
movie:9422,movie,A Civil Action,1998-12-25,6.5,509,5.0859
movie:43923,movie,It's Kind of a Funny Story,2010-10-08,6.944,2499,5.0266
movie:10671,movie,Airport,1970-03-25,6.5,464,4.384
movie:5143,movie,Hannah and Her Sisters,1986-02-07,7.5,1197,6.1818
movie:3766,movie,The Lady from Shanghai,1947-12-24,7.341,741,4.0959
movie:874,movie,A Man for All Seasons,1966-12-13,7.3,510,4.4249
movie:9599,movie,The Blob,1988-08-05,6.865,1091,7.6276
movie:714375,movie,Fatal Affair,2020-07-16,5.686,315,3.3943
movie:10024,movie,My Sister's Keeper,2009-06-26,7.363,2285,6.6527
tv:71308,tv,Disjointed,2017-08-25,6.233,129,6.9761
movie:9959,movie,Freedomland,2006-02-17,5.233,367,4.0943
movie:147,movie,The 400 Blows,1959-06-03,7.998,2375,7.3183
movie:1408,movie,Cutthroat Island,1995-12-22,5.804,641,5.3633
movie:10379,movie,Drop Dead Fred,1991-04-19,5.822,416,3.9281
tv:96310,tv,Hum Tum and Them,2019-12-06,7.5,2,1.9542
tv:83247,tv,Haunted,2018-10-19,6.9,313,4.9311
movie:9955,movie,Blades of Glory,2007-03-30,6.12,1970,6.818
movie:236751,movie,Heaven Is for Real,2014-04-16,6.795,899,5.4108
movie:37056,movie,Letters to Juliet,2010-05-13,7.002,3051,7.4873
movie:8356,movie,An Affair to Remember,1957-07-11,7.376,525,4.0698
movie:318,movie,The Million Dollar Hotel,2000-02-09,5.894,379,5.05
tv:11157,tv,Casanova,2005-03-13,7.008,60,3.8032
movie:489326,movie,Mortal,2020-02-28,6.476,524,3.6931
movie:535144,movie,Sonchiriya,2019-03-01,7.977,43,1.2058
movie:26428,movie,Agora,2009-05-17,7.007,1598,5.0697
movie:266294,movie,Sisters,2015-12-18,5.959,1494,5.9289
movie:9703,movie,The Last Legion,2007-04-19,5.616,862,6.5176
movie:942,movie,Lethal Weapon 2,1989-07-07,7.045,3840,10.6897
movie:10536,movie,The Italian Job,1969-06-02,6.939,889,6.1753
movie:11971,movie,Much Ado About Nothing,1993-05-07,6.948,830,5.5066
tv:49011,tv,Mom,2013-09-23,7.312,646,47.3799
tv:81358,tv,Mr Inbetween,2018-09-25,8.276,351,16.6289
movie:11878,movie,Yojimbo,1961-04-25,8.079,1736,7.4038
movie:14033,movie,Soul Survivors,2001-09-06,4.503,195,2.4755
movie:337674,movie,Elle,2016-05-25,6.637,2029,4.637
movie:10399,movie,Mansfield Park,1999-11-12,6.683,341,2.8735
tv:77601,tv,Wild Wild Country,2018-03-16,7.712,311,3.5772
movie:15005,movie,One Night with the King,2006-10-10,6.7,75,4.0128
tv:88378,tv,Mr. Iglesias,2019-06-21,7.473,112,5.974
movie:520370,movie,The American Meme,2018-12-07,5.739,90,0.8364
movie:10641,movie,Autumn in New York,2000-08-11,6.131,782,5.7455
movie:8981,movie,Dear Frankie,2004-05-18,7.1,225,2.7834
movie:560050,movie,Over the Moon,2020-10-16,7.18,1425,5.9094
movie:10246,movie,Porky's,1981-11-13,6.398,985,5.8774
movie:1550,movie,Pieces of April,2003-10-17,6.533,276,2.5096
tv:1419,tv,Castle,2009-03-09,7.967,2136,95.3354
movie:68812,movie,The Iceman,2012-09-01,6.554,1171,5.9199
movie:15268,movie,Street Fighter: The Legend of Chun-Li,2009-02-27,4.288,503,5.352
movie:1654,movie,The Dirty Dozen,1967-06-15,7.601,1358,7.2222
movie:6068,movie,Six Days Seven Nights,1998-06-12,6.105,1656,7.1069
movie:821,movie,Judgment at Nuremberg,1961-12-18,8.0,978,4.9994
movie:11951,movie,Vanishing Point,1971-01-15,7.091,537,3.5317
movie:11708,movie,Chitty Chitty Bang Bang,1968-12-17,6.83,761,5.7049
movie:106747,movie,Machete Kills,2013-09-12,5.622,2085,7.0992
movie:174,movie,Star Trek VI: The Undiscovered Country,1991-12-06,7.0,1455,4.8052
movie:18892,movie,Jawbreaker,1999-01-30,6.4,605,5.8275
movie:8592,movie,Dick Tracy,1990-06-15,6.162,1076,5.9133
movie:11823,movie,Wimbledon,2004-09-13,6.229,1096,4.8149
movie:9611,movie,Romy and Michele's High School Reunion,1997-04-25,6.248,610,4.2392
movie:22804,movie,Saw VI,2009-10-22,6.294,3585,8.176
movie:11569,movie,Hellraiser III: Hell on Earth,1992-09-11,5.634,867,5.087
movie:9306,movie,The Island of Dr. Moreau,1996-08-23,4.9,581,5.4364
movie:8054,movie,The Imaginarium of Doctor Parnassus,2009-10-01,6.388,2934,6.137
tv:106932,tv,Enigma,2001-06-12,2.0,1,6.0608
movie:479040,movie,Acts of Violence,2018-01-12,5.567,455,5.5086
movie:648705,movie,Nishabdham,2020-10-02,5.273,22,2.3878
tv:67132,tv,Kevin Can Wait,2016-09-19,5.7,164,7.6024
movie:11893,movie,Runaway Train,1985-11-15,7.0,677,4.4847
movie:520777,movie,Behind the Curve,2018-04-30,6.28,316,2.0009
tv:44856,tv,Wentworth,2013-05-01,7.997,297,19.4376
movie:1908,movie,Inherit the Wind,1960-07-07,7.7,483,3.1918
movie:11426,movie,From Here to Eternity,1953-08-28,7.257,729,4.9048
movie:92182,movie,Silent House,2011-01-21,5.412,458,2.328
tv:84910,tv,The Masked Singer,2019-01-02,7.5,122,23.6523
movie:14919,movie,Batman: Mask of the Phantasm,1993-12-25,7.502,1284,8.1724
movie:11024,movie,Scooby-Doo 2: Monsters Unleashed,2004-03-24,6.108,2974,4.7952
movie:235260,movie,Son of God,2014-02-28,6.825,359,3.6022
movie:2013,movie,The Diving Bell and the Butterfly,2007-05-23,7.576,1305,4.2886
movie:82675,movie,Taken 2,2012-09-27,6.369,7232,11.3069
movie:24525,movie,Hurlyburly,1998-12-25,5.5,108,1.7716
movie:11901,movie,High Plains Drifter,1973-04-19,7.324,1374,8.1202
movie:868,movie,Tsotsi,2005-12-23,6.944,359,2.1639
movie:10050,movie,Get Over It,2001-03-08,5.568,316,2.8809
movie:9293,movie,John Tucker Must Die,2006-07-27,6.086,1508,5.1736
movie:6537,movie,The Orphanage,2007-05-20,7.234,3189,6.0709
movie:369192,movie,Battle of the Sexes,2017-09-22,6.75,1982,6.6441
movie:324542,movie,Sleepless,2017-01-12,5.926,1366,5.436
movie:374473,movie,"I, Daniel Blake",2016-10-21,7.713,1568,3.8672
movie:12596,movie,Pushing Tin,1999-04-23,5.876,445,3.2613
movie:42296,movie,Catfish,2010-09-17,6.81,562,1.7571
movie:4174,movie,Spellbound,1945-11-08,7.386,1005,5.0153
movie:11187,movie,Child's Play 3,1991-08-30,5.903,1787,7.9822
movie:11692,movie,The Adventures of Pluto Nash,2002-08-16,4.377,551,4.2867
movie:7984,movie,In the Name of the Father,1993-12-27,7.887,2031,9.202
movie:152742,movie,The Best Offer,2013-01-01,7.807,3134,7.4242
tv:92926,tv,Criminal: UK,2019-09-20,7.206,255,8.6547
movie:320007,movie,Victoria,2015-06-11,7.576,1388,2.8761
movie:8342,movie,No Man's Land,2001-05-12,7.507,517,2.4308
movie:39874,movie,My Bloody Valentine,1981-02-11,6.4,569,4.1728
tv:67487,tv,The Tick,2016-08-19,6.993,346,13.3783
movie:693158,movie,Proximity,2020-05-15,6.75,418,4.6795
movie:491472,movie,At Eternity's Gate,2018-11-15,6.988,1600,5.5642
tv:46260,tv,Naruto,2002-10-03,8.363,6091,68.2492
movie:504631,movie,Mermaid Down,2019-10-15,6.403,304,2.5132
movie:24226,movie,The Verdict,1982-12-08,7.468,756,4.5168
tv:71383,tv,The Crossing,2018-04-02,6.86,168,6.1452
movie:33468,movie,The Brain That Wouldn't Die,1962-02-25,4.681,141,1.4541
movie:582570,movie,Sextuplets,2019-08-16,6.2,879,3.7174
movie:18570,movie,"Food, Inc.",2008-09-07,7.361,675,2.4177
movie:1048880,movie,Zeitgeist,2007-01-01,0.0,0,0.8334
movie:1410,movie,Dark Star,1974-03-30,5.998,671,5.1259
movie:26860,movie,White Zombie,1932-07-28,5.99,286,2.096
movie:3065,movie,Mystery Science Theater 3000: The Movie,1996-04-19,6.6,235,1.5506
movie:532622,movie,A Sniper's War,2018-06-28,5.0,13,0.8047
movie:157,movie,Star Trek III: The Search for Spock,1984-06-01,6.581,1558,5.029
movie:49022,movie,Something Borrowed,2011-05-05,6.232,1109,4.6784
movie:10909,movie,Kalifornia,1993-06-24,6.582,888,5.762
movie:13820,movie,Repo Man,1984-03-02,6.662,696,5.0954
movie:10773,movie,Mrs. Henderson Presents,2005-09-08,6.669,237,2.8531
movie:84348,movie,V/H/S,2012-07-28,6.101,1753,5.6177
movie:455918,movie,Expedition Happiness,2017-05-04,6.45,129,1.3241
movie:2300,movie,Space Jam,1996-11-15,6.806,6522,10.368
tv:60741,tv,Ascension,2014-12-15,6.606,358,10.7112
tv:72597,tv,Manhunt,2017-08-01,7.603,548,15.4751
movie:522518,movie,A Dog's Journey,2019-05-03,8.046,1646,7.1746
movie:277558,movie,Final Girl,2015-04-14,5.247,750,3.8259
movie:13335,movie,Harold & Kumar Escape from Guantanamo Bay,2008-04-25,6.318,1675,6.5423
movie:11522,movie,Pretty in Pink,1986-02-28,6.679,1240,5.0989
movie:11827,movie,Heavy Metal,1981-08-07,6.519,813,6.088
tv:3322,tv,Oz,1997-07-12,8.044,869,48.8671
movie:508763,movie,A Dog's Way Home,2019-01-10,7.389,1198,6.2713
movie:12586,movie,Bella,2006-09-09,6.3,103,1.5664
movie:10409,movie,Strictly Ballroom,1992-08-20,6.605,396,2.9752
movie:353616,movie,Pitch Perfect 3,2017-12-20,6.5,3494,7.1765
movie:474354,movie,22 July,2018-10-04,7.065,1290,3.3121
movie:92979,movie,Don,2006-04-27,7.7,6,1.3406
movie:11468,movie,The Salton Sea,2002-02-12,6.595,372,4.4111
movie:10710,movie,Envy,2004-04-30,4.89,564,3.4129
movie:10562,movie,Under Suspicion,2000-08-24,6.11,543,7.4241
movie:9406,movie,An American Werewolf in Paris,1997-05-29,5.9,790,4.1072
movie:62764,movie,Mirror Mirror,2012-03-15,5.92,3317,6.7078
movie:6687,movie,TransSiberian,2008-01-18,6.383,835,4.4235
tv:68467,tv,3%,2016-11-25,7.066,540,10.301
movie:10329,movie,Congo,1995-06-09,5.615,1010,7.8231
movie:10529,movie,Outlander,2008-04-24,6.469,1456,6.831
movie:436,movie,Maria Full of Grace,2004-04-02,7.204,441,2.8514
movie:11172,movie,Music and Lyrics,2007-02-09,6.449,1836,5.1847
movie:9651,movie,Supergirl,1984-07-01,5.395,726,8.709
movie:11451,movie,Herbie Fully Loaded,2005-06-19,5.839,2469,10.3555
tv:92916,tv,Marianne,2019-09-13,7.593,600,5.2051
movie:10586,movie,The Ghost and the Darkness,1996-10-11,6.838,1173,7.8101
movie:9062,movie,Love Story,1970-12-16,6.815,757,4.985
movie:10354,movie,True Crime,1999-03-19,6.514,879,6.2021
movie:243940,movie,The Lazarus Effect,2015-01-29,5.308,1547,5.9061
movie:415312,movie,The Man from Earth: Holocene,2017-10-13,5.5,295,4.5258
movie:228165,movie,The SpongeBob Movie: Sponge Out of Water,2015-01-28,6.114,2588,12.2639
movie:11016,movie,Key Largo,1948-07-16,7.5,598,3.0883
movie:12501,movie,The Big Country,1958-08-13,7.585,427,4.3852
movie:10009,movie,Brother Bear,2003-10-23,7.283,5848,12.7873
movie:13751,movie,Akeelah and the Bee,2006-04-28,7.018,362,4.9495
movie:468339,movie,Once Upon a Time in London,2019-04-19,5.304,56,2.4658
movie:8738,movie,The Final Countdown,1980-01-31,6.645,692,5.1062
tv:97390,tv,The Goop Lab,2020-01-24,2.9,25,1.6691
movie:780,movie,The Passion of Joan of Arc,1928-04-21,7.955,1118,4.6737
tv:2224,tv,The Daily Show,1996-07-22,6.393,653,153.4261
movie:37414,movie,The Killer Inside Me,2010-02-19,5.82,646,4.4267
movie:124459,movie,The Incredible Burt Wonderstone,2013-03-14,5.752,1567,5.7169
movie:2779,movie,The Curse of the Jade Scorpion,2001-08-24,6.61,849,3.3353
movie:11562,movie,Crimes and Misdemeanors,1989-10-13,7.422,971,4.5635
movie:290751,movie,Secret in Their Eyes,2015-10-14,6.364,1462,8.1804
movie:11702,movie,The Replacement Killers,1998-02-06,6.282,595,6.9582
movie:458253,movie,Missing Link,2019-04-04,6.895,953,6.8945
movie:8976,movie,A Lot Like Love,2005-04-21,6.834,1390,4.6725
movie:9490,movie,Half Baked,1998-01-16,6.305,666,5.4507
movie:6037,movie,Murder by Death,1976-06-23,7.138,926,5.0692
movie:426865,movie,UFO,2018-09-27,6.887,457,2.7805
tv:2566,tv,Dead Like Me,2003-06-27,7.638,506,16.9764
movie:441909,movie,Tiger Zinda Hai,2017-12-18,6.251,183,2.4781
movie:227348,movie,Paranormal Activity: The Marked Ones,2014-01-01,5.442,1575,6.1777
movie:11170,movie,We Are Marshall,2006-12-12,6.889,817,3.6893
movie:526019,movie,Like a Boss,2020-01-09,6.195,673,4.0683
movie:449664,movie,Escape Room,2017-06-19,4.6,783,3.1248
movie:21849,movie,A Face in the Crowd,1957-05-29,7.6,279,2.5191
movie:239563,movie,St. Vincent,2014-10-09,7.136,2125,6.4469
movie:11814,movie,Weird Science,1985-08-01,6.535,1589,8.3754
movie:41216,movie,Legend of the Guardians: The Owls of Ga'Hoole,2010-07-10,6.836,2542,7.698
tv:61859,tv,The Night Manager,2016-02-21,7.733,1362,21.6047
movie:526007,movie,The Night Clerk,2020-02-19,6.18,924,6.5429
movie:10715,movie,Looney Tunes: Back in Action,2003-11-14,6.37,1640,8.634
movie:11935,movie,Capricorn One,1977-12-10,6.8,527,4.5377
tv:63180,tv,TVF Pitchers,2015-06-10,7.673,107,3.5005
tv:5028,tv,Storm of the Century,1999-02-14,6.981,346,8.0984
movie:9602,movie,Coming to America,1988-06-29,6.883,4845,12.1194
movie:225886,movie,Sex Tape,2014-07-17,5.404,4260,13.0554
movie:11509,movie,Silverado,1985-07-10,6.948,842,5.4614
tv:51704,tv,Defiance,2013-04-15,6.777,565,18.0639
movie:10474,movie,The Basketball Diaries,1995-04-21,7.4,2271,10.1496
tv:46619,tv,Rectify,2013-04-22,7.6,297,11.6561
movie:14635,movie,The Rookie,2002-03-25,6.806,502,4.5829
tv:4598,tv,Boston Legal,2004-10-03,7.907,391,53.9966
movie:72113,movie,Carnage,2011-09-16,7.163,3204,5.5325
movie:10839,movie,Cross of Iron,1977-01-28,7.1,496,4.3726
movie:10436,movie,The Age of Innocence,1993-09-10,6.955,1241,6.4726
movie:399790,movie,Churchill,2017-05-25,6.19,347,2.9597
movie:24664,movie,Bamboozled,2000-10-06,6.299,162,4.1458
tv:102085,tv,Too Hot to Handle,2020-04-17,6.574,458,22.4667
movie:936,movie,The Pink Panther,1963-12-18,6.844,1210,7.9154
movie:502425,movie,Escape from Pretoria,2020-03-06,7.162,1528,7.8348
tv:4600,tv,Robin Hood,2006-10-07,6.901,137,15.5677
movie:20943,movie,The Ugly Truth,2009-07-24,6.509,3830,6.6321
movie:22074,movie,Capitalism: A Love Story,2009-09-06,7.056,581,3.6418
movie:74777,movie,Absentia,2011-03-03,5.828,399,2.5097
movie:658199,movie,John Henry,2020-01-24,5.18,61,2.8478
movie:529862,movie,Brittany Runs a Marathon,2019-08-23,6.633,517,2.6892
movie:9714,movie,Home Alone 3,1997-12-12,5.282,3351,11.4037
tv:2919,tv,Burn Notice,2007-06-28,7.479,603,38.3057
movie:11469,movie,Black Knight,2001-11-21,5.481,1256,7.3127
movie:13186,movie,Wrong Turn 2: Dead End,2007-08-25,6.178,1602,13.7459
movie:1281,movie,Bean,1997-07-03,6.481,2647,7.929
tv:86163,tv,Gentleman Jack,2019-04-22,7.8,213,8.6031
movie:232572,movie,A Walk in the Woods,2015-09-02,6.117,788,4.2468
movie:25364,movie,Ace in the Hole,1951-06-29,7.843,772,3.7802
tv:84380,tv,Better Than Us,2018-11-23,7.381,461,7.4898
movie:527776,movie,Overcomer,2019-08-22,7.688,309,4.4629
movie:10787,movie,The Invisible Man,1933-10-31,7.512,981,6.2305
tv:2407,tv,Dark Angel,2000-10-03,7.5,515,23.5332
tv:4239,tv,Married... with Children,1987-04-05,7.727,1251,96.1047
movie:11557,movie,St. Elmo's Fire,1985-06-28,6.122,610,3.7853
movie:11123,movie,Earthquake,1974-11-15,6.15,377,4.2587
movie:438590,movie,A-X-L,2018-08-23,6.366,1292,5.5523
movie:24936,movie,The Deep End,2001-01-21,6.179,159,2.0195
movie:577,movie,To Die For,1995-09-22,6.585,911,6.1117
movie:660982,movie,American Pie Presents: Girls' Rules,2020-10-06,6.086,736,7.0565
movie:12107,movie,Nutty Professor II: The Klumps,2000-07-27,5.015,1432,5.3085
movie:514619,movie,Nobody's Fool,2018-10-31,6.049,298,3.7883
tv:100010,tv,Big Sky,2020-11-17,7.213,300,26.7851
movie:15745,movie,Made,2001-07-13,5.808,212,3.1182
movie:25520,movie,The House of Mirth,2000-10-13,6.3,90,2.6266
movie:9448,movie,The Big Hit,1998-04-24,5.984,491,4.9999
movie:8329,movie,[REC],2007-11-23,7.238,4985,10.5018
movie:568160,movie,Weathering with You,2019-07-19,7.972,2696,9.779
movie:566221,movie,The Edge of Democracy,2019-01-24,7.658,386,1.5808
tv:39358,tv,Revenge,2011-09-21,7.546,850,29.8291
movie:339527,movie,Solace,2015-09-03,6.44,2422,9.2169
movie:10543,movie,Fear,1996-04-12,6.651,1106,10.7501
movie:61202,movie,Zindagi Na Milegi Dobara,2011-07-15,7.6,434,2.9633
movie:440597,movie,Wish Upon,2017-07-07,5.74,1485,5.1533
movie:615911,movie,Ponmagal Vandhal,2020-05-29,6.3,30,0.8343
movie:283350,movie,Before We Go,2014-09-04,6.742,1915,3.5644
movie:43949,movie,Flipped,2010-08-06,8.015,3391,11.0955
movie:49012,movie,Arthur,2011-04-08,5.558,813,4.0117
movie:94590,movie,Angry Video Game Nerd: The Movie,2014-07-21,5.271,157,1.2558
movie:18491,movie,Neon Genesis Evangelion: The End of Evangelion,1997-07-19,8.262,1936,16.3586
movie:4961,movie,Mimic,1997-08-22,6.086,1298,6.013
movie:11167,movie,Peeping Tom,1960-04-07,7.459,924,4.4347
movie:3595,movie,Ransom,1996-11-08,6.691,2174,7.2553
movie:11929,movie,Dolores Claiborne,1995-03-24,7.263,902,6.4388
movie:145197,movie,Upstream Color,2013-04-05,6.344,826,3.2814
movie:9688,movie,Melinda and Melinda,2004-12-22,6.21,511,3.1765
movie:15658,movie,Flowers in the Attic,1987-11-20,6.311,219,3.7472
movie:493551,movie,Operation Finale,2018-08-29,6.665,1119,5.2449
movie:6404,movie,Nosferatu the Vampyre,1979-01-17,7.282,1115,5.5582
tv:58841,tv,Chicago P.D.,2014-01-08,8.427,2623,104.4102
movie:58233,movie,Johnny English Reborn,2011-09-15,6.249,3655,13.5529
movie:11165,movie,Tora! Tora! Tora!,1970-01-26,7.178,620,6.304
movie:30072,movie,Possession,2002-08-16,5.977,196,2.3445
tv:4955,tv,The Dresden Files,2007-01-21,6.972,125,10.2872
movie:28162,movie,A Matter of Life and Death,1946-12-15,7.8,479,4.2937
tv:14929,tv,Heartland,2007-10-14,8.248,582,44.6916
movie:316152,movie,Free State of Jones,2016-06-24,6.776,1694,7.1798
movie:468,movie,My Own Private Idaho,1991-02-01,7.039,1266,7.5433
movie:748457,movie,Bahut Hua Sammaan,2020-10-02,6.875,12,0.9185
tv:104954,tv,The Comey Rule,2020-09-27,6.938,80,3.8369
movie:8216,movie,Meet the Feebles,1989-08-12,6.338,325,2.2895
movie:15764,movie,Sophie's Choice,1982-12-08,7.307,960,4.5231
movie:393624,movie,Official Secrets,2019-08-30,7.226,1143,5.1881
movie:89492,movie,This Is 40,2012-12-20,5.901,2385,6.1859
movie:461816,movie,Daddy,2017-09-08,5.808,13,1.1171
movie:36419,movie,After.Life,2009-11-07,6.332,1265,11.7063
movie:44113,movie,Stone,2010-10-07,5.319,754,4.7644
movie:84174,movie,Bachelorette,2012-08-06,5.391,1255,6.2652
tv:4620,tv,Eureka,2006-07-18,7.747,733,27.062
movie:10775,movie,Infernal Affairs,2002-12-12,7.806,1911,15.4126
movie:643,movie,Battleship Potemkin,1925-12-24,7.6,1326,5.0147
tv:75820,tv,Mr. Sunshine,2018-07-07,8.418,196,9.3993
movie:298382,movie,The Dressmaker,2015-10-29,6.997,1782,5.6067
movie:775,movie,A Trip to the Moon,1902-06-15,7.882,2051,4.7919
movie:9904,movie,The Wild,2006-04-06,5.552,1161,8.4133
movie:256961,movie,Paul Blart: Mall Cop 2,2015-04-16,5.165,1718,8.3777
tv:88236,tv,How to Sell Drugs Online (Fast),2019-05-31,7.879,962,10.1936
movie:11575,movie,The Great Race,1965-07-01,7.097,386,4.1567
movie:644090,movie,"Love, Guaranteed",2020-09-02,6.37,679,3.0782
movie:249164,movie,If I Stay,2014-08-21,7.345,4346,5.3371
movie:18988,movie,The Lion in Winter,1968-08-20,7.368,419,4.6265
movie:9587,movie,Little Women,1994-12-21,7.271,1365,7.5071
movie:82825,movie,Kahaani,2012-03-08,7.196,359,1.951
movie:11881,movie,Miracle on 34th Street,1947-06-04,7.361,864,6.5946
movie:11533,movie,Jason and the Argonauts,1963-06-13,7.173,721,7.0862
tv:14956,tv,Dollhouse,2009-02-13,7.23,511,26.8958
movie:21991,movie,State and Main,2000-08-26,6.277,303,3.1317
movie:5851,movie,Showtime,2002-03-14,5.558,1107,5.5339
movie:1712,movie,Giant,1956-11-08,7.593,775,6.7663
movie:34016,movie,She's Out of My League,2010-03-11,6.489,2390,9.1506
movie:1783,movie,To End All Wars,2001-09-02,6.396,188,2.4401
movie:9988,movie,Beerfest,2006-08-25,5.833,633,4.1899
movie:15256,movie,200 Cigarettes,1999-02-26,5.796,184,3.2495
movie:44918,movie,Titanic II,2010-08-07,4.825,462,3.2325
tv:97559,tv,Utopia Falls,2020-02-14,7.147,58,3.6218
movie:108,movie,Three Colors: Blue,1993-09-08,7.615,1942,5.4827
movie:9826,movie,The Phantom,1996-06-06,5.317,645,5.6327
movie:265208,movie,Wild Card,2015-01-14,5.71,1978,12.3581
movie:618830,movie,Homeless Ashes,2019-09-23,7.0,4,1.1802
movie:1551,movie,Flatliners,1990-08-10,6.516,1783,6.3006
movie:283587,movie,Beasts of No Nation,2015-09-11,7.584,1913,5.8453
movie:403,movie,Driving Miss Daisy,1989-12-13,7.229,1841,6.7209
movie:426814,movie,The Domestics,2018-06-28,6.146,536,3.4256
movie:14794,movie,if....,1968-12-19,7.045,430,2.9849
movie:505954,movie,T-34,2018-12-27,7.2,959,2.476
tv:17610,tv,NCIS: Los Angeles,2009-09-22,7.535,1261,92.7941
movie:12092,movie,Alice in Wonderland,1951-08-09,7.189,6359,18.077
movie:10166,movie,The Witches,1990-05-25,6.947,1397,7.1881
movie:283552,movie,The Light Between Oceans,2016-09-02,7.063,1443,6.6608
movie:10546,movie,The Crow: City of Angels,1996-08-29,5.502,617,6.5622
movie:9333,movie,Last Man Standing,1996-09-20,6.37,1025,6.6284
movie:35412,movie,On the Beach,1959-12-17,6.7,249,3.6678
movie:17898,movie,Silver Bullet,1985-10-10,6.673,719,6.2841
movie:7859,movie,Half Nelson,2006-08-11,6.643,988,4.6624
movie:17917,movie,Oliver!,1968-09-26,7.0,504,4.0161
movie:11398,movie,The Art of War,2000-08-25,5.692,569,5.0781
movie:10437,movie,The Muppet Christmas Carol,1992-12-11,7.443,1198,6.3568
movie:23685,movie,Monkeybone,2001-02-23,5.252,381,4.9345
movie:1710,movie,Copycat,1995-10-27,6.476,1333,6.5604
movie:24924,movie,Night of the Demons,1988-09-09,6.3,407,4.0989
tv:14658,tv,Survivor,2000-05-31,7.298,442,50.1662
movie:576121,movie,Total Dhamaal,2019-02-22,5.227,55,1.6346
movie:10472,movie,Down to You,2000-01-21,5.2,269,3.0193
movie:11453,movie,Deuce Bigalow: European Gigolo,2005-08-12,5.302,1048,7.3001
movie:192,movie,The Name of the Rose,1986-09-24,7.5,3377,9.2493
tv:69017,tv,One Day at a Time,2017-01-06,7.7,199,12.5087
movie:5852,movie,Angel Eyes,2001-05-18,6.0,501,4.2894
movie:317760,movie,Dosar,2006-04-14,6.111,9,0.7718
tv:5905,tv,Helen of Troy,2003-04-20,6.1,85,6.6266
movie:41439,movie,Saw 3D,2010-10-22,5.974,3373,8.4528
movie:244267,movie,I Origins,2014-07-18,7.565,3529,7.8289
tv:79694,tv,ThunderCats Roar,2020-02-22,2.903,31,7.2247
movie:48988,movie,Hall Pass,2011-02-25,5.75,2176,7.8129
movie:421658,movie,Final Score,2018-09-07,6.094,582,6.6179
movie:678356,movie,Game Over,2019-07-25,7.0,2,0.7886
movie:79464,movie,Rockstar,2011-11-11,7.3,232,1.9297
movie:11837,movie,Watership Down,1978-10-14,7.19,726,5.1437
movie:22527,movie,The Wrong Man,1956-12-22,7.137,626,3.2999
movie:533444,movie,Waves,2019-11-15,7.4,833,6.4658
movie:10435,movie,Chaplin,1992-12-17,7.412,1244,6.148
movie:9319,movie,The Last Boy Scout,1991-12-13,6.844,2214,7.6427
tv:70573,tv,GLOW,2017-06-23,7.3,445,14.7652
movie:10150,movie,The Last Unicorn,1982-11-19,7.28,615,4.466
tv:58811,tv,Helix,2014-01-10,6.6,491,11.774
movie:909,movie,Meet Me in St. Louis,1944-11-28,7.016,436,3.091
movie:3170,movie,Bambi,1942-08-14,7.015,6108,10.0526
movie:15794,movie,White Heat,1949-09-02,7.648,553,2.7385
movie:270010,movie,A Hologram for the King,2016-04-22,5.849,1243,6.4331
movie:8764,movie,Top Secret!,1984-06-22,7.095,1454,6.5924
movie:4104,movie,Benny & Joon,1993-04-16,7.0,853,3.4892
movie:353070,movie,Going in Style,2017-04-06,6.69,3087,7.7747
movie:8834,movie,Conspiracy Theory,1997-08-08,6.62,1703,7.9794
movie:8067,movie,A Life Less Ordinary,1997-10-24,6.156,508,4.686
movie:34288,movie,The Last Broadcast,1998-10-23,5.004,126,1.1573
movie:560044,movie,The Willoughbys,2020-04-22,7.044,996,4.2498
movie:94348,movie,Alex Cross,2012-10-18,5.131,784,5.8733
tv:1481,tv,The 4400,2004-07-11,7.2,751,30.0225
movie:28941,movie,Chopping Mall,1986-11-14,5.803,416,3.3298
movie:3121,movie,Nashville,1975-06-11,7.259,475,3.9425
tv:4238,tv,The King of Queens,1998-09-21,7.15,754,57.6941
movie:25508,movie,Cat People,1942-12-05,6.933,686,3.7954
movie:2011,movie,Persepolis,2007-06-27,7.881,2234,6.8674
movie:103620,movie,Maniac,2012-12-26,6.045,1051,4.5173
movie:11450,movie,Quiz Show,1994-08-25,7.25,1009,5.688
movie:10351,movie,Wishmaster,1997-09-19,6.118,727,6.878
movie:10734,movie,Escape from Alcatraz,1979-06-22,7.503,3257,10.0251
movie:16858,movie,All That Jazz,1979-12-16,7.516,625,4.2544
movie:9782,movie,The Night Listener,2006-02-12,5.5,289,2.6948
movie:14412,movie,Body Heat,1981-08-28,6.98,708,7.6022
movie:10030,movie,Good Luck Chuck,2007-09-21,5.936,1716,7.8119
movie:582186,movie,"Oh, Ramona!",2019-02-14,5.802,430,2.0133
tv:6357,tv,The Twilight Zone,1959-10-02,8.508,1060,39.8103
movie:13703,movie,Less Than Zero,1987-11-06,6.41,307,4.1372
movie:23514,movie,The Rum Diary,2011-10-13,5.892,1353,6.4151
movie:5471,movie,Beowulf & Grendel,2005-09-14,5.598,260,4.3384
movie:59722,movie,2012: Ice Age,2011-06-27,4.432,288,2.3438
movie:2616,movie,Uncle Buck,1989-08-16,6.8,1398,6.7142
movie:8324,movie,Fast Food Nation,2006-11-17,6.053,412,2.6102
movie:14506,movie,The Adventures of Baron Munchausen,1988-12-07,6.985,1027,5.8689
tv:2207,tv,Fawlty Towers,1975-09-19,8.281,839,9.6098
movie:1496,movie,Cool as Ice,1991-10-18,5.1,207,4.7735
movie:1717,movie,All the King's Men,2006-09-10,5.755,343,6.1824
movie:31977,movie,Black,2005-02-04,7.669,239,1.1375
movie:9794,movie,Employee of the Month,2006-10-06,5.627,719,4.9716
tv:3793,tv,Invader ZIM,2001-03-30,8.512,469,11.0735
movie:18736,movie,The Lizzie McGuire Movie,2003-05-02,6.33,1355,7.1963
movie:627725,movie,The Banker,2020-03-06,7.625,1144,8.1664
movie:9336,movie,Police Academy,1984-03-22,6.716,3065,10.4536
movie:9272,movie,The Good Son,1993-09-24,6.782,1075,5.6129
movie:236,movie,Muriel's Wedding,1994-09-29,6.8,503,3.9464
tv:66980,tv,Babylon Berlin,2017-10-13,7.729,407,27.6355
movie:425001,movie,The War with Grandpa,2020-08-27,6.436,1083,11.3493
tv:64513,tv,American Crime Story,2016-02-02,7.579,1074,38.7311
movie:44629,movie,Animal Kingdom,2010-06-03,6.798,932,4.7522
movie:20024,movie,The End of the Affair,1999-12-03,6.571,283,4.288
movie:612515,movie,Dark Encounter,2019-08-23,5.393,126,1.9368
tv:4605,tv,The Suite Life of Zack & Cody,2005-03-18,7.628,709,41.1665
movie:13256,movie,Mutant Chronicles,2008-08-07,5.313,511,3.8714
tv:87826,tv,Selling Sunset,2019-03-22,6.516,62,12.5614
movie:13376,movie,Eight Crazy Nights,2002-11-27,5.2,386,3.5413
movie:7445,movie,Brothers,2009-12-02,7.3,4009,10.577
movie:12584,movie,The Shootist,1976-07-21,7.1,394,3.9571
movie:611207,movie,The Knight Before Christmas,2019-11-21,6.355,1180,3.6935
movie:125705,movie,Hamlet,2000-12-10,4.4,5,1.1453
tv:103913,tv,Tehran,2020-06-22,7.533,368,20.2176
tv:10268,tv,Primeval,2007-02-10,7.48,348,12.1213
movie:9322,movie,Nikita,1990-02-21,7.112,2201,6.7576
tv:5690,tv,Moonlight,2007-09-28,7.276,183,11.5338
movie:2039,movie,Moonstruck,1987-12-16,6.838,1129,7.2458
movie:8618,movie,The History Boys,2006-10-02,6.62,221,2.5666
movie:393345,movie,Cult of Chucky,2017-10-12,5.9,1437,6.598
tv:62822,tv,Humans,2015-06-14,7.489,714,18.5905
movie:2054,movie,Mr. Holland's Opus,1995-12-29,6.956,466,3.2035
movie:12665,movie,Powder,1995-10-27,7.1,751,6.7767
movie:532812,movie,Robert the Bruce,2019-06-28,5.496,140,2.5552
movie:9700,movie,The Lost City,2005-09-03,6.188,125,2.6315
tv:49191,tv,10.5,2004-05-02,6.486,74,3.5127
tv:68394,tv,Watership Down,2018-12-22,6.9,92,4.8344
movie:11931,movie,In Her Shoes,2005-10-07,6.22,1328,5.2879
movie:525946,movie,Troop Zero,2019-02-01,7.0,312,2.4359
movie:436274,movie,Radius,2017-07-17,6.485,768,4.7713
movie:585244,movie,I Still Believe,2020-03-12,7.566,1245,5.1398
movie:96724,movie,Anna Karenina,2012-09-06,6.694,2437,6.4214
movie:9437,movie,Kiss the Girls,1997-09-29,6.539,1945,8.7815
movie:72387,movie,Safe,2012-04-16,6.496,2750,9.302
movie:12160,movie,Wyatt Earp,1994-06-24,6.798,962,5.9914
movie:86835,movie,Knight of Cups,2015-09-10,5.716,736,4.1623
movie:310593,movie,Youth,2015-05-20,6.898,2251,8.5409
movie:41513,movie,The Smurfs,2011-07-29,5.754,4072,10.3308
movie:9556,movie,Darkman,1990-08-24,6.423,1562,6.3245
movie:9325,movie,The Jungle Book,1967-10-18,7.288,6752,13.6637
movie:9732,movie,The Lion King II: Simba's Pride,1998-10-24,6.94,4736,12.0343
tv:105288,tv,Down to Earth with Zac Efron,2020-07-10,7.642,313,4.6067
movie:11386,movie,The Crying Game,1992-09-02,6.841,869,4.7704
tv:86769,tv,Ares,2020-01-17,6.388,98,3.6644
movie:81390,movie,A Lonely Place to Die,2011-04-09,6.174,660,4.8848
movie:300665,movie,Leatherface,2017-09-14,5.574,1458,5.6531
movie:928,movie,Gremlins 2: The New Batch,1990-06-15,6.522,2984,10.2437
movie:10134,movie,Cyborg,1989-04-07,5.664,850,6.3883
movie:11884,movie,The Last Starfighter,1984-07-13,6.599,791,5.0095
movie:456048,movie,The Humanity Bureau,2017-07-11,4.767,405,4.1038
movie:6557,movie,27 Dresses,2008-01-10,6.453,3487,10.4066
movie:12105,movie,Yellow Submarine,1968-07-17,7.204,567,3.626
movie:31997,movie,Saboteur,1942-04-22,6.861,561,3.1204
movie:1931,movie,Stomp the Yard,2007-05-16,7.146,553,4.8142
movie:9768,movie,Cry-Baby,1990-04-06,6.532,1588,4.4417
movie:10654,movie,Hair,1979-03-15,7.25,765,4.6072
movie:10938,movie,Beautiful Thing,1996-06-21,7.2,358,2.731
movie:11559,movie,Tideland,2005-10-13,6.523,640,2.9332
movie:257091,movie,Get Hard,2015-03-26,6.014,2962,7.1446
movie:656007,movie,Panga,2020-01-24,6.714,28,0.8428
movie:11590,movie,Slap Shot,1977-02-25,6.758,461,3.9531
movie:157849,movie,A Most Wanted Man,2014-07-25,6.468,1521,6.9208
movie:10383,movie,Lost Souls,2000-10-13,5.066,206,2.883
tv:96567,tv,COBRA,2020-01-17,5.885,61,5.6141
movie:77663,movie,Killing Season,2013-07-12,5.534,1049,4.7865
movie:16456,movie,The Crow: Wicked Prayer,2005-05-04,3.8,259,3.912
movie:531949,movie,Father of the Year,2018-07-20,5.41,499,2.477
movie:16180,movie,The Legend of Hell House,1973-06-15,6.666,289,3.7893
movie:10366,movie,Universal Soldier: The Return,1999-08-05,5.877,1363,6.1393
movie:19542,movie,The Red Shoes,1948-09-06,7.98,767,4.9142
tv:81704,tv,Magic for Humans,2018-08-17,6.4,62,4.337
tv:88166,tv,I Know This Much Is True,2020-05-09,7.637,292,8.069
movie:10985,movie,The New Guy,2002-05-10,5.968,675,5.0262
movie:37495,movie,Four Lions,2010-05-07,6.952,1312,3.0545
movie:111440,movie,The Pact,2012-05-25,5.665,540,2.4774
tv:81747,tv,Tell Me a Story,2018-10-31,7.11,278,8.9085
movie:27327,movie,Phantom of the Paradise,1974-10-31,7.476,765,4.8085
tv:77400,tv,The Innocents,2018-08-24,5.667,117,7.0901
movie:208134,movie,Jackass Presents: Bad Grandpa,2013-10-22,6.181,1734,6.1435
tv:66310,tv,StartUp,2016-09-06,7.17,274,22.6914
movie:429189,movie,Wonder Wheel,2017-12-01,6.37,1372,4.6823
movie:21484,movie,Possession,1981-05-27,7.3,1399,11.2674
movie:11219,movie,The Trouble with Harry,1955-10-03,7.0,924,4.2949
movie:10105,movie,Saints and Soldiers,2003-09-11,6.308,317,2.8145
movie:12281,movie,Mean Creek,2004-08-20,6.829,424,2.563
movie:2769,movie,An American in Paris,1951-09-26,7.0,666,4.4426
movie:18189,movie,Dirty Love,2005-09-23,4.285,120,2.2768
tv:81241,tv,Dispatches from Elsewhere,2020-03-01,6.695,128,5.1418
movie:616880,movie,Bhoot: Part One - The Haunted Ship,2020-02-21,5.628,39,1.0764
tv:91290,tv,Typewriter,2019-07-19,6.2,38,2.6874
movie:10501,movie,The Road to El Dorado,2000-03-31,7.3,4194,11.696
movie:827,movie,Diabolique,1955-01-29,7.882,1127,3.4975
movie:169813,movie,Short Term 12,2013-08-23,7.743,1444,4.0681
movie:10198,movie,The Princess and the Frog,2009-12-08,7.232,6246,19.505
movie:39451,movie,Little Fockers,2010-12-21,5.663,3508,7.2353
movie:19904,movie,The Stepfather,2009-10-16,5.8,971,4.4038
movie:2116,movie,Out of Time,2003-10-03,6.373,1349,5.8349
movie:323272,movie,War Room,2015-08-28,7.836,594,4.5374
movie:9005,movie,The Ice Harvest,2005-11-23,5.933,342,3.7951
movie:594139,movie,Darbar,2020-01-08,6.0,55,1.6735
movie:123105,movie,The Bay,2012-09-13,5.812,901,3.1573
movie:560204,movie,Arkansas,2020-05-05,5.777,354,3.806
tv:19997,tv,The Andromeda Strain,2008-05-26,6.164,250,5.2227
movie:11638,movie,Guess Who,2005-03-25,6.0,1012,6.5341
movie:9907,movie,Barnyard,2006-08-04,6.0,1220,8.664
movie:10739,movie,Anything Else,2003-08-27,6.173,683,3.1924
movie:6949,movie,"What's Up, Doc?",1972-03-09,7.374,472,3.5203
movie:294272,movie,Pete's Dragon,2016-08-10,6.393,2365,7.5382
tv:45782,tv,Sword Art Online,2012-07-08,8.158,2162,63.6616
movie:12259,movie,Sholay,1975-08-15,7.049,328,2.3583
movie:502,movie,Fail Safe,1964-10-07,7.837,491,3.464
movie:11129,movie,Human Traffic,1999-06-04,6.813,408,2.3398
tv:76954,tv,The Mechanism,2018-03-23,7.048,135,4.5859
movie:22821,movie,The Boondock Saints II: All Saints Day,2009-11-24,5.968,842,5.5412
movie:286538,movie,Bokeh,2017-03-24,5.411,274,5.6362
movie:9029,movie,What Happens in Vegas,2008-05-07,6.118,3370,8.1263
movie:427900,movie,Home Again,2017-09-07,6.1,1250,4.4031
movie:10994,movie,White Oleander,2002-10-11,7.019,431,3.2862
tv:2902,tv,Queer as Folk,2000-12-03,8.286,543,20.813
movie:3767,movie,Gilda,1946-04-25,7.474,672,4.4695
movie:10691,movie,Crazy/Beautiful,2001-06-29,6.619,402,4.1107
movie:6488,movie,Arachnophobia,1990-07-20,6.458,1564,4.4283
movie:530723,movie,Bad Education,2019-09-08,6.745,789,3.6168
tv:79084,tv,POSE,2018-06-03,8.269,624,12.6939
movie:491480,movie,The Boy Who Harnessed the Wind,2019-02-14,7.882,1914,5.4945
movie:455551,movie,The Recall,2017-06-02,4.679,371,3.1932
movie:895,movie,Andrei Rublev,1966-12-16,7.9,970,4.5921
tv:1678,tv,The Golden Girls,1985-09-14,7.587,406,42.6209
tv:1940,tv,Entourage,2004-07-18,7.362,665,64.9116
movie:9927,movie,The Ringer,2005-12-23,5.653,360,2.7677
movie:10057,movie,The Three Musketeers,1993-11-11,6.386,1094,10.3656
movie:11162,movie,The Merchant of Venice,2004-12-03,6.783,621,6.1343
movie:28794,movie,The House by the Cemetery,1981-08-14,6.31,452,2.5259
movie:591101,movie,Mardaani 2,2019-12-12,7.049,82,1.2542
movie:43838,movie,Young Mr. Lincoln,1939-06-09,7.2,195,2.8786
movie:10642,movie,Loser,2000-07-21,5.414,489,4.3685
movie:77948,movie,The Cold Light of Day,2012-04-04,5.4,1006,6.6873
movie:640882,movie,3022,2019-11-22,5.255,249,3.1305
movie:503619,movie,The Package,2018-08-10,5.909,1266,3.9426
movie:10971,movie,A Night to Remember,1958-07-03,7.6,299,4.2524
movie:49520,movie,The Change-Up,2011-08-05,6.161,3036,8.287
movie:72570,movie,The Vow,2012-02-05,7.226,4310,7.6599
tv:94515,tv,Prank Encounters,2019-10-25,7.1,212,3.007
movie:15762,movie,Night of the Creeps,1986-08-21,6.763,602,3.9731
tv:87083,tv,Formula 1: Drive to Survive,2019-03-08,8.174,651,17.2317
movie:1847,movie,The Long Goodbye,1973-03-08,7.405,799,6.4995
movie:179144,movie,The Great Beauty,2013-05-21,7.506,3348,6.6629
tv:61387,tv,NCIS: New Orleans,2014-09-23,7.289,475,42.3348
movie:11237,movie,Anacondas: The Hunt for the Blood Orchid,2004-08-25,5.499,1132,9.2765
movie:11109,movie,Vera Drake,2004-10-22,7.172,421,4.6553
movie:13496,movie,American Outlaws,2001-08-17,5.914,295,4.4234
movie:14811,movie,Fiddler on the Roof,1971-11-03,7.736,666,5.7255
movie:22377,movie,The Green Berets,1968-07-04,5.651,195,3.4509
movie:582014,movie,Promising Young Woman,2020-12-13,7.374,3808,12.3383
movie:15186,movie,Full Frontal,2002-08-02,4.634,114,3.3052
movie:259695,movie,Live by Night,2016-12-25,6.27,1431,6.3598
movie:9022,movie,All the Boys Love Mandy Lane,2006-09-09,5.578,726,3.7295
movie:311291,movie,45 Years,2015-05-29,6.6,806,3.2926
movie:6623,movie,The Peacemaker,1997-09-26,6.05,1150,7.7487
movie:11897,movie,How the West Was Won,1962-11-02,7.0,508,5.7795
tv:82883,tv,The Act,2019-03-20,7.566,5201,11.3925
movie:11101,movie,Stalingrad,1993-01-20,7.342,648,6.3652
tv:71146,tv,Condor,2018-06-06,7.04,291,12.8857
movie:11637,movie,Are We There Yet?,2005-01-20,5.722,1077,5.3899
tv:46975,tv,Crossing Lines,2013-08-22,6.7,123,12.3781
movie:560362,movie,Rattlesnake,2019-10-25,5.249,467,2.2035
movie:563604,movie,Dear Comrade,2019-07-25,6.9,49,1.5248
movie:71552,movie,American Reunion,2012-04-04,6.32,4793,8.3946
movie:295699,movie,Everybody Wants Some!!,2016-03-30,6.372,1230,5.7341
movie:22787,movie,Whiteout,2009-09-09,5.602,869,5.6745
tv:64555,tv,Frontier,2016-11-06,6.819,354,9.5041
movie:145221,movie,Monsters: Dark Continent,2014-10-09,4.721,401,3.3732
movie:401246,movie,The Square,2017-08-25,6.746,1774,4.4105
tv:2490,tv,The IT Crowd,2006-02-03,8.159,1672,18.4745
movie:11523,movie,View from the Top,2003-03-21,5.561,617,4.0524
movie:743601,movie,American Murder: The Family Next Door,2020-09-29,7.25,771,2.7482
movie:263514,movie,The Return,2003-12-30,6.815,84,1.5473
movie:576504,movie,Manu,2018-05-27,6.0,2,1.7943
movie:18417,movie,The Other Sister,1999-02-26,6.417,181,2.6321
movie:189,movie,Sin City: A Dame to Kill For,2014-08-20,6.4,4249,17.9638
movie:512263,movie,Honey Boy,2019-11-07,7.025,747,4.4979
movie:26912,movie,Quatermass and the Pit,1967-11-09,6.7,281,2.4832
movie:50837,movie,Martha Marcy May Marlene,2011-10-21,6.578,845,4.8368
movie:65599,movie,The Woman,2011-10-14,6.056,607,3.3649
tv:65798,tv,Letterkenny,2016-02-07,7.913,212,16.1586
movie:475303,movie,A Rainy Day in New York,2019-07-26,6.475,2409,0.8613
movie:11886,movie,Robin Hood,1973-11-08,7.312,4721,8.1425
movie:619,movie,The Bodyguard,1992-11-25,6.704,3325,10.5028
movie:746,movie,The Last Emperor,1987-10-04,7.592,1967,10.756
movie:12095,movie,From Dusk Till Dawn 2: Texas Blood Money,1999-03-16,4.621,530,4.7396
tv:46638,tv,Top of the Lake,2013-03-18,7.052,413,8.061
movie:19265,movie,Whatever Works,2009-06-19,7.071,1876,5.0474
movie:226486,movie,Tammy,2014-07-02,5.342,1297,3.3244
movie:200727,movie,"Love, Rosie",2014-10-16,7.813,6551,11.2991
tv:76148,tv,Derry Girls,2018-01-04,8.1,422,10.6804
movie:239678,movie,This Is Where I Leave You,2014-09-10,6.643,1524,7.1543
movie:457955,movie,The Night Eats the World,2018-03-07,6.036,828,3.9481
movie:264656,movie,The Homesman,2014-05-18,6.519,901,5.2574
movie:11349,movie,Cape Fear,1962-04-12,7.452,652,4.6346
movie:12528,movie,Southern Comfort,1981-09-24,6.854,366,3.1772
movie:13824,movie,Superstar,1999-10-08,5.285,324,3.0424
movie:10858,movie,Nixon,1995-12-22,6.82,410,4.4499
movie:11194,movie,Touching the Void,2003-09-05,7.555,472,3.3194
movie:26031,movie,The Naked Kiss,1964-10-29,6.983,210,2.2963
movie:541487,movie,Maharshi,2019-05-09,6.603,39,1.587
movie:740996,movie,BLACKPINK: Light Up the Sky,2020-10-14,8.166,528,2.4525
movie:9519,movie,Chopper,2000-06-21,6.788,429,3.1089
movie:10397,movie,Angela's Ashes,1999-12-25,7.32,358,3.5227
movie:438,movie,Cube Zero,2004-10-10,5.669,1187,4.7073
movie:735120,movie,C U Soon,2020-09-01,7.261,44,0.8775
movie:33564,movie,The Swimmer,1968-08-09,7.361,277,2.584
movie:618355,movie,Superman: Red Son,2020-02-24,7.1,912,3.6189
movie:72545,movie,Journey 2: The Mysterious Island,2012-01-19,6.144,4595,10.9715
movie:580931,movie,Dream Girl,2019-02-04,0.0,0,0.4813
movie:13220,movie,Splinter,2008-10-31,6.186,827,3.8885
movie:13524,movie,Battle of the Bulge,1965-12-16,6.902,286,3.1655
tv:65930,tv,My Hero Academia,2016-04-03,8.606,5363,21.0275
movie:10890,movie,Stripes,1981-06-26,6.562,1063,6.2424
movie:439,movie,La Dolce Vita,1960-02-05,8.027,2063,7.6147
tv:1422,tv,The Middle,2009-09-30,7.567,770,80.5934
tv:49009,tv,The Goldbergs,2013-09-24,7.443,374,50.4692
movie:10496,movie,Bats,1999-10-22,4.608,222,2.9679
movie:13944,movie,Passengers,2008-09-26,6.132,1029,5.6619
movie:10557,movie,East Is East,1999-05-14,6.528,229,1.9019
tv:19649,tv,Jesus of Nazareth,1977-03-27,7.833,565,7.625
movie:84330,movie,Room 237,2012-10-26,6.131,535,3.3344
movie:18126,movie,Hannah Montana: The Movie,2009-04-10,6.581,2125,7.9056
movie:252680,movie,Moms' Night Out,2014-03-25,5.598,311,2.5321
movie:238603,movie,Earth to Echo,2014-06-14,5.895,626,4.6834
movie:22907,movie,Takers,2010-08-26,6.249,1411,6.4096
movie:293,movie,A River Runs Through It,1992-10-09,7.0,1224,7.8284
movie:423899,movie,Victoria & Abdul,2017-09-13,6.886,1221,3.7264
movie:1415,movie,Party Monster,2003-09-05,5.803,201,3.5319
movie:9715,movie,Hope Floats,1998-05-29,6.4,512,4.6819
movie:316776,movie,Who Killed Captain Alex?,2010-03-01,6.5,178,2.1372
movie:11662,movie,Casshern,2004-04-24,5.858,271,4.363
movie:16052,movie,Selena,1997-03-21,7.72,1335,3.2465
movie:680593,movie,The Dark and the Wicked,2020-04-16,6.141,559,5.2595
movie:8545,movie,Little Voice,1998-11-05,6.453,201,2.866
movie:10342,movie,Teaching Mrs. Tingle,1999-08-11,5.531,373,3.8432
movie:33339,movie,Camp,2003-09-05,5.543,92,1.7063
movie:159824,movie,Hotel Transylvania 2,2015-09-21,6.763,6229,18.4326
movie:198287,movie,After the Dark,2013-07-06,6.003,744,3.6233
movie:41215,movie,Black Death,2010-06-07,6.074,989,6.3708
movie:10961,movie,Behind the Mask: The Rise of Leslie Vernon,2006-08-29,6.428,524,2.5929
movie:11042,movie,The Barbarian Invasions,2003-05-01,7.049,417,2.9627
movie:17058,movie,Scarlet Street,1945-12-25,7.601,454,2.9214
movie:1883,movie,Malcolm X,1992-11-18,7.6,1966,7.3916
movie:209263,movie,Enough Said,2013-09-18,6.73,935,3.6868
tv:83381,tv,Tidelands,2018-12-14,6.61,127,5.1089
movie:24961,movie,The Wiz,1978-10-24,6.201,323,6.0056
movie:59468,movie,The Way,2010-09-10,7.09,667,4.3698
movie:10216,movie,Species II,1998-04-10,5.191,846,6.9231
movie:10249,movie,The Rocketeer,1991-06-21,6.475,1075,5.3336
tv:10283,tv,Archer,2009-09-17,7.939,1466,42.1802
movie:43552,movie,Vanishing on 7th Street,2010-09-11,5.297,629,5.2709
tv:95272,tv,Lincoln Rhyme: Hunt for the Bone Collector,2020-01-10,7.4,147,5.6245
movie:347126,movie,God's Not Dead 2,2016-04-01,6.205,432,3.2543
movie:12223,movie,The Stepford Wives,1975-02-12,6.691,380,3.4993
movie:5689,movie,The Blue Lagoon,1980-07-05,6.137,2075,9.2395
movie:419478,movie,Midnight Sun,2018-03-22,7.803,3572,5.1518
movie:4997,movie,Wonderland,2003-10-23,6.068,302,5.3522
movie:15992,movie,Abandon,2002-10-14,4.846,188,2.3904
movie:69668,movie,Dream House,2011-09-29,6.202,1458,5.6017
movie:66,movie,Absolute Power,1997-02-14,6.663,1281,6.4041
movie:5780,movie,Torn Curtain,1966-07-14,6.577,680,3.6438
movie:993,movie,Sleuth,1972-12-10,7.701,742,4.2125
tv:113423,tv,A Simple Murder,2020-11-20,7.5,8,1.646
movie:428493,movie,God's Own Country,2017-08-31,7.726,1006,6.7459
movie:10668,movie,Suicide Kings,1997-09-06,6.595,337,4.4775
movie:411741,movie,Ingrid Goes West,2017-08-11,6.394,1094,3.6879
movie:22267,movie,Ride with the Devil,1999-11-24,6.333,216,4.213
movie:14002,movie,Baraka,1992-09-15,8.226,709,4.0215
movie:119675,movie,Behind the Candelabra,2013-05-26,6.594,844,6.2997
movie:268920,movie,Hot Pursuit,2015-05-08,5.733,1757,5.2389
movie:228066,movie,Victor Frankenstein,2015-11-10,5.953,2315,8.3469
movie:14139,movie,Timecrimes,2007-11-01,7.017,1510,7.793
movie:250319,movie,The Visitor,2007-05-10,8.0,1,1.0494
movie:48289,movie,The Debt,2010-09-30,6.55,985,5.3985
movie:15723,movie,The Big Kahuna,1999-11-17,6.773,377,2.3031
tv:76796,tv,Collateral,2018-02-12,6.441,237,6.6546
movie:80389,movie,Get the Gringo,2012-03-15,6.609,1839,6.2176
movie:366696,movie,The Red Pill,2016-10-14,7.542,224,2.2187
tv:83936,tv,Das Boot,2018-11-23,7.013,159,13.9413
movie:37931,movie,MacGruber,2010-05-21,5.409,630,4.3679
movie:8840,movie,DragonHeart,1996-05-31,6.567,2218,7.2462
movie:13282,movie,Death Race 2000,1975-04-30,6.163,584,4.7469
movie:76489,movie,The Three Stooges,2012-04-13,5.818,666,5.4773
movie:9349,movie,Universal Soldier,1992-07-10,6.342,1975,6.8589
movie:8393,movie,The Gods Must Be Crazy,1980-09-10,7.274,1352,11.4312
movie:19157,movie,Going Overboard,1989-05-11,2.325,163,2.372
tv:66939,tv,Gypsy,2017-06-30,6.636,225,5.1963
movie:448194,movie,Pyewacket,2017-12-08,5.919,352,2.8758
movie:10141,movie,Dirty Rotten Scoundrels,1988-12-14,7.096,1075,7.9802
movie:345922,movie,Fist Fight,2017-02-16,6.041,1335,6.0078
movie:11130,movie,The Princess Diaries 2: Royal Engagement,2004-08-06,6.7,3454,10.644
movie:316023,movie,Mike and Dave Need Wedding Dates,2016-07-07,6.043,2654,5.2143
movie:10368,movie,Tea with Mussolini,1999-03-25,6.438,161,2.4978
movie:11424,movie,High Society,1956-07-17,6.836,272,4.605
tv:9912,tv,Passions,1999-07-05,6.9,9,57.3454
movie:9466,movie,Celebrity,1998-09-25,5.99,518,3.863
movie:13435,movie,Antwone Fisher,2002-12-19,6.942,572,3.7975
tv:61864,tv,Good Witch,2015-02-28,7.694,276,20.4179
movie:566927,movie,Impractical Jokers: The Movie,2020-02-21,6.56,166,2.1557
movie:10957,movie,The Black Cauldron,1985-07-24,6.434,1468,9.2905
movie:52015,movie,Stake Land,2010-09-30,6.194,893,3.9815
movie:10862,movie,Bounce,2000-11-15,5.807,420,3.5871
movie:1649,movie,Bill & Ted's Bogus Journey,1991-07-19,6.297,1389,5.5046
movie:529983,movie,The Poison Rose,2019-05-23,4.737,377,7.2254
movie:10790,movie,The Abandoned,2006-09-11,5.494,260,1.6924
tv:101836,tv,Absurd Planet,2020-04-22,5.033,30,2.4285
tv:8358,tv,Lie to Me,2009-01-21,7.88,1717,44.6654
movie:8850,movie,The Shadow,1994-07-01,6.063,583,6.5016
movie:67,movie,Paradise Now,2005-09-07,6.908,294,3.2051
tv:549,tv,Law & Order,1990-09-13,7.3,708,201.4203
movie:9386,movie,In the Line of Fire,1993-07-08,7.0,1856,7.6838
movie:9618,movie,Tango & Cash,1989-12-22,6.51,2197,7.957
movie:32847,movie,"Now, Voyager",1942-10-22,7.399,238,2.5816
tv:137192,tv,Inside,2007-04-10,0.0,0,1.4045
movie:13539,movie,Here on Earth,2000-03-24,5.9,198,2.1556
movie:8012,movie,Get Shorty,1995-10-20,6.495,1242,6.2993
movie:11001,movie,Blue Streak,1999-09-17,6.517,1685,7.4771
movie:11104,movie,Chungking Express,1994-07-14,8.0,2264,11.3591
movie:19490,movie,The Bishop's Wife,1947-12-25,7.087,286,2.8058
movie:11704,movie,The Secret of NIMH,1982-06-17,7.439,975,6.1016
tv:71577,tv,The New Legends of Monkey,2018-01-28,7.13,207,8.4874
movie:9030,movie,The Eye,2008-02-01,5.902,1182,5.9089
movie:249397,movie,Nymphomaniac: Vol. II,2013-12-25,6.708,3251,14.9092
movie:11652,movie,Invincible,2006-08-25,7.026,1062,5.8752
movie:8849,movie,Alfie,2004-10-22,5.848,895,3.3061
movie:18995,movie,D.O.A.,1949-12-23,6.853,205,1.892
movie:1831,movie,The Next Best Thing,2000-03-03,5.24,206,2.7337
tv:606,tv,"Ed, Edd n Eddy",1999-01-04,7.862,815,18.3594
movie:204435,movie,Krrish 3,2013-11-01,5.643,207,2.5666
movie:1947,movie,An Unfinished Life,2005-09-09,6.823,717,6.407
movie:32274,movie,Cradle Will Rock,1999-12-10,6.5,99,2.5443
movie:38410,movie,The Poughkeepsie Tapes,2007-04-27,6.538,799,4.6514
movie:7288,movie,Duplex,2003-09-26,6.117,1841,5.9523
movie:2907,movie,The Addams Family,1991-11-22,7.073,5151,11.7145
movie:49787,movie,The Reef,2010-05-15,5.634,611,2.4779
tv:19531,tv,Salem's Lot,2004-06-20,5.966,205,5.5032
movie:2742,movie,Naked Lunch,1991-12-27,6.998,1241,4.8055
movie:12182,movie,Nick and Norah's Infinite Playlist,2008-10-03,6.438,1300,3.6992
movie:323517,movie,Badlapur,2015-02-20,6.997,157,1.3407
movie:8766,movie,Hellraiser: Bloodline,1996-03-08,5.277,620,5.2271
movie:10882,movie,Sleeping Beauty,1959-02-17,6.946,5552,14.0156
movie:14517,movie,MirrorMask,2005-01-25,6.438,376,3.3507
movie:11597,movie,Toys,1992-12-18,5.321,605,4.815
movie:15919,movie,Marty,1955-04-11,7.459,470,3.0044
tv:186,tv,Weeds,2005-08-07,7.477,1024,42.2158
movie:15393,movie,Play Misty for Me,1971-10-01,6.583,584,4.0198
movie:614,movie,Wild Strawberries,1957-08-28,8.1,1848,4.8422
movie:17529,movie,True Grit,1969-06-11,7.332,880,6.805
movie:129112,movie,Wadjda,2012-12-06,7.22,528,3.8141
movie:26039,movie,Point Blank,1967-08-30,7.056,447,4.085
movie:10412,movie,Romper Stomper,1992-03-05,6.538,584,3.7595
movie:36040,movie,Walkabout,1971-07-01,7.303,464,4.4765
movie:340945,movie,USS Indianapolis: Men of Courage,2016-09-22,5.862,672,4.1523
movie:291854,movie,Meet the Mormons,2014-10-10,6.0,12,0.8143
movie:661950,movie,Alone,2020-10-23,5.8,210,3.8083
movie:20334,movie,The Shop Around the Corner,1940-01-12,8.055,861,3.8866
movie:12590,movie,Below,2002-08-11,6.048,540,4.4585
movie:241254,movie,The Prince,2014-08-22,4.925,516,6.3423
movie:25769,movie,Carriers,2009-09-04,6.049,1518,5.3087
movie:489930,movie,Blindspotting,2018-07-20,7.302,742,2.8395
movie:182,movie,The Good German,2006-12-15,5.829,362,5.7101
movie:22897,movie,It's Complicated,2009-12-23,6.513,1558,5.6978
tv:86340,tv,Undone,2019-09-12,7.677,393,7.4505
movie:12837,movie,The Secret Life of Bees,2008-09-17,7.476,594,4.9399
movie:14799,movie,For Your Consideration,2006-11-17,5.755,182,3.1236
movie:16235,movie,Amityville II: The Possession,1982-09-24,5.726,412,4.4872
movie:9075,movie,Black Book,2006-09-14,7.452,1269,5.5723
tv:1401,tv,Hell on Wheels,2011-11-06,7.609,477,21.7033
movie:291356,movie,In a Valley of Violence,2016-10-21,6.11,650,5.3027
movie:302429,movie,Strange Magic,2015-01-23,7.245,590,5.4986
movie:9558,movie,King of New York,1990-07-18,6.762,812,6.053
movie:9750,movie,Balls of Fury,2007-08-29,5.313,616,3.5663
movie:632,movie,Stalag 17,1953-05-29,7.679,682,3.2674
movie:11975,movie,The Rainmaker,1997-11-18,7.02,1533,7.9897
movie:334074,movie,Survivor,2015-05-21,5.704,1107,8.8252
tv:65817,tv,The Deuce,2017-09-10,7.571,431,14.6237
movie:8831,movie,Timecop,1994-09-15,6.035,1370,6.2806
movie:15239,movie,The Toxic Avenger,1984-05-15,6.232,683,4.4943
movie:6477,movie,Alvin and the Chipmunks,2007-12-13,5.842,4810,16.8137
movie:9839,movie,Beyond Borders,2003-10-23,6.43,449,4.0448
movie:323676,movie,The Boss,2016-04-07,5.813,1411,4.3656
movie:529203,movie,The Croods: A New Age,2020-11-25,7.438,4221,15.605
movie:2577,movie,Code 46,2003-09-02,6.154,408,4.1642
movie:280690,movie,Kick,2014-07-25,5.697,183,2.1024
tv:72039,tv,Escape at Dannemora,2018-11-18,7.5,292,7.2025
movie:517412,movie,Tesla,2020-08-14,5.7,385,3.8477
movie:11360,movie,Dumbo,1941-10-31,6.992,5369,9.2799
movie:49950,movie,The Roommate,2011-02-04,5.386,1012,3.913
movie:32985,movie,Solomon Kane,2009-12-23,6.043,1567,6.8852
movie:14636,movie,The Condemned,2007-04-27,6.098,900,4.8566
movie:10762,movie,Without a Paddle,2004-08-20,5.635,734,4.3866
movie:137321,movie,Winter's Tale,2014-02-13,6.277,1430,6.2104
movie:50647,movie,Wanderlust,2012-02-23,5.48,1348,4.5035
movie:595148,movie,Irresistible,2020-07-01,6.031,507,3.7896
movie:9663,movie,Starman,1984-12-13,6.928,1039,6.2237
movie:550485,movie,Batla House,2019-08-15,6.784,67,1.418
tv:4601,tv,Law & Order: Criminal Intent,2001-09-30,7.579,381,122.0011
movie:7510,movie,Running with Scissors,2006-10-27,5.789,265,3.8478
movie:13536,movie,City by the Sea,2002-09-06,5.796,394,3.6491
movie:296100,movie,The Night Before,2015-11-20,6.087,1867,4.7894
movie:62838,movie,New Year's Eve,2011-12-08,5.886,2243,6.2443
movie:10885,movie,Shutter,2008-03-21,5.534,836,5.1591
movie:5708,movie,Control,2007-09-12,7.506,962,3.0076
movie:24106,movie,The Black Cat,1934-05-07,6.7,312,2.3911
movie:16563,movie,Seven Brides for Seven Brothers,1954-07-22,7.111,581,3.7921
movie:11462,movie,Suspicion,1941-11-14,7.114,916,4.3427
tv:73987,tv,Lore,2017-10-13,6.881,415,6.7683
movie:421792,movie,Down a Dark Hall,2018-08-01,5.547,731,4.9599
movie:43266,movie,How Green Was My Valley,1941-10-28,7.3,466,3.3355
movie:10687,movie,Tigerland,2000-10-06,6.566,640,3.1202
movie:5470,movie,Beowulf,1999-03-31,4.383,260,2.8911
movie:2084,movie,Birthday Girl,2001-09-06,5.9,442,4.8456
movie:9886,movie,Johnny Mnemonic,1995-05-26,5.765,1575,6.4468
movie:3111,movie,A Star Is Born,1954-10-01,7.135,338,3.0384
movie:11099,movie,The Final Cut,2004-10-15,6.075,787,5.2005
movie:24913,movie,April Fool's Day,1986-03-27,6.0,396,2.271
movie:13321,movie,Lifeboat,1944-01-28,7.357,496,2.7633
movie:11463,movie,Battle of Britain,1969-09-15,6.8,359,4.157
tv:81521,tv,Afflicted,2018-08-10,4.9,12,1.5506
movie:2895,movie,The Apostle,1997-12-19,6.325,160,2.5975
movie:13852,movie,The Castle,1997-04-10,7.074,237,2.4973
tv:4345,tv,Saved by the Bell,1989-08-20,7.804,725,17.5255
movie:970401,movie,A Fatherless America,2019-06-16,0.0,0,0.7758
movie:11482,movie,The Tenant,1976-05-26,7.59,1259,4.1262
movie:24655,movie,The Car,1977-05-12,6.376,338,4.8246
movie:718444,movie,Rogue,2020-08-20,5.581,752,4.8814
movie:10178,movie,The Caine Mutiny,1954-06-24,7.237,379,3.5794
movie:11699,movie,Bad Lieutenant: Port of Call New Orleans,2009-09-11,6.18,1302,5.9483
movie:27583,movie,Greenberg,2010-03-26,5.882,638,3.3038
movie:27475,movie,The Slumber Party Massacre,1982-09-10,5.562,412,3.1575
movie:16395,movie,Inferno,1980-02-07,6.637,689,2.8205
movie:22727,movie,The Beast of Yucca Flats,1961-06-02,2.3,99,1.0718
movie:244509,movie,Cold in July,2014-05-23,6.535,837,4.7818
movie:13440,movie,The Truth About Charlie,2002-10-25,4.86,198,4.3735
movie:28580,movie,The Lost Weekend,1945-11-29,7.61,682,2.7757
movie:5722,movie,Beyond the Valley of the Dolls,1970-06-17,6.1,221,3.7077
movie:4226,movie,Shriek If You Know What I Did Last Friday the Thirteenth,2000-10-17,4.7,340,2.5297
movie:426249,movie,Lords of Chaos,2018-09-20,6.8,569,3.4569
movie:11078,movie,National Security,2003-01-17,5.98,1092,6.7285
movie:82703,movie,Mr. Peabody & Sherman,2014-02-07,6.733,2595,10.5235
movie:27585,movie,Rabbit Hole,2010-12-16,6.636,675,4.1541
movie:38363,movie,Fair Game,2010-05-20,6.452,875,5.4818
movie:43353,movie,Robot Monster,1953-06-24,4.5,107,1.1998
tv:103761,tv,Raktanchal,2020-05-28,7.3,7,6.3813
movie:444539,movie,The Bookshop,2017-11-10,6.48,470,4.8228
movie:3179,movie,Beavis and Butt-Head Do America,1996-12-20,6.636,793,4.7022
movie:22794,movie,Cloudy with a Chance of Meatballs,2009-09-17,6.664,6591,11.8833
movie:409297,movie,A Dark Song,2016-07-08,6.337,586,3.8234
movie:265016,movie,Extraterrestrial,2014-10-17,5.573,584,2.8634
movie:283378,movie,Fallen,2016-11-10,6.113,1680,5.0199
movie:10838,movie,Dracula 3000,2004-08-09,2.81,155,2.2925
movie:9814,movie,Death Tunnel,2005-10-17,3.667,81,1.9631
movie:556803,movie,The Princess Switch,2018-10-25,6.981,2293,4.1397
movie:9918,movie,Glory Road,2006-01-13,7.408,816,4.3975
tv:97180,tv,Selena: The Series,2020-12-04,7.485,1584,4.9813
movie:12220,movie,The Story of Us,1999-10-14,6.136,379,3.0817
movie:14048,movie,Man on Wire,2008-08-01,7.4,987,2.2851
movie:781192,movie,Trance,2020-12-31,0.0,0,0.5121
movie:620924,movie,Disturbing the Peace,2020-01-17,4.562,138,3.8186
movie:27813,movie,Basket Case,1982-04-02,6.21,477,3.2768
tv:33765,tv,My Little Pony: Friendship Is Magic,2010-10-10,8.185,766,69.6435
movie:14451,movie,Dead Snow,2009-01-09,5.971,1257,4.8731
movie:12783,movie,The Duchess,2008-09-05,6.978,1836,5.6278
movie:27449,movie,Baby Face,1933-07-13,7.2,159,3.6899
movie:332411,movie,I Am Wrath,2016-04-14,5.771,759,6.4625
tv:85385,tv,L.A.'s Finest,2019-05-13,6.89,260,10.3453
movie:320295,movie,Detective Byomkesh Bakshy!,2015-04-02,6.795,117,1.1828
movie:68817,movie,Footloose,2011-10-06,6.577,1752,5.4892
movie:10495,movie,The Karate Kid Part III,1989-06-16,5.922,1883,9.0432
movie:250734,movie,Far from the Madding Crowd,2015-04-23,7.021,1129,6.0602
movie:223485,movie,Slow West,2015-05-15,6.7,1074,3.8378
movie:13008,movie,An American Crime,2007-07-27,7.305,786,4.447
movie:13508,movie,Who Killed the Electric Car?,2006-08-04,7.246,205,1.98
movie:77866,movie,Contraband,2012-01-12,6.346,2262,6.4575
movie:245706,movie,True Story,2015-04-17,6.262,2110,4.6066
movie:259694,movie,How to Be Single,2016-02-08,6.255,3388,6.1882
movie:10675,movie,Frantic,1988-02-19,6.704,1163,5.8115
movie:10849,movie,The Purple Rose of Cairo,1985-03-01,7.38,1168,4.4368
tv:1433,tv,American Dad!,2005-02-06,7.024,2429,162.256
movie:257345,movie,The Darkness,2016-05-13,4.759,654,2.4118
movie:2788,movie,Reality Bites,1994-02-18,6.54,809,4.2161
movie:964,movie,The Phantom of the Opera,1925-06-29,7.117,413,3.4902
movie:450594,movie,Unacknowledged,2017-05-23,6.292,144,1.7858
movie:859,movie,Dangerous Liaisons,1988-12-21,7.2,1298,4.7608
movie:14120,movie,End of the Spear,2005-10-24,6.331,65,2.0118
tv:70485,tv,Mr. Mercedes,2017-08-09,7.143,416,22.2091
movie:19899,movie,Couples Retreat,2009-09-19,5.559,2128,7.3807
movie:11065,movie,O,2001-08-31,5.924,310,2.1634
movie:400,movie,Things to Do in Denver When You're Dead,1995-12-01,6.446,443,4.8359
movie:10611,movie,Barbershop,2002-04-01,6.442,547,4.3418
tv:2321,tv,The Unit,2006-03-07,7.342,224,30.5786
movie:831917,movie,Bang Bang,2014-09-15,3.0,1,0.9935
movie:382614,movie,The Book of Henry,2017-06-16,7.473,1377,4.2648
movie:10025,movie,Just My Luck,2006-05-12,6.183,2045,6.2904
tv:101200,tv,#blackAF,2020-04-17,5.94,42,6.1188
movie:480810,movie,Shaadi Mein Zaroor Aana,2017-11-10,6.87,92,1.4844
tv:42509,tv,Steins;Gate,2011-04-06,8.5,991,30.2856
movie:1685,movie,Beneath the Planet of the Apes,1970-04-23,6.147,1516,7.3071
movie:273477,movie,Scouts Guide to the Zombie Apocalypse,2015-10-23,6.59,2177,13.3764
tv:31295,tv,Misfits,2009-11-12,7.595,1051,19.1016
movie:2924,movie,Backdraft,1991-05-24,6.663,1613,7.5667
tv:86259,tv,Hellier,2019-01-18,5.929,14,3.932
movie:16391,movie,Black Narcissus,1947-05-26,7.505,571,3.0805
movie:2728,movie,Postal,2007-10-18,4.637,402,3.7299
movie:282984,movie,Irrational Man,2015-07-17,6.521,2507,4.24
movie:220,movie,East of Eden,1955-04-10,7.5,828,4.6893
tv:93166,tv,The Capture,2019-09-03,7.636,341,23.9247
movie:10806,movie,In & Out,1997-09-10,6.5,769,4.785
movie:8079,movie,Om Shanti Om,2007-11-07,7.1,417,3.8458
movie:1825,movie,Over the Top,1987-02-13,6.463,1908,7.8926
movie:301608,movie,The Trust,2016-04-29,5.203,552,4.1864
movie:55931,movie,The Animatrix,2003-05-09,7.222,1833,7.6456
movie:20306,movie,Swimming with Sharks,1994-09-10,6.62,342,3.235
movie:85889,movie,Filth,2013-09-23,6.828,1954,6.5997
movie:64639,movie,Straw Dogs,2011-09-16,5.931,645,4.7744
movie:9440,movie,Primary Colors,1998-03-20,6.253,356,3.6373
movie:12610,movie,Osmosis Jones,2001-08-10,6.497,1107,6.4231
tv:84216,tv,The Final Table,2018-11-20,6.659,44,3.058
movie:11246,movie,Hellraiser: Hellseeker,2002-10-15,4.953,413,4.9479
movie:16129,movie,Last Night,1998-10-23,6.663,172,2.2625
movie:11551,movie,Small Soldiers,1998-07-10,6.557,2387,9.0487
movie:157834,movie,The Zero Theorem,2013-09-20,6.09,1370,6.1397
tv:75804,tv,Our Cartoon President,2018-02-11,5.35,40,6.1978
movie:801,movie,"Good Morning, Vietnam",1987-12-23,7.301,3072,8.9124
tv:96734,tv,High Fidelity,2020-02-14,7.6,243,9.249
movie:10197,movie,Nine,2009-12-03,5.512,647,4.1136
movie:10493,movie,Dead Calm,1989-04-07,6.6,848,6.0182
movie:174675,movie,The Machine,2013-04-25,5.891,888,3.986
tv:74140,tv,Waco,2018-01-24,7.441,253,8.4185
movie:85985,movie,Ek Tha Tiger,2012-08-15,6.158,224,3.3378
movie:13012,movie,Felon,2008-07-17,7.1,1014,3.8848
movie:228205,movie,The Longest Ride,2015-04-09,7.636,3367,7.074
movie:9348,movie,Species,1995-07-07,5.991,1919,8.9916
movie:204922,movie,Before I Go to Sleep,2014-09-03,6.485,2196,14.7802
movie:17057,movie,In a Lonely Place,1950-05-17,7.626,679,3.4606
movie:582913,movie,The Room,2019-09-12,6.403,1061,5.4207
movie:16113,movie,The Delta Force,1986-02-14,6.007,533,7.4287
movie:296065,movie,Last Shift,2014-10-25,6.265,739,4.0441
tv:101359,tv,The Secret of Skinwalker Ranch,2020-03-31,7.9,59,25.8514
movie:17911,movie,Mega Shark vs. Giant Octopus,2009-05-19,3.824,276,2.1448
movie:37719,movie,A Night at the Opera,1935-11-15,7.392,567,2.7262
movie:84334,movie,Searching for Sugar Man,2012-06-30,7.882,1058,2.8209
movie:3573,movie,Emma,1996-08-02,6.6,682,4.6094
movie:8427,movie,I Spy,2002-10-31,5.434,1072,6.3638
movie:134411,movie,Snitch,2013-02-21,6.13,2523,7.1631
movie:7183,movie,Perfect Stranger,2007-04-11,5.819,1060,6.0405
movie:11309,movie,Hardware,1990-09-14,5.931,357,5.1765
movie:11632,movie,Vanity Fair,2004-09-01,5.775,363,3.9264
movie:12509,movie,Pollock,2000-09-06,6.662,364,2.5304
movie:200505,movie,Draft Day,2014-04-11,6.706,1025,6.0946
movie:16154,movie,Let's Scare Jessica to Death,1971-08-27,6.23,196,1.8194
tv:82744,tv,Catch-22,2019-05-17,7.326,293,10.2883
movie:429107,movie,Beatriz at Dinner,2017-06-09,5.764,195,2.6365
movie:413543,movie,Dear Zindagi,2016-11-23,7.025,263,2.3697
movie:503706,movie,The Haunting of Sharon Tate,2019-04-05,4.4,212,2.3464
movie:4012,movie,The Believer,2001-08-23,6.866,690,4.5396
movie:402529,movie,All Eyez on Me,2017-06-12,6.726,1259,4.9293
movie:733317,movie,Monsters of Man,2020-11-19,6.418,440,5.2023
movie:593495,movie,The Reliant,2019-10-24,3.4,15,1.1908
movie:13184,movie,Bangkok Dangerous,2008-08-21,5.306,1165,7.6202
movie:13555,movie,The Funhouse,1981-03-13,5.842,431,2.9888
movie:50620,movie,The Twilight Saga: Breaking Dawn - Part 2,2012-11-13,6.451,9476,13.0173
movie:10860,movie,Steel Magnolias,1989-11-15,7.17,751,13.8391
movie:9869,movie,Patriot Games,1992-06-04,6.678,1862,8.6428
movie:11415,movie,House,1985-12-06,6.167,637,4.4664
movie:589291,movie,PM Narendra Modi,2019-05-24,3.7,11,1.2804
movie:14072,movie,Rab Ne Bana Di Jodi,2008-12-11,7.1,330,3.0758
movie:287948,movie,The Transporter Refueled,2015-09-02,5.506,1628,10.8285
movie:537739,movie,Can You Keep a Secret?,2019-09-13,6.361,980,6.6381
movie:463843,movie,Sweetheart,2019-01-28,6.392,424,4.4227
movie:759,movie,Gentlemen Prefer Blondes,1953-07-15,7.32,1103,6.0628
movie:12657,movie,Soul Plane,2004-05-28,5.498,514,5.175
movie:9102,movie,Screamers,1995-09-08,6.24,621,4.9062
movie:34106,movie,You Can't Take It with You,1938-09-01,7.482,463,3.7709
tv:1778,tv,Zoey 101,2005-01-09,8.107,1079,14.0846
tv:60605,tv,Hinterland,2013-10-29,7.216,109,7.1649
movie:465642,movie,Parmanu: The Story of Pokhran,2018-05-25,7.107,117,1.4327
movie:12704,movie,Ishtar,1987-05-15,4.559,170,2.183
movie:9624,movie,On Deadly Ground,1994-02-18,5.205,528,4.7865
movie:9689,movie,Hollywood Ending,2002-05-03,6.497,540,2.5502
movie:310133,movie,Cop Car,2015-07-08,5.983,940,5.0045
movie:4886,movie,And Then There Were None,1945-10-31,7.053,423,3.0516
movie:976,movie,Sweet Smell of Success,1957-07-04,7.614,602,4.1205
movie:531503,movie,Point Blank,2019-07-12,5.977,583,3.9178
movie:643612,movie,I'm Your Woman,2020-10-15,5.904,229,2.0882
movie:25166,movie,Drowning Mona,2000-03-03,5.471,192,3.0728
movie:8676,movie,Fool's Gold,2008-02-07,5.798,1635,7.3892
movie:628241,movie,Ala Vaikunthapurramuloo,2020-01-12,6.613,115,2.6758
movie:110,movie,Three Colors: Red,1994-05-12,7.887,1589,6.8992
movie:13476,movie,Win a Date with Tad Hamilton!,2004-01-23,5.723,520,3.2129
movie:431075,movie,Polaroid,2019-01-10,6.025,1158,4.6296
tv:7921,tv,The Children,2008-09-01,7.2,4,2.0895
movie:292431,movie,Love,2015-07-15,6.456,2712,8.7297
movie:44639,movie,Inside Job,2010-10-08,7.7,1061,4.2239
tv:63522,tv,F is for Family,2015-12-18,7.379,455,11.9612
movie:204,movie,The Wages of Fear,1953-04-22,8.005,1125,5.3012
movie:13549,movie,Burnt Offerings,1976-10-18,6.479,286,2.5896
movie:8879,movie,Pale Rider,1985-06-28,7.168,1235,6.4991
movie:9026,movie,The Importance of Being Earnest,2002-05-17,6.824,517,2.4821
movie:284276,movie,Cake,2014-09-07,6.278,949,4.845
movie:266396,movie,The Gunman,2015-02-16,5.757,1058,5.7112
movie:7511,movie,The Last Kiss,2006-09-10,6.049,409,3.1305
tv:3750,tv,Nip/Tuck,2003-07-22,7.201,532,53.4949
movie:14191,movie,Aquamarine,2006-03-03,6.5,1609,6.1773
movie:10280,movie,Thinner,1996-10-25,5.905,692,5.9159
movie:411135,movie,Future World,2018-05-25,4.288,286,4.1015
movie:193893,movie,Let's Be Cops,2014-08-13,6.466,3026,11.8426
movie:572039,movie,Root Cause,2019-03-24,6.75,8,1.0152
movie:318848,movie,MSG: The Messenger of God,2015-01-16,3.0,2,0.6847
movie:12207,movie,The Legend of Drunken Master,1994-02-03,7.459,1120,9.0916
movie:2260,movie,Capturing the Friedmans,2003-05-30,7.142,367,1.6638
movie:657524,movie,The Big Blue,1988-02-13,10.0,1,1.4354
movie:24740,movie,The Entity,1982-09-30,6.844,595,5.7707
movie:21588,movie,Cemetery Man,1994-03-25,6.904,585,3.4154
movie:626,movie,Un Chien Andalou,1929-06-05,7.393,1446,3.8722
movie:49527,movie,Man on a Ledge,2012-01-13,6.437,2869,7.9842
movie:336050,movie,Son of Saul,2015-06-11,7.1,1192,3.5265
movie:15775,movie,If Only,2004-01-23,7.035,668,3.8461
tv:41691,tv,Merlin,1998-04-26,6.942,317,7.6054
movie:457943,movie,Slaughterhouse Rulez,2018-10-31,5.61,511,10.306
movie:27573,movie,The Bounty Hunter,2010-03-16,5.849,3104,6.4965
movie:20620,movie,Seconds,1966-10-05,7.359,449,4.6738
tv:46434,tv,The Vietnam War,2017-09-17,8.229,223,5.6607
tv:90762,tv,The Office,2019-06-28,6.1,10,3.823
movie:10911,movie,The Guns of Navarone,1961-04-27,7.29,902,7.8745
tv:106581,tv,Avrodh: The Siege Within,2020-07-31,7.0,11,2.9528
movie:417859,movie,Puss in Boots,2011-10-27,6.615,4723,17.7906
movie:26842,movie,The Message,1976-03-09,7.137,410,3.8477
movie:13122,movie,The People Under the Stairs,1991-11-01,6.556,790,5.5715
movie:585862,movie,Romeo Akbar Walter,2019-03-15,6.07,43,1.1389
movie:20178,movie,World's Greatest Dad,2009-08-20,6.603,667,4.536
movie:45958,movie,Biutiful,2010-10-20,7.245,1239,4.4775
tv:85702,tv,PEN15,2019-02-08,8.318,314,11.5206
tv:61381,tv,black-ish,2014-09-24,7.052,346,37.6107
movie:2759,movie,"The Adventures of Priscilla, Queen of the Desert",1994-08-10,7.255,950,5.079
movie:6522,movie,Life,1999-04-16,6.657,897,6.0814
tv:81923,tv,The Kids Are Alright,2018-10-16,6.792,24,3.856
movie:67326,movie,InterReflections,2020-01-26,5.9,16,1.6228
movie:31287,movie,Eegah,1962-04-17,2.833,69,2.1675
movie:596161,movie,Let Him Go,2020-11-05,6.82,851,5.6336
movie:238215,movie,The Cobbler,2014-09-11,5.871,1839,6.0024
tv:29597,tv,Get Real,1998-07-06,6.5,2,1.4009
movie:12144,movie,The Land Before Time,1988-11-18,7.16,2810,9.1738
movie:703745,movie,Deep Blue Sea 3,2020-08-25,5.578,365,4.0022
movie:16227,movie,Dark Passage,1947-09-05,7.294,360,2.9103
movie:2623,movie,An Officer and a Gentleman,1982-07-28,7.023,1221,8.6654
movie:978,movie,Seven Years in Tibet,1997-09-12,7.17,3181,8.2049
tv:97186,tv,"Love, Victor",2020-06-17,8.561,1660,18.3085
movie:14902,movie,1776,1972-11-09,6.916,89,2.0132
movie:2320,movie,Executive Decision,1996-03-15,6.352,1063,6.7885
movie:13672,movie,JCVD,2008-06-04,6.593,585,4.0921
movie:399366,movie,Marrowbone,2017-10-27,7.3,1879,10.6553
movie:17645,movie,Leave Her to Heaven,1945-12-25,7.5,286,2.9437
movie:11898,movie,Kind Hearts and Coronets,1949-06-23,7.6,624,2.9558
tv:86428,tv,The Spanish Princess,2019-05-05,7.55,466,11.0217
movie:9536,movie,Bio-Dome,1996-01-12,4.578,417,4.569
movie:10881,movie,Avalon,2001-01-20,6.518,358,2.8693
movie:9298,movie,Ali G Indahouse,2002-03-21,6.052,1537,7.3099
movie:410199,movie,ARQ,2016-09-16,6.136,1335,4.1243
movie:11808,movie,U.S. Marshals,1998-03-06,6.547,1853,7.6722
tv:4588,tv,ER,1994-09-19,7.831,949,57.5791
movie:11420,movie,The Corporation,2003-09-10,7.643,290,2.2814
movie:16305,movie,Sullivan's Travels,1941-11-30,7.4,524,2.8151
movie:607313,movie,Sarileru Neekevvaru,2020-01-10,5.906,64,1.6894
tv:2122,tv,King of the Hill,1997-01-12,7.414,689,112.2337
movie:480042,movie,Escape Plan: The Extractors,2019-06-20,5.441,964,5.4947
tv:89901,tv,Dickinson,2019-11-01,8.501,992,15.8608
movie:991,movie,The Man Who Fell to Earth,1976-03-18,6.466,617,6.6351
movie:28902,movie,In Dreams,1999-01-15,5.471,204,2.5852
movie:4421,movie,G.I. Jane,1997-08-19,6.487,1901,8.0459
movie:455108,movie,The Little Stranger,2018-08-30,5.661,286,3.3213
movie:9456,movie,The Crow: Salvation,2000-01-23,5.5,414,4.7974
movie:9559,movie,A Perfect World,1993-11-24,7.503,1909,10.6166
movie:11159,movie,Secrets & Lies,1996-05-24,7.6,748,3.1363
movie:3603,movie,Black Sheep,2006-09-10,5.782,840,3.735
movie:25468,movie,My Dinner with Andre,1981-10-11,7.5,475,3.3234
movie:307663,movie,Vice,2015-01-16,4.369,590,7.4641
movie:16781,movie,Madea's Family Reunion,2006-02-24,6.3,222,4.7507
tv:93825,tv,Saved by the Bell,2020-11-25,6.8,123,8.4138
movie:16148,movie,Zero Effect,1998-01-30,6.3,203,3.2347
movie:15363,movie,Something New,2006-01-29,6.445,264,3.8136
movie:528985,movie,Assimilate,2019-05-24,6.307,296,2.6489
movie:519010,movie,Pain and Glory,2019-03-22,7.372,1947,5.1682
movie:38780,movie,Rampage,2009-09-27,5.959,493,3.8333
movie:39486,movie,Secretariat,2010-08-20,7.413,646,5.6651
movie:535,movie,Flashdance,1983-04-14,6.491,1645,6.8897
movie:27958,movie,Cruising,1980-02-15,6.595,645,5.8464
movie:17365,movie,The Parallax View,1974-06-14,6.836,384,3.3693
movie:14242,movie,American Movie,1999-11-05,7.542,285,2.064
movie:76163,movie,The Expendables 2,2012-08-15,6.354,7294,13.5979
movie:112336,movie,Hitchcock,2012-11-22,6.556,1663,5.4713
movie:912,movie,The Thomas Crown Affair,1968-06-26,6.775,595,6.4818
movie:432139,movie,Vikram Vedha,2017-07-21,7.261,236,1.5928
movie:13928,movie,Knick Knack,1989-11-23,7.001,628,2.1899
movie:405775,movie,The Wall,2017-05-12,6.407,1070,4.5898
movie:442062,movie,Goosebumps 2: Haunted Halloween,2018-10-11,6.094,1657,7.373
movie:16562,movie,The Cutting Edge,1992-03-27,7.3,435,3.4399
movie:302349,movie,Iron Sky: The Coming Race,2019-01-25,5.195,471,5.1384
movie:17908,movie,My Dog Skip,2000-01-12,6.712,292,3.6248
movie:301875,movie,Equals,2015-07-15,6.112,1463,5.6153
movie:13528,movie,Gaslight,1944-05-04,7.502,589,4.8325
movie:10028,movie,Honey,2003-12-05,6.354,1254,5.0711
movie:38761,movie,Night of the Lepus,1972-10-04,4.4,119,2.3067
tv:68006,tv,Taken,2017-02-27,6.476,276,21.7626
movie:185460,movie,Willow Creek,2013-05-02,5.131,355,1.3577
movie:1792,movie,Stuck on You,2003-12-10,5.357,741,3.8816
movie:10780,movie,Overboard,1987-12-16,6.8,1009,5.5618
tv:2940,tv,Invasion,2005-09-21,7.144,142,10.0824
movie:17187,movie,The Emperor's Club,2002-11-22,7.124,411,3.0826
movie:454640,movie,The Angry Birds Movie 2,2019-08-02,7.052,1949,17.627
tv:62433,tv,Between,2015-05-21,5.903,159,7.2585
tv:79093,tv,Star Wars Resistance,2018-10-07,6.2,174,17.9291
movie:437,movie,Cube 2: Hypercube,2002-04-15,5.5,1670,6.9259
movie:14195,movie,Cecil B. Demented,2000-08-02,6.424,305,3.2278
movie:10364,movie,Catch-22,1970-06-24,6.668,366,4.7015
movie:14429,movie,Drive Me Crazy,1999-10-01,6.6,442,2.9269
movie:341012,movie,Popstar: Never Stop Never Stopping,2016-06-03,6.587,1407,5.0891
movie:621746,movie,Zana,2019-09-21,6.773,22,1.4062
tv:96162,tv,Itaewon Class,2020-01-31,8.349,410,10.0748
movie:88005,movie,Seeking a Friend for the End of the World,2012-06-22,6.566,2299,5.2627
movie:60420,movie,Like Crazy,2011-10-28,6.356,1096,3.3691
movie:62630,movie,The Devil's Double,2011-02-11,6.665,623,5.0427
movie:50780,movie,The Beaver,2011-05-05,6.367,950,6.0908
movie:13489,movie,Lost Boys: The Tribe,2008-07-29,4.9,211,3.1439
tv:309694,tv,Radioactive,2019-12-13,0.0,0,1.44
movie:11293,movie,Paper Moon,1973-05-09,7.867,862,5.1299
movie:62676,movie,Limbo,1999-06-04,6.612,76,2.5678
tv:94587,tv,Merry Happy Whatever,2019-11-28,6.432,95,4.8356
movie:10651,movie,The Dead Pool,1988-07-13,6.273,974,6.9092
tv:99412,tv,Vagrant Queen,2020-03-27,6.148,61,3.5149
movie:119283,movie,Parker,2013-01-23,6.099,3338,7.725
movie:9034,movie,The Banger Sisters,2002-09-20,5.652,270,2.6934
tv:64254,tv,Master of None,2015-11-06,7.351,602,11.4167
movie:513409,movie,Earthquake Bird,2019-11-01,5.915,483,3.5313
tv:62084,tv,Poldark,2015-03-08,7.755,327,23.6159
tv:60743,tv,Constantine,2014-10-24,7.757,1656,12.4829
movie:16241,movie,The Boys from Brazil,1978-10-05,6.726,462,5.2474
movie:10156,movie,History of the World: Part I,1981-06-12,6.748,940,2.7741
movie:14637,movie,Nothing but the Truth,2008-12-19,6.939,568,4.1347
movie:3086,movie,The Lady Eve,1941-02-25,7.256,410,3.1442
movie:18015,movie,Shark Attack 3: Megalodon,2002-11-26,4.7,155,2.3223
tv:2317,tv,My Name Is Earl,2005-09-20,7.652,1161,30.3002
movie:84858,movie,Agneepath,2012-01-25,6.369,176,1.9128
tv:81946,tv,The Enemy Within,2019-02-25,6.95,129,9.3445
movie:5916,movie,The Getaway,1972-12-13,7.146,686,5.5669
movie:10395,movie,Wolf,1994-06-17,6.135,1038,6.7312
movie:261,movie,Cat on a Hot Tin Roof,1958-08-29,7.631,860,3.9092
movie:20481,movie,Nightbreed,1990-02-16,6.387,554,4.2823
movie:15143,movie,Some Kind of Wonderful,1987-02-27,6.846,556,4.6289
movie:9905,movie,Shallow Grave,1994-12-22,6.992,1171,4.2521
movie:744676,movie,Ginny Weds Sunny,2020-10-09,6.0,36,1.3663
movie:71670,movie,Hostel: Part III,2011-12-22,5.097,1331,5.5483
movie:37498,movie,Knock Off,1998-09-04,5.356,411,4.3393
movie:10847,movie,Lord of the Flies,1990-03-16,6.4,656,4.5223
movie:41210,movie,The Switch,2010-08-20,6.23,2067,4.9875
movie:38117,movie,Beastly,2011-01-21,6.301,2890,5.0365
movie:2284,movie,Mr. Magorium's Wonder Emporium,2007-11-16,6.25,1335,4.2987
movie:14370,movie,Real Genius,1985-08-07,6.673,518,5.28
movie:283601,movie,Galveston,2018-10-10,6.112,561,4.2669
movie:24452,movie,The Little Shop of Horrors,1960-05-04,6.264,478,4.1496
movie:28942,movie,The Brood,1979-05-25,6.691,836,3.2001
movie:5227,movie,Hercules in New York,1970-02-23,4.089,359,3.6106
movie:14510,movie,From Beyond,1986-10-24,6.483,689,5.2437
movie:575351,movie,Kumbalangi Nights,2019-02-07,8.063,126,1.2701
movie:11571,movie,Journey to the Center of the Earth,1959-12-15,6.896,525,4.471
movie:539651,movie,Don't Let Go,2019-08-30,6.915,476,3.5777
movie:554318,movie,Hoaxed,2019-01-24,6.9,26,0.716
movie:407439,movie,Mary Magdalene,2018-03-15,6.296,581,4.3433
movie:332502,movie,400 Days,2015-10-29,4.4,516,3.5415
tv:95386,tv,Nurses,2020-01-06,7.3,108,8.9777
movie:33667,movie,Gentleman's Agreement,1947-11-11,7.0,283,3.0645
movie:8080,movie,Suspect Zero,2004-08-27,5.532,401,5.2436
movie:229297,movie,Magic in the Moonlight,2014-07-25,6.492,2198,5.5205
tv:41956,tv,Death in Paradise,2011-10-25,7.442,339,89.4725
tv:79412,tv,Bulletproof,2018-05-15,6.444,54,3.5955
movie:5693,movie,Hoosiers,1986-11-14,7.046,608,3.6626
movie:12706,movie,Croupier,1998-06-25,6.728,337,4.7806
movie:7501,movie,Knockaround Guys,2001-11-30,6.1,405,3.914
movie:76544,movie,Man of Tai Chi,2013-07-04,6.101,1012,5.4
movie:943,movie,Lethal Weapon 3,1992-05-15,6.727,3336,9.2028
tv:76819,tv,Requiem,2018-02-02,6.226,104,6.2266
movie:412547,movie,Killing Gunther,2017-09-22,4.762,445,4.2063
movie:11224,movie,Cinderella,1950-02-22,7.051,7249,14.8018
tv:8607,tv,Defying Gravity,2009-08-02,6.682,107,4.3102
movie:39890,movie,The City of the Dead,1960-09-09,6.456,176,2.2384
movie:36234,movie,Timecode,2000-04-28,5.555,100,1.9484
tv:13851,tv,Jane Eyre,2006-09-24,7.7,137,8.6315
movie:16373,movie,The Uninvited,1944-02-24,6.9,235,2.1305
movie:9600,movie,Big Momma's House,2000-05-31,5.816,2516,8.7442
tv:103992,tv,A Teacher,2020-11-10,7.137,401,14.5942
movie:336000,movie,The Glass Castle,2017-08-11,7.1,916,5.9963
movie:10589,movie,After the Sunset,2004-11-12,6.18,893,6.9658
tv:79928,tv,Take Two,2018-06-21,6.863,80,5.3872
movie:458576,movie,Monster Hunter,2020-12-03,6.513,3642,8.2593
movie:31005,movie,Moonlight Mile,2002-09-09,6.31,245,2.4343
tv:100052,tv,The English Game,2020-03-20,7.387,217,3.3147
movie:433502,movie,The Aftermath,2019-03-01,6.433,736,5.1803
movie:565426,movie,To All the Boys: P.S. I Still Love You,2020-02-03,6.82,2732,4.7391
movie:12994,movie,The Nines,2007-01-21,5.966,482,4.3426
movie:565716,movie,American Factory,2019-08-21,7.185,525,2.0156
movie:11824,movie,Teen Wolf,1985-08-23,6.205,1285,7.2605
movie:10527,movie,Madagascar: Escape 2 Africa,2008-10-30,6.529,7566,17.3972
movie:13150,movie,Pride and Glory,2008-09-09,6.331,977,7.5872
movie:4105,movie,Black Rain,1989-09-22,6.579,1279,7.5455
movie:384677,movie,Set It Up,2018-06-15,6.909,2840,4.636
movie:50037,movie,Beyond the Black Rainbow,2010-12-03,5.667,414,3.8446
movie:44129,movie,The Company Men,2010-10-21,6.54,822,4.5821
movie:43931,movie,My Soul to Take,2010-10-08,5.461,560,3.6579
movie:11536,movie,The Misfits,1961-02-01,7.0,448,4.2972
tv:42282,tv,Girls,2012-04-15,6.393,456,26.8201
movie:10547,movie,The Arrival,1996-05-31,6.039,869,6.4025
movie:1968,movie,Fools Rush In,1997-02-14,6.5,619,4.1389
movie:10664,movie,[REC]²,2009-09-15,6.634,2244,5.8641
movie:9331,movie,Clear and Present Danger,1994-08-03,6.647,1727,12.6051
movie:10544,movie,Ned Kelly,2003-03-22,6.043,406,3.7492
movie:11133,movie,Poltergeist II: The Other Side,1986-05-23,6.002,788,4.9599
tv:12584,tv,Tin Man,2007-12-02,6.656,196,5.9376
movie:44564,movie,The Dilemma,2011-01-13,5.352,939,5.1592
movie:14373,movie,Death Wish II,1982-02-20,6.235,549,4.9645
movie:405,movie,La Strada,1954-09-23,7.9,1192,3.4383
movie:506808,movie,Purdah,2018-03-03,10.0,2,1.1292
movie:264999,movie,Magic Mike XXL,2015-07-01,6.1,1878,4.6869
movie:20196,movie,Mac and Me,1988-08-12,4.445,283,3.1169
movie:241251,movie,The Boy Next Door,2015-01-23,4.946,2133,5.2231
movie:9932,movie,Analyze That,2002-12-06,5.842,1427,6.2889
tv:81002,tv,Dark Tourist,2018-07-20,6.742,93,2.5793
movie:449985,movie,Triple Threat,2019-03-19,6.4,656,5.8693
movie:11889,movie,Iris,2001-12-14,6.399,223,2.9823
movie:604169,movie,Chandigarh Amritsar Chandigarh,2019-05-24,6.2,5,0.756
movie:10742,movie,The Clearing,2004-07-02,5.748,262,3.2393
movie:293970,movie,The Final Girls,2015-10-09,6.386,1428,4.3102
movie:215776,movie,Madras Cafe,2013-08-23,6.691,131,1.5583
movie:103328,movie,Holy Motors,2012-07-02,7.0,1285,4.5332
movie:13320,movie,Funny Face,1957-02-13,6.977,742,4.353
movie:13022,movie,Rogue,2007-11-08,6.305,788,6.425
movie:25673,movie,A Place in the Sun,1951-06-12,7.3,427,4.0667
movie:34148,movie,Imitation of Life,1959-04-09,7.4,326,2.9302
tv:86942,tv,Undercover,2019-02-24,7.508,180,11.2943
tv:103506,tv,Jeffrey Epstein: Filthy Rich,2020-05-27,7.054,453,5.0593
movie:12620,movie,The House Bunny,2008-08-22,5.682,2063,7.403
movie:14112,movie,Auto Focus,2002-10-18,6.401,222,2.3662
movie:185008,movie,Yeh Jawaani Hai Deewani,2013-05-31,7.288,311,2.4112
movie:71668,movie,Piranha 3DD,2012-05-11,4.336,1173,7.0851
movie:10176,movie,The Quiet Earth,1985-09-08,6.648,653,4.5201
movie:2897,movie,Around the World in 80 Days,1956-10-17,6.663,598,6.096
movie:15301,movie,Twilight Zone: The Movie,1983-06-24,6.482,836,7.4559
movie:227159,movie,Horrible Bosses 2,2014-11-12,6.176,4464,10.2967
movie:112454,movie,Clown,2014-11-13,5.8,1483,3.8455
movie:32613,movie,Horror Express,1972-09-30,6.349,348,4.1125
movie:9268,movie,Eraser,1996-06-21,6.094,2100,9.6814
movie:14372,movie,Leviathan,1989-03-17,5.979,581,5.4789
movie:9684,movie,Sweet and Lowdown,1999-12-03,6.793,571,3.4878
movie:2665,movie,Airplane II: The Sequel,1982-12-10,6.081,1295,8.3585
movie:325712,movie,Cool Cat Saves the Kids,2015-02-01,3.3,62,0.955
movie:8838,movie,Mercury Rising,1998-04-03,6.293,1709,6.0736
movie:24748,movie,Hud,1963-05-24,7.257,368,3.5621
movie:3529,movie,The Thin Man,1934-05-25,7.495,552,3.1979
movie:3055,movie,Valley of the Dolls,1967-12-27,6.0,150,2.9178
movie:44009,movie,Another Year,2010-11-05,7.007,448,3.1319
movie:14695,movie,Havoc,2005-10-16,5.261,363,4.9844
movie:351339,movie,Anthropoid,2016-08-12,7.1,1188,6.3264
movie:9910,movie,Two for the Money,2005-10-07,6.061,733,4.1146
movie:28260,movie,Return of the Living Dead III,1993-10-01,6.569,918,3.9052
movie:567971,movie,Vampires vs. the Bronx,2020-10-02,5.729,323,3.2893
movie:634544,movie,Uncle Frank,2020-11-25,7.266,453,4.5229
movie:12110,movie,Dracula: Dead and Loving It,1995-12-22,6.067,1132,6.0357
movie:9450,movie,Brassed Off,1996-11-01,6.988,300,2.9605
movie:523278,movie,Saand Ki Aankh,2019-10-25,7.018,28,0.9612
movie:431580,movie,Abominable,2019-09-19,7.452,2217,9.3039
movie:11422,movie,Midway,1976-06-18,6.61,337,6.6125
movie:13291,movie,Traitor,2008-08-23,6.65,737,5.2011
tv:2098,tv,Batman: The Animated Series,1992-09-05,8.6,1877,52.7161
movie:37821,movie,Killers,2010-06-04,5.959,2343,6.9531
movie:157851,movie,Maps to the Stars,2014-05-21,6.167,1168,6.1547
tv:72787,tv,Patrick Melrose,2018-05-12,7.519,334,9.0277
movie:29005,movie,McCabe & Mrs. Miller,1971-07-08,7.157,464,3.5131
movie:4478,movie,Indecent Proposal,1993-04-07,6.407,1659,11.1676
movie:3512,movie,Under Siege 2: Dark Territory,1995-07-13,5.859,1055,8.6602
movie:95610,movie,Bridget Jones's Baby,2016-09-14,6.404,3112,8.1937
movie:272693,movie,The DUFF,2015-02-20,6.758,4494,5.0962
movie:410331,movie,Vada Chennai,2018-10-17,7.8,113,1.6911
movie:509730,movie,The Queen's Corgi,2019-02-13,5.878,456,6.126
movie:424998,movie,The Case for Christ,2017-04-07,6.918,329,3.6723
tv:61244,tv,Happy Valley,2014-04-29,7.938,410,11.261
movie:13581,movie,Dead of Night,1945-09-09,7.202,310,2.4705
movie:425980,movie,Brad's Status,2017-09-14,6.274,456,6.0569
movie:11524,movie,Thief,1981-03-27,7.23,882,4.3741
movie:11646,movie,Gallipoli,1981-08-13,7.056,561,4.4819
movie:640421,movie,Cargo,2019-10-18,4.8,21,0.9096
movie:531438,movie,Holiday in the Wild,2019-11-06,6.476,572,3.0102
tv:92209,tv,Truth Seekers,2020-10-30,7.088,289,6.1682
movie:492336,movie,Deep Blue Sea 2,2018-04-17,5.1,576,4.4172
movie:37718,movie,The Muse,1999-08-27,5.222,156,2.0113
movie:9499,movie,Le Divorce,2003-08-08,4.938,170,3.0645
movie:2758,movie,Addams Family Values,1993-11-19,6.981,3385,12.6186
tv:82428,tv,All American,2018-10-10,8.107,494,40.2255
movie:16288,movie,Creepshow 2,1987-05-01,6.243,667,4.7573
movie:414425,movie,Mudbound,2017-11-16,7.357,1329,2.8963
movie:17687,movie,The Public Enemy,1931-04-23,7.246,399,3.1584
tv:21510,tv,White Collar,2009-10-23,8.222,1597,46.0567
movie:10650,movie,Sudden Impact,1983-12-08,6.549,1032,5.5545
movie:14457,movie,Reeker,2005-03-13,5.66,284,3.8127
movie:86837,movie,Amour,2012-09-20,7.751,1810,5.9933
movie:102362,movie,Dead Man Down,2013-03-08,6.164,1584,6.6343
movie:374475,movie,Toni Erdmann,2016-07-14,6.95,1114,3.5157
movie:15739,movie,Annie,1982-05-21,6.5,791,7.3534
movie:159117,movie,V/H/S/2,2013-06-06,6.2,1216,4.3587
movie:9766,movie,Gridiron Gang,2006-09-15,7.067,1116,5.7987
tv:219,tv,Kyle XY,2006-06-26,7.03,403,13.2127
movie:207768,movie,I Spit on Your Grave 2,2013-08-25,6.289,1457,8.3775
movie:3525,movie,Working Girl,1988-12-20,6.6,1087,5.2102
movie:10653,movie,The Seven Year Itch,1955-06-03,7.04,1012,5.2323
movie:230179,movie,Big Game,2014-09-05,5.495,1242,5.2492
movie:127560,movie,The Railway Man,2013-12-02,6.826,794,3.9124
movie:5506,movie,The Ladykillers,1955-12-08,7.283,571,3.7608
movie:336882,movie,The Wave,2015-08-28,6.702,1439,8.5383
movie:254191,movie,Honeymoon,2014-09-12,5.423,648,2.5965
movie:31965,movie,Witchfinder General,1968-05-17,6.5,272,2.5404
movie:14052,movie,Revenge of the Nerds,1984-07-20,6.455,830,6.2915
movie:2086,movie,Nick of Time,1995-11-22,6.233,831,4.0818
movie:468362,movie,The Angel,2018-05-15,6.561,335,2.8084
movie:403867,movie,Kaabil,2017-01-25,6.905,152,1.3955
movie:10743,movie,Confidence,2003-04-25,6.265,489,3.3912
movie:8696,movie,Calendar Girls,2003-09-02,6.524,416,4.1322
movie:11428,movie,Sleepwalkers,1992-04-10,6.079,640,6.9758
movie:191121,movie,Raanjhanaa,2013-06-21,6.609,170,1.5074
movie:87826,movie,Here Comes the Boom,2012-10-10,6.225,1607,5.9074
movie:256962,movie,Little Boy,2015-04-23,7.24,575,3.5698
movie:619592,movie,Force of Nature,2020-07-02,5.14,571,5.0104
movie:19997,movie,Niagara,1953-01-29,6.805,453,3.4022
tv:92891,tv,Caliphate,2020-01-12,7.408,163,5.3573
movie:466081,movie,The Informer,2019-08-30,6.537,977,6.9375
movie:11566,movie,Dave,1993-05-07,6.646,858,5.1793
movie:405177,movie,"Where'd You Go, Bernadette",2019-08-16,6.6,740,4.823
movie:46221,movie,The Tunnel,2011-05-19,5.793,475,2.1929
movie:10540,movie,Outland,1981-05-22,6.419,722,5.6862
movie:38985,movie,Sorcerer,1977-06-24,7.47,682,6.5708
movie:34081,movie,Ted Bundy,2002-08-02,5.74,172,2.3812
movie:2179,movie,Tenacious D in The Pick of Destiny,2006-11-22,6.797,1834,5.7115
tv:91752,tv,Our Boys,2019-08-12,7.264,36,2.5869
movie:34311,movie,Sleepaway Camp II: Unhappy Campers,1988-08-26,5.8,329,2.542
movie:27586,movie,The Runaways,2010-03-19,6.466,863,3.0453
movie:257,movie,Oliver Twist,2005-09-23,6.8,1259,4.0588
movie:437783,movie,Is Genesis History?,2017-02-23,4.6,14,0.7333
movie:24831,movie,Piranha,1978-08-03,6.0,768,4.3142
movie:500921,movie,Between Worlds,2018-12-21,4.934,294,3.9481
movie:364689,movie,Ferdinand,2017-12-09,7.208,3147,9.6896
movie:70436,movie,The Raven,2012-03-09,6.299,1472,5.1448
movie:11873,movie,The Color of Money,1986-10-17,6.853,1572,7.1136
movie:26688,movie,Sorority Row,2009-09-09,5.557,621,4.0199
movie:282813,movie,The Pyramid,2014-12-04,5.304,1175,4.2236
movie:603552,movie,Ardaas Karaan,2019-07-19,6.0,3,0.8986
movie:11780,movie,Rob Roy,1995-04-13,6.724,728,5.3229
movie:5458,movie,Cruel Intentions 2,2000-11-09,5.073,445,5.3665
tv:94414,tv,Hello Mini,2019-10-01,6.7,3,2.9879
tv:112745,tv,Ethos,2020-11-12,7.765,132,4.5078
movie:571384,movie,Come Play,2020-10-28,6.423,761,4.4493
movie:13275,movie,Annapolis,2006-01-27,6.887,588,2.8696
movie:471860,movie,Public Disturbance,2018-08-28,5.5,13,1.321
movie:318121,movie,The Fundamentals of Caring,2016-06-16,7.285,2355,3.2829
movie:5967,movie,The Umbrellas of Cherbourg,1964-02-19,7.4,905,5.8134
movie:4917,movie,A Boy and His Dog,1975-03-23,6.285,396,3.0182
movie:13300,movie,Hell Ride,2008-08-08,5.223,235,3.341
movie:12626,movie,Broadcast News,1987-12-16,6.783,478,3.3976
movie:306,movie,Beverly Hills Cop III,1994-05-24,5.869,2189,9.3144
movie:79548,movie,Gone,2012-02-23,6.235,1266,4.6066
movie:19833,movie,In the Loop,2009-01-22,7.021,805,3.6143
movie:457712,movie,The VelociPastor,2018-09-28,5.351,262,2.6572
movie:9540,movie,Dead Ringers,1988-09-23,7.12,1034,5.2913
movie:489988,movie,Three Identical Strangers,2018-06-29,7.298,836,2.8928
movie:11542,movie,Altered States,1980-12-25,6.717,789,4.5531
tv:2719,tv,Coupling,2000-05-12,7.946,345,7.4052
tv:1892,tv,The Fresh Prince of Bel-Air,1990-09-10,7.904,2507,22.8927
movie:31682,movie,The Incredible Shrinking Man,1957-02-22,7.479,584,3.7752
movie:4244,movie,The Kid,2000-07-07,6.788,1164,5.3149
movie:4825,movie,Guys and Dolls,1955-12-23,6.573,262,3.2226
tv:68106,tv,Kim's Convenience,2016-10-11,7.661,180,15.8809
tv:93481,tv,Dublin Murders,2019-10-14,7.022,136,5.2657
movie:401545,movie,Everybody Knows,2018-05-09,6.549,1053,3.8587
movie:17127,movie,The Object of My Affection,1998-04-17,5.825,342,4.3185
movie:11395,movie,The Santa Clause,1994-11-11,6.53,2352,6.9804
movie:4032,movie,My Girl,1991-11-27,7.423,2353,7.113
movie:3980,movie,Critters,1986-04-11,6.488,1135,6.4211
movie:25853,movie,Dahmer,2002-06-21,5.239,328,2.1797
movie:3777,movie,Throne of Blood,1957-01-15,7.92,1014,4.7751
movie:10575,movie,Heaven,2002-02-06,6.492,295,2.925
movie:11967,movie,Young Guns,1988-08-12,6.69,1070,6.9227
movie:427008,movie,The Mountain II,2016-11-04,7.527,204,1.7892
movie:11855,movie,Pecker,1998-09-25,6.06,215,2.8874
movie:46878,movie,The Swarm,1978-06-26,5.031,208,3.5942
movie:695,movie,Short Cuts,1993-10-01,7.227,705,3.9254
movie:13570,movie,Tourist Trap,1979-03-14,6.1,346,2.4427
movie:20139,movie,The Children's Hour,1961-12-19,7.7,421,4.185
movie:9879,movie,Striptease,1996-06-28,5.553,1203,9.5274
movie:279641,movie,Whiskey Tango Foxtrot,2016-03-04,6.315,1068,5.4708
tv:107119,tv,Monsterland,2020-10-02,6.519,103,6.8117
movie:11090,movie,The Animal,2001-06-01,5.147,1408,7.5617
movie:15497,movie,Twelve O'Clock High,1949-12-21,7.169,163,2.7554
movie:1364,movie,Sex and Lucía,2001-08-24,6.701,658,8.2007
movie:454652,movie,Colette,2018-09-21,6.9,961,4.3283
movie:9039,movie,Trapped,2002-09-20,6.15,629,5.8073
movie:4251,movie,Veer-Zaara,2004-11-12,7.5,314,3.2247
tv:88110,tv,Intelligence,2020-02-21,5.975,61,5.1632
movie:550231,movie,The Secret: Dare to Dream,2020-04-16,7.336,678,6.4261
movie:9557,movie,Boat Trip,2002-10-01,5.228,710,4.3893
movie:17281,movie,Gigi,1958-05-15,6.233,356,3.5015
movie:10360,movie,Hunger,2008-05-15,7.243,1246,3.2113
movie:3638,movie,No Reservations,2007-06-15,6.702,1527,6.2572
movie:51608,movie,The Man from Nowhere,2010-08-04,7.698,1545,8.2484
tv:72742,tv,Bad Blood,2017-09-21,7.081,80,20.3457
tv:15819,tv,Warehouse 13,2009-07-07,7.685,775,42.0699
tv:51168,tv,Star-Crossed,2014-02-17,6.796,147,5.2809
movie:14807,movie,The Long Good Friday,1980-11-01,7.191,443,6.4389
movie:38317,movie,Zookeeper,2011-07-06,5.447,1811,6.029
movie:9070,movie,Mighty Morphin Power Rangers: The Movie,1995-06-30,5.88,786,4.0578
movie:13696,movie,Angels with Dirty Faces,1938-11-26,7.533,362,3.4486
tv:3796,tv,Trailer Park Boys,2001-04-22,7.7,328,22.4999
movie:352208,movie,Where to Invade Next,2015-12-23,7.224,544,2.6017
movie:17332,movie,The Soloist,2009-04-24,6.669,844,5.6405
movie:173,movie,"20,000 Leagues Under the Sea",1954-12-23,7.068,1013,7.2491
movie:10340,movie,Lady and the Tramp,1955-06-22,7.129,5723,12.7879
movie:9641,movie,Cheaper by the Dozen 2,2005-12-21,6.155,2122,6.5133
movie:333669,movie,Bastille Day,2016-04-22,6.318,1564,8.2884
movie:34803,movie,Death at a Funeral,2010-04-15,5.876,1096,6.4678
movie:43549,movie,The Experiment,2010-07-15,6.366,1349,4.9096
movie:11259,movie,Far and Away,1992-05-22,6.771,1340,6.3584
movie:340674,movie,Dark Crimes,2016-10-12,4.602,504,4.3641
tv:326,tv,Red Dwarf,1988-02-15,8.079,454,18.4297
tv:88987,tv,Helstrom,2020-10-16,6.694,252,9.6687
movie:342521,movie,Keanu,2016-04-29,6.028,1160,4.7441
movie:2977,movie,Becoming Jane,2007-03-02,7.303,1277,4.8627
movie:15566,movie,Surviving Christmas,2004-09-21,5.718,599,4.2999
movie:13557,movie,The Gravedancers,2006-11-18,5.773,214,1.8219
movie:177494,movie,Veronica Mars,2014-03-13,6.6,1176,3.4427
tv:98161,tv,Home Before Dark,2020-04-03,7.514,479,8.1352
movie:586592,movie,Come to Daddy,2019-04-25,5.941,598,4.211
movie:603119,movie,The Silencing,2020-07-18,6.455,827,6.6201
movie:135670,movie,Amber Alert,2012-11-02,4.976,82,0.8889
movie:44945,movie,Trust,2010-09-10,6.553,1059,5.6669
movie:28569,movie,Splendor in the Grass,1961-10-10,7.46,312,3.505
movie:1630,movie,The People vs. Larry Flynt,1996-12-25,6.963,1285,8.522
movie:10133,movie,Cypher,2002-10-01,6.633,655,3.8423
movie:608654,movie,The Banana Splits Movie,2019-09-04,6.506,270,3.4347
movie:14554,movie,Bad Day at Black Rock,1955-01-13,7.295,435,3.3554
movie:1552,movie,Parenthood,1989-07-31,6.656,741,4.058
movie:551412,movie,The Fear Footage,2018-07-20,6.048,21,1.253
tv:92461,tv,Bob Hearts Abishola,2019-09-23,7.5,72,18.1364
movie:1594,movie,A Shot in the Dark,1964-06-23,7.188,673,5.0268
movie:831,movie,This Island Earth,1955-06-10,6.0,240,3.3857
movie:1979,movie,Fantastic Four: Rise of the Silver Surfer,2007-06-13,5.635,8544,12.3833
movie:14367,movie,Adventures in Babysitting,1987-07-01,6.863,783,5.6424
movie:10167,movie,Half Past Dead,2002-11-15,5.146,405,4.6407
tv:83074,tv,Wild Bill,2019-06-12,6.703,32,4.2951
movie:466,movie,Klute,1971-06-23,6.778,532,5.241
movie:44490,movie,Chuck & Buck,2000-07-14,6.033,75,1.5088
movie:14844,movie,Chasing Liberty,2004-01-09,6.218,662,3.2438
tv:1691,tv,Studio 60 on the Sunset Strip,2006-09-18,7.481,135,12.5093
movie:27088,movie,The Last American Virgin,1982-06-26,6.59,261,4.2983
movie:169881,movie,The Physician,2013-12-25,7.338,1213,6.735
tv:5371,tv,iCarly,2007-09-08,7.95,1568,51.0671
movie:373195,movie,MSG 2 The Messenger,2015-09-18,2.5,3,0.6037
movie:234200,movie,Pride,2014-09-12,7.7,1438,4.4985
movie:21450,movie,Naked,1993-08-06,7.276,691,4.7044
movie:31592,movie,The Old Dark House,1932-10-20,6.719,310,2.261
tv:90812,tv,Industry,2020-11-09,6.834,277,26.3152
tv:84282,tv,Four Weddings and a Funeral,2019-07-31,6.9,44,4.9467
tv:97405,tv,The Valhalla Murders,2019-12-26,6.64,150,5.7243
movie:503125,movie,Little Monsters,2019-08-29,6.497,763,3.3889
tv:87731,tv,Tales of the City,2019-06-07,6.8,93,6.1471
tv:37606,tv,The Amazing World of Gumball,2011-05-03,8.537,1778,41.0381
movie:76492,movie,Hotel Transylvania,2012-09-20,6.968,9318,19.2187
tv:31841,tv,Episodes,2011-01-09,7.163,212,11.7323
movie:4787,movie,Cassandra's Dream,2007-10-31,6.312,852,4.3636
movie:13972,movie,The Women,2008-09-12,5.2,371,4.4427
movie:1534,movie,Pathfinder,2007-01-11,5.665,806,5.3315
tv:76747,tv,On My Block,2018-03-16,8.306,687,7.7372
movie:298584,movie,Cabin Fever,2016-02-12,4.745,485,2.9876
movie:25284,movie,The Last Seduction,1994-05-26,6.752,443,4.1593
movie:18254,movie,Reds,1981-12-25,6.866,381,2.8981
movie:9756,movie,Half Light,2006-01-17,6.051,322,2.7598
tv:63039,tv,Bordertown,2016-01-03,5.474,39,5.547
movie:297160,movie,XX,2017-02-17,5.019,470,4.1432
movie:16980,movie,The Last Days of Disco,1998-05-29,6.3,221,3.8512
movie:11654,movie,The Hunger,1983-04-29,6.65,674,5.6091
movie:15644,movie,Paparazzi,2004-09-03,5.319,213,3.1245
movie:8409,movie,A Man Apart,2003-04-04,6.159,1017,6.2018
tv:1435,tv,The Good Wife,2009-09-22,7.618,701,91.5078
movie:17965,movie,The Abominable Dr. Phibes,1971-04-01,6.962,343,4.0363
tv:66238,tv,The Five,2016-04-15,6.8,105,6.8777
movie:716258,movie,Black Box,2020-10-06,6.407,610,2.5287
movie:9786,movie,Art School Confidential,2006-05-05,6.1,238,4.5815
movie:1779,movie,Roger & Me,1989-09-01,7.1,324,2.1356
movie:20862,movie,Smoke Signals,1998-06-26,6.765,117,2.0204
movie:10142,movie,Casualties of War,1989-08-18,7.159,1038,5.1734
movie:18923,movie,A Home at the End of the World,2004-07-23,6.41,178,2.3795
movie:8274,movie,American Pie Presents: Band Camp,2005-11-23,5.469,2278,6.9277
movie:22059,movie,The Fantastic Four,1994-01-19,4.4,231,4.5474
movie:172533,movie,Drinking Buddies,2013-08-23,5.963,888,2.9929
movie:67913,movie,The Guard,2011-07-07,6.969,1440,5.8115
movie:606679,movie,The High Note,2020-06-10,7.0,480,6.5947
movie:14698,movie,"Suddenly, Last Summer",1959-12-22,7.3,322,4.2071
movie:322240,movie,Nine Lives,2016-08-03,5.828,1156,5.539
movie:433356,movie,The Ottoman Lieutenant,2017-03-28,6.047,285,4.007
movie:309809,movie,The Little Prince,2015-07-29,7.62,3022,11.2056
movie:8691,movie,Cannibal Ferox,1981-04-24,5.372,270,4.604
movie:20424,movie,Invaders from Mars,1953-04-09,5.9,211,2.597
movie:10900,movie,Surveillance,2008-02-08,6.014,364,3.059
movie:12479,movie,Breakfast of Champions,1999-02-18,5.025,122,3.0503
tv:45,tv,Top Gear,2002-10-20,7.589,895,46.4155
movie:438145,movie,Black '47,2018-09-05,6.565,339,4.3229
movie:10442,movie,So I Married an Axe Murderer,1993-07-30,6.1,490,3.7463
movie:12611,movie,The Fury,1978-03-10,6.282,420,3.3138
movie:72784,movie,The Loft,2014-10-14,6.402,1598,9.4382
movie:4929,movie,Hang 'em High,1968-04-12,6.867,878,6.6138
movie:33521,movie,Dracula,1979-07-20,6.375,292,3.06
movie:25736,movie,The Postman Always Rings Twice,1946-05-02,7.068,383,2.9701
movie:9455,movie,The Corruptor,1999-03-12,6.084,322,5.2921
tv:50825,tv,Sleepy Hollow,2013-09-16,7.42,1132,30.0371
movie:79777,movie,In the Land of Blood and Honey,2011-12-22,5.793,157,2.753
movie:11561,movie,Sleeper,1973-12-17,6.86,856,3.0173
movie:462718,movie,Pariyerum Perumal,2018-09-28,8.195,77,1.0736
tv:73126,tv,American Vandal,2017-09-15,7.441,347,11.3162
movie:37936,movie,Happy Birthday to Me,1981-05-15,6.0,240,3.6467
movie:428948,movie,Infinity Chamber,2016-12-03,6.261,285,2.4767
movie:13768,movie,Tuck Everlasting,2002-10-11,6.691,511,3.8888
movie:2639,movie,Deconstructing Harry,1997-12-12,7.246,1066,5.4879
movie:22292,movie,The Ghost and Mrs. Muir,1947-05-25,7.541,365,3.1573
movie:17949,movie,The Pest,1997-02-07,4.726,164,3.44
movie:4550,movie,Lady Vengeance,2005-07-29,7.519,2006,6.5456
movie:10609,movie,The Life and Death of Peter Sellers,2004-10-01,6.6,199,2.4366
movie:433310,movie,When We First Met,2018-02-08,6.559,2381,4.2361
movie:10222,movie,Kickboxer,1989-04-20,6.844,1615,7.3366
movie:11087,movie,The Hand That Rocks the Cradle,1992-01-10,6.895,1045,7.2226
movie:567970,movie,Lost Girls,2020-01-28,6.056,770,2.8947
movie:24018,movie,Glen or Glenda,1953-04-01,4.7,160,1.7458
movie:10498,movie,Point of No Return,1993-03-19,6.218,767,5.7762
movie:13041,movie,El Topo,1970-12-18,7.062,682,3.8946
movie:22949,movie,Old Dogs,2009-11-24,5.553,801,4.9136
movie:381418,movie,Sanam Teri Kasam,2016-02-05,7.916,148,1.9598
movie:245168,movie,Suffragette,2015-10-16,7.186,1685,4.2313
tv:59186,tv,Impractical Jokers,2011-12-15,7.949,412,39.8686
movie:13279,movie,Lakeview Terrace,2008-09-19,5.967,1181,5.5754
tv:39279,tv,Hart of Dixie,2011-09-26,7.3,326,21.6129
movie:10708,movie,Daddy Day Care,2003-05-09,5.917,2286,5.5591
movie:13995,movie,Captain America,1990-12-14,4.5,468,3.289
movie:540468,movie,Geetha Govindam,2018-08-15,6.847,85,1.3485
movie:58857,movie,13 Assassins,2010-09-25,7.305,1303,5.4988
movie:9716,movie,Everyone Says I Love You,1996-12-06,6.44,737,5.2666
movie:134366,movie,Grave Encounters 2,2012-10-12,5.583,1039,4.2376
movie:11890,movie,Oscar,1991-04-26,6.346,587,5.6945
tv:90665,tv,The Last Czars,2019-07-03,7.3,155,3.1218
movie:14458,movie,Altered,2006-12-19,5.46,261,2.333
movie:302528,movie,Remember,2015-10-23,7.352,767,4.0879
movie:1726485,movie,The Fixer,2020-02-28,7.0,1,0.4735
tv:62505,tv,Unforgotten,2015-10-08,7.533,195,17.5071
movie:13967,movie,Miss Potter,2006-12-03,6.7,565,4.8249
movie:13485,movie,Holiday Inn,1942-07-10,7.064,228,2.8664
movie:25670,movie,Foreign Correspondent,1940-08-16,7.0,461,3.8161
movie:149870,movie,The Wind Rises,2013-07-20,7.786,3453,8.925
movie:1788,movie,Footloose,1984-02-17,6.685,2249,6.8084
movie:10306,movie,Poltergeist III,1988-06-10,5.232,573,4.2156
movie:278154,movie,Ice Age: Collision Course,2016-06-23,6.125,4958,29.0955
movie:10015,movie,Heartbreak Ridge,1986-12-05,6.905,1151,6.3126
tv:89517,tv,Tommy,2020-02-05,7.625,32,4.6378
movie:36206,movie,Ride the High Country,1962-05-09,7.061,253,3.2684
movie:521034,movie,The Secret Garden,2020-07-08,6.342,619,5.7259
movie:19457,movie,The Yards,2000-04-27,6.2,539,6.1209
movie:10521,movie,Bride Wars,2009-01-09,6.246,3224,6.988
movie:24137,movie,An Ideal Husband,1999-01-14,6.46,224,3.4568
movie:301728,movie,Infini,2015-04-11,5.223,400,2.793
movie:14924,movie,Sid and Nancy,1986-09-12,6.734,583,3.2849
movie:675592,movie,Guilty,2020-03-06,6.6,60,1.1681
movie:4192,movie,Death on the Nile,1978-09-29,7.153,939,8.0054
movie:9586,movie,The Bonfire of the Vanities,1990-12-21,5.612,551,4.6938
movie:6471,movie,The Jerk,1979-12-14,6.878,929,3.8288
tv:63418,tv,Code Black,2015-09-30,7.786,283,12.0694
movie:245700,movie,Mr. Turner,2014-10-31,6.539,595,3.2888
movie:690565,movie,Colour Photo,2020-10-23,7.435,23,1.7377
movie:10906,movie,Pet Sematary II,1992-08-28,5.481,616,5.7857
movie:14926,movie,Uptown Girls,2003-08-15,7.026,1193,8.588
movie:402672,movie,Mohenjo Daro,2016-08-11,6.089,95,1.8945
tv:185,tv,Carnivàle,2003-09-14,7.888,466,12.7219
movie:13919,movie,The Chumscrubber,2005-06-08,6.515,229,2.4591
tv:88118,tv,Blood & Treasure,2019-05-21,6.703,138,11.2953
movie:8355,movie,Ice Age: Dawn of the Dinosaurs,2009-06-26,6.775,9020,19.525
movie:31117,movie,Superbabies: Baby Geniuses 2,2004-08-27,2.915,170,2.595
movie:146301,movie,Paranormal Activity: The Ghost Dimension,2015-10-21,5.309,1499,4.9284
movie:310135,movie,Turbo Kid,2015-08-14,6.486,795,3.4341
movie:5375,movie,Fred Claus,2007-11-09,5.844,935,5.5819
movie:61891,movie,Anonymous,2011-10-21,6.38,804,4.4964
tv:79272,tv,The Rook,2019-06-30,6.461,102,7.1118
movie:12888,movie,Belly,1998-11-04,6.324,188,3.8619
movie:62206,movie,30 Minutes or Less,2011-08-11,5.771,1870,4.9979
movie:353569,movie,Table 19,2017-03-03,5.898,1023,3.2884
movie:627715,movie,Marjaavaan,2019-11-15,7.027,37,2.0406
tv:63647,tv,Childhood's End,2015-12-14,7.036,463,6.0685
movie:965,movie,The Magnificent Ambersons,1942-07-10,7.332,490,3.1015
tv:1480,tv,Ally McBeal,1997-09-08,6.539,374,14.8504
movie:14859,movie,Keith,2008-09-13,7.026,487,1.6475
movie:110416,movie,Song of the Sea,2014-06-23,7.984,1615,6.3544
movie:17379,movie,Last Holiday,2006-01-13,7.3,896,6.6342
movie:2925,movie,The First Wives Club,1996-09-20,6.708,840,5.5309
movie:239571,movie,The Best of Me,2014-10-15,7.477,2735,6.0643
tv:764,tv,Midsomer Murders,1997-03-23,7.5,369,144.5857
movie:134597,movie,The Collection,2012-11-30,6.39,1174,6.0484
movie:20048,movie,Confessions of a Shopaholic,2009-02-05,6.5,2794,9.2577
movie:374617,movie,Imperium,2016-08-19,6.454,1520,4.4307
movie:3596,movie,Things to Come,1936-03-31,6.502,225,2.2482
movie:417812,movie,Wildlife,2018-09-23,6.618,795,3.5987
movie:327,movie,Brother,2000-12-13,7.088,541,4.3354
movie:13836,movie,Race to Witch Mountain,2009-03-13,5.795,1851,8.3208
movie:16110,movie,Thomas and the Magic Railroad,2000-07-14,5.3,105,3.3076
movie:35275,movie,Mame,1974-03-07,5.8,33,2.3326
tv:1606,tv,Ghost Whisperer,2005-09-23,8.069,1896,57.1293
movie:18274,movie,Frogs,1972-03-10,4.756,164,2.0076
movie:523773,movie,Little Italy,2018-08-24,6.603,715,4.266
movie:168530,movie,Ride Along,2014-01-07,6.254,2463,6.9225
movie:1997,movie,Two Brothers,2004-04-07,7.143,900,3.8427
movie:473234,movie,Arjun Reddy,2017-08-25,7.0,123,1.288
tv:76438,tv,Everything Sucks!,2018-02-16,7.127,296,5.6886
tv:80730,tv,Who Is America?,2018-07-15,7.392,190,4.6714
tv:107363,tv,The Duchess,2020-09-11,6.46,88,3.5465
movie:268531,movie,Captain Underpants: The First Epic Movie,2017-06-01,6.299,1382,9.6955
movie:10035,movie,100 Girls,2000-09-01,5.748,500,3.8884
movie:10615,movie,Pootie Tang,2001-06-29,5.091,170,3.5044
movie:65215,movie,Stewie Griffin: The Untold Story,2005-07-23,6.923,441,4.1394
tv:113600,tv,Equinox,2020-12-30,7.107,284,4.8715
tv:3868,tv,The Lost Room,2006-12-11,7.75,517,6.5264
tv:103023,tv,I'll Be Gone in the Dark,2020-06-28,7.046,141,2.7931
movie:331781,movie,Amy,2015-07-02,7.6,1330,3.5522
movie:13671,movie,The Music Man,1962-06-19,7.105,200,2.5755
tv:105177,tv,Unsolved Mysteries,2020-07-01,7.663,341,7.9101
movie:70578,movie,Trespass,2011-10-13,5.508,1242,6.3365
tv:62413,tv,Killjoys,2015-06-19,6.853,539,17.5399
movie:10299,movie,"Hush... Hush, Sweet Charlotte",1964-12-16,7.3,294,3.7134
movie:12660,movie,Charlotte Gray,2001-12-28,6.1,193,2.6005
movie:14219,movie,Skinwalkers,2006-03-20,5.134,317,4.6509
movie:44247,movie,The Prowler,1981-11-06,5.829,266,2.396
movie:116711,movie,Epic,2013-05-15,6.562,2994,12.4081
movie:10610,movie,The Medallion,2003-08-15,5.645,1248,6.9937
movie:23305,movie,The Warrior,2001-09-23,6.239,46,1.944
movie:10122,movie,Flight of the Navigator,1986-07-30,6.964,972,6.2157
movie:45964,movie,When a Stranger Calls,1979-08-24,6.216,305,3.0371
movie:158394,movie,Redemption,2013-04-05,6.278,18,1.7466
movie:37797,movie,Whisper of the Heart,1995-07-15,7.9,2334,13.1612
movie:472838,movie,SPF-18,2017-09-29,4.429,1064,2.1515
movie:627070,movie,Tell Me Who I Am,2019-10-18,7.351,269,1.9382
tv:66840,tv,Bull,2016-09-20,7.053,407,47.7612
movie:5801,movie,Pather Panchali,1955-08-26,7.8,504,2.907
movie:12230,movie,One Hundred and One Dalmatians,1961-01-25,7.178,6753,14.972
movie:14362,movie,Out for Justice,1991-04-12,6.175,529,5.5621
movie:287,movie,Bull Durham,1988-06-15,6.636,697,4.7597
movie:11286,movie,The Cannonball Run,1981-06-19,6.146,719,8.5595
movie:17467,movie,Riki-Oh: The Story of Ricky,1991-10-05,6.9,383,6.4337
tv:106514,tv,Tiny Creatures,2020-08-07,6.8,137,3.3602
movie:419709,movie,Last Flag Flying,2017-11-03,6.732,502,2.3428
movie:13938,movie,The Last Dragon,1985-03-22,6.539,294,4.7497
tv:70496,tv,Riviera,2017-06-15,6.063,120,10.013
movie:11864,movie,Enemy Mine,1985-12-12,6.984,1113,4.6254
movie:16295,movie,Higher Learning,1995-01-11,6.305,249,4.4908
movie:14580,movie,The Big Heat,1953-10-14,7.661,571,3.5146
movie:11860,movie,Sabrina,1995-12-15,6.215,709,4.9439
movie:171372,movie,Frank,2014-05-09,6.839,1754,3.9929
movie:141603,movie,Gunda,1998-09-04,5.792,24,0.8875
tv:61811,tv,CSI: Cyber,2015-03-04,6.141,249,8.9218
movie:79316,movie,Devil's Due,2014-01-08,4.688,584,3.219
tv:39510,tv,Touch,2012-01-25,6.579,335,12.4447
movie:362826,movie,Wildling,2018-04-13,5.442,399,5.2747
movie:13185,movie,Kidulthood,2006-03-03,6.273,205,3.0543
movie:9263,movie,Now and Then,1995-10-20,6.88,485,4.4916
movie:9585,movie,Not Without My Daughter,1991-01-11,6.681,343,4.8625
movie:6217,movie,Cat People,1982-04-02,6.041,581,5.8997
movie:13441,movie,Roger Dodger,2002-05-09,6.11,213,2.4045
movie:269795,movie,2:22,2017-06-29,6.029,1570,5.4247
tv:89571,tv,NEXT,2020-10-06,7.037,187,8.6394
movie:5001,movie,Before Night Falls,2000-09-03,6.651,312,2.8951
movie:339408,movie,The Birth of a Nation,2016-09-09,6.558,582,4.9822
movie:87567,movie,The Big Wedding,2013-04-25,5.84,1230,6.5434
movie:706510,movie,Desperados,2020-07-01,5.974,506,2.9616
movie:419700,movie,Sandy Wexler,2017-04-14,5.461,594,3.1781
movie:398535,movie,Udta Punjab,2016-06-17,7.267,174,1.4754
movie:126337,movie,Unconditional,2012-09-21,6.638,81,1.6565
movie:139038,movie,A Haunted House,2013-01-11,5.958,2099,7.9246
tv:92462,tv,Carol's Second Act,2019-09-26,6.1,25,6.1825
movie:2005,movie,Sister Act,1992-05-28,6.834,3507,9.3359
movie:500852,movie,Miss Bala,2019-01-25,6.352,597,3.7068
tv:87428,tv,Why Women Kill,2019-08-15,7.869,400,23.8486
movie:10202,movie,Bedtime Stories,2008-12-24,6.152,3026,7.377
tv:46511,tv,Utopia,2013-01-15,7.9,697,8.713
movie:81188,movie,Rise of the Guardians,2012-11-21,7.38,7259,16.5136
movie:10344,movie,The Fly II,1989-02-10,5.747,750,4.3846
movie:522039,movie,The Last Black Man in San Francisco,2019-06-07,6.978,372,3.0012
tv:97558,tv,Broke,2020-04-02,5.9,14,3.6722
movie:254474,movie,Zombeavers,2014-10-20,4.946,784,3.9814
movie:24070,movie,Mixed Nuts,1994-12-21,5.356,226,3.3942
movie:11577,movie,Pat Garrett & Billy the Kid,1973-05-23,7.208,478,4.4836
movie:301846,movie,Howl,2015-10-01,5.6,580,3.0742
movie:1644,movie,The Vanishing,1993-02-05,6.16,577,5.0972
movie:9969,movie,Deck the Halls,2006-11-22,5.601,824,4.7861
movie:14073,movie,Jodhaa Akbar,2008-02-13,7.296,289,2.9158
movie:21610,movie,Nighthawks,1981-03-17,6.385,507,5.437
movie:12122,movie,Village of the Damned,1995-04-28,6.093,944,6.2059
movie:345009,movie,Mine,2016-10-06,6.585,1365,5.073
movie:22733,movie,Beat the Devil,1953-11-24,6.111,175,2.6447
movie:12192,movie,Pathology,2008-04-11,5.715,530,3.9113
movie:11034,movie,The Great Gatsby,1974-03-27,6.273,522,5.7476
movie:1944,movie,The Door in the Floor,2004-07-18,6.082,232,4.3542
movie:9294,movie,Phenomenon,1996-07-05,6.527,1402,8.0126
movie:1812,movie,Trick,1999-07-23,6.896,111,2.6627
movie:64807,movie,Grudge Match,2013-12-25,6.101,1392,5.7493
movie:461166,movie,Odiyan,2018-12-13,5.455,22,1.8919
movie:9749,movie,Fletch,1985-05-31,6.751,792,4.2581
movie:1909,movie,Don Juan DeMarco,1994-10-12,6.756,818,4.4794
movie:590401,movie,De De Pyaar De,2019-05-17,6.071,63,1.2905
movie:550673,movie,Eghantham,2018-09-21,7.0,1,0.8467
movie:19404,movie,Dilwale Dulhania Le Jayenge,1995-10-20,8.504,4615,13.5157
tv:51019,tv,Almost Human,2013-11-17,7.395,574,8.0849
movie:252178,movie,'71,2014-10-10,6.807,1242,3.7886
movie:14223,movie,Wind Chill,2007-05-18,5.8,567,4.0125
movie:3019,movie,Dr. Jekyll and Mr. Hyde,1931-12-24,7.225,336,3.7391
movie:11661,movie,Joyeux Noel,2005-11-09,7.351,947,3.7363
movie:196867,movie,Annie,2014-12-18,6.241,1373,7.9095
movie:13260,movie,Semi-Pro,2008-02-28,5.625,906,3.6401
movie:254473,movie,Brick Mansions,2014-04-22,5.903,1631,6.1706
tv:62699,tv,The Young Pope,2016-10-21,7.691,671,7.3973
movie:9027,movie,The Guru,2002-08-21,5.301,251,2.6414
movie:43959,movie,Soul Surfer,2011-04-08,7.02,1270,5.1011
movie:155084,movie,13 Sins,2014-04-11,6.323,1233,5.9315
movie:34077,movie,The Giant Gila Monster,1959-06-25,4.246,59,1.177
movie:14220,movie,Strange Wilderness,2008-02-01,4.863,256,3.2741
movie:87499,movie,The East,2013-05-31,6.55,884,3.564
movie:40969,movie,Terror Train,1980-09-22,5.755,318,2.9336
tv:77791,tv,Nailed It!,2018-03-09,7.1,77,6.5441
movie:8428,movie,Pump Up the Volume,1990-08-22,7.1,419,3.9258
movie:454458,movie,UglyDolls,2019-05-01,6.6,481,5.8443
movie:2119,movie,Days of Thunder,1990-06-27,6.393,1776,7.81
movie:35669,movie,The Satanic Rites of Dracula,1973-04-17,5.605,175,2.1263
movie:7509,movie,Water,2005-11-04,6.789,128,2.0157
movie:150,movie,48 Hrs.,1982-12-07,6.676,1771,8.4033
movie:560252,movie,Matriarch,2018-11-02,5.068,66,1.2813
movie:11943,movie,Jeremiah Johnson,1972-09-10,7.3,715,4.3133
movie:951,movie,Kindergarten Cop,1990-12-21,6.132,2876,4.7564
movie:302688,movie,My Big Fat Greek Wedding 2,2016-03-23,5.977,1090,5.4074
movie:14831,movie,Help!,1965-07-29,6.9,359,3.4549
movie:472921,movie,Skybound,2017-11-07,4.808,60,2.2198
movie:18074,movie,Duets,2000-09-09,5.727,162,2.3196
movie:2144,movie,One Night at McCool's,2001-04-19,5.867,388,4.9436
movie:9746,movie,Kundun,1997-12-25,6.787,513,3.572
tv:87382,tv,Ramy,2019-04-19,7.3,153,8.8433
movie:419835,movie,Crooked House,2017-09-06,6.376,1011,5.6942
movie:4169,movie,Breach,2007-02-12,6.634,689,5.0944
movie:532869,movie,NGK,2019-05-31,4.824,34,1.1969
movie:1775,movie,Canadian Bacon,1995-06-08,5.736,263,3.2239
movie:1913,movie,The Sea Inside,2004-09-03,7.561,1041,4.212
movie:2636,movie,The Specialist,1994-10-07,5.955,1486,7.9561
movie:82633,movie,Lawless,2012-08-29,7.07,3400,7.6921
movie:41428,movie,Tetsuo: The Iron Man,1989-07-01,6.971,728,4.9126
movie:369300,movie,The Limehouse Golem,2016-10-18,6.249,750,5.3875
movie:9911,movie,Outlaw,2007-03-09,5.377,166,3.1398
movie:10115,movie,Stick It,2006-04-21,6.796,612,3.4232
movie:42739,movie,The War Zone,1999-06-11,6.787,197,3.7155
movie:11258,movie,Hard Rain,1998-01-16,5.872,823,5.4935
movie:246080,movie,Black Sea,2014-12-05,6.274,1210,6.2158
movie:51999,movie,Perfect Sense,2011-09-29,6.87,1276,4.2937
tv:61733,tv,Empire,2015-01-07,7.133,762,30.5774
movie:657593,movie,Anjaam Pathiraa,2020-01-10,7.621,66,2.4207
movie:13764,movie,Santa Claus: The Movie,1985-10-29,6.336,292,3.7124
movie:12556,movie,Ghosts of Girlfriends Past,2009-05-01,5.965,2476,6.6838
movie:4977,movie,Paprika,2006-10-01,7.814,2958,9.8439
movie:18900,movie,In Cold Blood,1967-12-15,7.526,447,4.0021
movie:209403,movie,Bad Words,2013-09-06,6.408,916,4.3006
movie:12476,movie,The Hidden,1987-10-30,6.89,509,5.3843
movie:20379,movie,Grand Prix,1966-12-21,7.286,234,3.5303
movie:30924,movie,Motel Hell,1980-08-14,5.778,270,3.1069
movie:10571,movie,Boys and Girls,2000-06-16,6.0,429,3.3819
movie:14745,movie,The Haunting of Molly Hartley,2008-10-31,4.497,181,1.787
movie:18573,movie,House of Wax,1953-04-16,6.9,394,3.028
tv:58111,tv,Extant,2014-07-09,6.298,367,13.2177
movie:2212,movie,Nightwatch,1997-01-31,6.1,445,5.5089
movie:20,movie,My Life Without Me,2003-03-07,6.122,512,2.812
movie:10394,movie,Gangster No. 1,2000-06-09,6.374,247,3.8007
movie:441881,movie,Tubelight,2017-06-22,5.262,101,1.7179
movie:13433,movie,Japanese Story,2003-08-30,6.3,80,1.6258
movie:14113,movie,Zoom,2006-08-11,5.272,651,5.2179
movie:5889,movie,Azumi,2003-05-10,6.872,374,2.9096
movie:10278,movie,Return to Paradise,1998-08-10,6.473,317,4.4369
movie:11316,movie,Macbeth,1971-12-20,7.1,302,2.5491
movie:604975,movie,Chase,2019-05-14,4.526,19,2.2827
tv:99807,tv,La Révolution,2020-10-16,6.709,230,5.0816
movie:333357,movie,Stephanie,2017-04-27,6.165,263,2.6611
movie:13701,movie,Immortal Beloved,1994-12-16,7.105,377,3.2394
movie:20857,movie,Hardball,2001-09-14,6.491,575,4.908
movie:9981,movie,Kicking & Screaming,2005-05-13,5.794,703,3.2736
tv:71148,tv,American Woman,2018-06-07,4.815,27,4.3454
tv:81317,tv,Forever,2018-09-14,6.4,73,5.4302
movie:38745,movie,Gulliver's Travels,2010-12-23,5.222,2603,8.602
movie:11209,movie,The Alamo,1960-10-23,7.1,408,3.3209
movie:8272,movie,The Savages,2007-11-28,6.91,449,3.2148
movie:13060,movie,Lifted,2006-12-28,7.458,841,3.9544
movie:279690,movie,He Never Died,2015-12-18,6.215,532,4.0876
movie:50321,movie,Mars Needs Moms,2011-03-09,5.986,805,9.7787
movie:455957,movie,Domino,2019-05-31,4.585,305,3.4279
movie:182560,movie,Dark Places,2015-04-08,5.944,1386,5.9687
movie:8885,movie,Waltz with Bashir,2008-06-12,7.674,1081,3.375
movie:74308,movie,Detachment,2011-04-24,7.624,2065,7.17
tv:100729,tv,She,2020-03-20,6.0,40,4.3825
movie:25934,movie,"To Sir, with Love",1967-06-14,7.45,358,4.9365
movie:408648,movie,Batman and Harley Quinn,2017-07-21,6.178,671,7.4696
movie:123678,movie,The Act of Killing,2012-11-08,7.669,774,3.4864
tv:1466,tv,Joey,2004-09-09,6.281,368,18.6018
movie:284536,movie,The Gambler,2014-12-25,6.046,1604,7.4177
movie:18193,movie,Head,1968-11-06,6.2,106,1.9684
movie:241855,movie,Spring,2014-10-08,6.623,812,3.1366
movie:24634,movie,Ghost Story,1981-12-18,6.04,175,2.8388
movie:40662,movie,Batman: Under the Red Hood,2010-07-27,7.763,1771,9.3958
tv:70613,tv,Black Spot,2017-03-09,6.804,138,4.8392
movie:9729,movie,Where the Truth Lies,2005-10-07,6.142,325,3.8968
tv:4344,tv,Rescue Me,2004-07-21,7.544,192,44.9863
movie:16550,movie,Storytelling,2001-11-21,6.545,213,2.5013
tv:3486,tv,Surface,2005-09-19,7.1,141,9.2093
movie:359412,movie,Marauders,2016-07-01,5.813,723,5.3867
movie:84175,movie,Beasts of the Southern Wild,2012-06-29,6.84,1170,3.5235
movie:16727,movie,The Namesake,2006-09-02,6.814,194,2.8505
movie:11905,movie,The Company of Wolves,1984-09-21,6.288,396,5.2502
movie:10243,movie,The Flight of the Phoenix,1965-12-15,7.231,385,3.9184
tv:75666,tv,McMafia,2018-01-01,7.269,232,5.9766
movie:21142,movie,Billy Jack,1971-05-01,6.006,79,1.979
movie:39053,movie,Cyrus,2010-06-18,5.917,470,2.9181
movie:47957,movie,Madman,1981-10-30,5.0,190,1.4688
movie:766003,movie,"Oceans Apart: Greed, Betrayal and Pacific Island Rugby",2020-11-10,8.0,0,0.7018
movie:9091,movie,Sudden Death,1995-10-27,6.036,837,7.6036
movie:520360,movie,King of Thieves,2018-09-04,5.558,467,5.4224
movie:584288,movie,Sylvie's Love,2020-01-27,6.235,102,2.5149
movie:10385,movie,Hanging Up,2000-02-16,5.254,187,2.9553
movie:117974,movie,Sightseers,2012-11-30,6.298,583,2.6552
movie:87093,movie,Big Eyes,2014-12-24,6.967,3654,3.8665
movie:209274,movie,Ida,2013-10-25,7.211,1087,2.7334
movie:8583,movie,Dangerous Beauty,1998-02-20,6.998,298,4.4898
movie:4477,movie,The Devil's Own,1997-03-13,6.2,1396,5.4945
movie:18502,movie,The Stuff,1985-06-14,6.0,543,4.3558
tv:2985,tv,Andromeda,2000-10-02,7.07,306,34.0095
movie:26237,movie,Anand,1971-03-12,6.956,159,1.5895
movie:6069,movie,The Witches of Eastwick,1987-06-12,6.548,1600,8.325
movie:11418,movie,National Lampoon's European Vacation,1985-07-25,6.164,1033,5.0843
movie:333348,movie,Love the Coopers,2015-11-12,6.0,871,4.7961
movie:14638,movie,The Killers,1946-08-30,7.37,445,3.4128
tv:656,tv,Curious George,2006-09-04,7.2,135,42.5171
movie:11942,movie,Bring Me the Head of Alfredo Garcia,1974-08-01,7.09,432,2.8524
movie:10538,movie,Passenger 57,1992-11-06,6.028,1156,7.1187
movie:540189,movie,Goodachari,2018-08-03,6.894,52,1.3063
movie:10017,movie,The Wraith,1986-10-01,6.377,532,5.8841
movie:41360,movie,Hunter Prey,2010-05-01,5.763,99,2.1881
movie:252838,movie,The Wedding Ringer,2015-01-16,6.458,1724,11.085
movie:33518,movie,Alligator,1980-11-14,6.049,399,4.362
movie:8856,movie,The Karate Kid Part II,1986-06-18,6.351,2543,9.0169
movie:2669,movie,The Bounty,1984-05-04,6.761,664,5.8442
movie:253306,movie,Housebound,2014-09-04,6.57,931,2.7016
movie:12535,movie,High Anxiety,1977-12-25,6.44,415,4.2594
movie:82505,movie,House at the End of the Street,2012-09-21,5.793,1931,5.7371
movie:28377,movie,Hell Night,1981-08-28,5.5,201,2.0883
movie:26719,movie,House of Games,1987-10-11,6.833,362,2.4118
movie:7305,movie,Alive,1993-01-15,6.885,1619,7.1925
movie:45772,movie,Gnomeo & Juliet,2011-01-13,5.903,2104,8.6157
movie:79694,movie,The Apparition,2012-08-23,4.466,469,4.1234
movie:314385,movie,By the Sea,2015-11-12,5.513,638,4.752
movie:10607,movie,Don't Be a Menace to South Central While Drinking Your Juice in the Hood,1996-01-12,7.054,1556,9.5314
movie:339419,movie,Loving,2016-11-04,6.7,981,4.2025
movie:24341,movie,Dolls,1987-03-12,6.355,379,3.176
movie:15515,movie,The 7th Voyage of Sinbad,1958-12-05,6.9,328,4.7924
movie:13767,movie,The Santa Clause 3: The Escape Clause,2006-11-02,5.569,1190,5.0183
movie:7442,movie,Sleeping with the Enemy,1991-01-13,6.514,1264,9.2677
movie:12662,movie,Psycho III,1986-04-02,5.7,445,3.4966
movie:4911,movie,Dark Blue,2002-12-14,6.242,392,4.412
movie:9414,movie,The Man Who Knew Too Little,1997-11-14,6.349,594,5.5329
movie:366080,movie,Kabali,2016-07-22,5.989,94,1.4237
movie:4107,movie,Bloody Sunday,2002-01-25,7.237,367,3.3651
movie:14886,movie,The Last Detail,1973-12-11,7.029,432,3.8796
movie:9960,movie,Lord of the Flies,1963-08-13,6.68,591,3.7891
movie:9021,movie,The Santa Clause 2,2002-09-29,5.995,1462,5.6596
movie:17352,movie,South Pacific,1958-03-19,6.133,120,2.566
movie:848,movie,Dragonslayer,1981-06-26,6.6,332,3.9698
movie:12484,movie,The Forsaken,2001-04-27,5.3,178,2.4173
tv:5256,tv,The Mists of Avalon,2001-07-14,6.722,151,3.7178
movie:232,movie,Rumble Fish,1983-10-09,6.969,779,5.6936
movie:10644,movie,The Unbearable Lightness of Being,1988-02-05,6.834,534,4.886
movie:768520,movie,A California Christmas,2020-12-14,6.412,377,2.2196
tv:13269,tv,Jane Eyre,1983-10-09,7.1,34,6.8187
movie:10163,movie,The Lawnmower Man,1992-03-05,5.647,868,5.6362
movie:151960,movie,Planes,2013-08-09,5.937,1867,8.4997
movie:13132,movie,All the Real Girls,2003-02-14,6.0,113,1.7588
movie:12150,movie,Sea of Love,1989-09-15,6.6,706,7.1453
movie:12193,movie,Four Christmases,2008-11-26,5.815,1277,4.7454
tv:101046,tv,Making the Cut,2020-03-27,5.85,20,3.7075
movie:14194,movie,Dhoom 2,2006-11-24,6.61,300,2.8515
movie:27429,movie,Shivers,1975-05-16,6.352,732,4.0889
movie:47333,movie,Jane Eyre,1996-01-20,6.926,250,4.5028
tv:83870,tv,The Plot Against America,2020-03-16,6.634,212,4.9589
movie:80321,movie,Madagascar 3: Europe's Most Wanted,2012-06-06,6.646,6695,15.6507
movie:296360,movie,Love & Friendship,2016-05-26,6.038,601,3.1574
tv:72739,tv,Inside Edge,2017-07-09,6.361,36,4.873
tv:82578,tv,No Good Nick,2019-04-15,6.8,78,7.7016
movie:35280,movie,The Other,1972-05-24,6.5,162,2.2167
movie:16266,movie,2012 Doomsday,2008-02-12,3.242,130,2.2908
movie:87496,movie,The Company You Keep,2012-12-20,6.165,801,5.6318
movie:40168,movie,Scarecrows,1988-09-28,5.211,140,1.5903
movie:184125,movie,Assault on Wall Street,2013-06-30,5.899,512,6.8355
movie:681019,movie,Nobody Sleeps in the Woods Tonight,2020-03-20,5.223,741,3.2869
tv:86136,tv,The Code,2019-04-09,6.4,41,4.5728
movie:9687,movie,Keeping Mum,2005-12-02,6.681,635,5.0864
movie:492452,movie,Ben Is Back,2018-12-05,6.595,971,3.7731
movie:410554,movie,First Kill,2017-07-21,5.647,595,5.8631
tv:42368,tv,Lilyhammer,2012-01-25,7.274,294,10.3442
movie:374052,movie,The Love Witch,2016-11-11,6.437,646,3.5325
tv:46028,tv,Girl Meets World,2014-06-27,8.3,721,103.5169
movie:30159,movie,I Confess,1953-02-12,7.074,496,4.5742
movie:34583,movie,The Final,2010-01-28,6.0,310,2.5112
movie:13963,movie,The Last Waltz,1978-04-26,7.656,320,3.0198
movie:26596,movie,Johnny Guitar,1954-05-26,7.402,486,2.5777
movie:32235,movie,Northfork,2003-07-11,5.988,85,2.3147
movie:417261,movie,Forever My Girl,2018-01-26,7.631,1413,6.5107
movie:22172,movie,Street Trash,1987-02-22,6.119,339,2.3907
movie:33061,movie,Troll,1986-01-17,5.1,273,3.3876
movie:7520,movie,Cocktail,1988-07-29,6.103,1660,6.7632
movie:8270,movie,The Lookout,2007-03-09,6.649,727,4.5553
movie:17474,movie,The Man in the Moon,1991-09-30,7.424,381,4.2451
tv:68595,tv,Planet Earth II,2016-11-06,8.638,960,8.019
movie:13059,movie,The Signal,2007-07-13,5.932,346,2.2419
movie:24274,movie,Dead & Buried,1981-05-29,6.371,338,2.7194
movie:80271,movie,LOL,2012-02-10,6.1,2753,3.1788
movie:580175,movie,Another Round,2020-09-24,7.628,3879,8.7597
movie:387592,movie,Early Man,2018-01-26,6.136,892,6.9355
movie:516671,movie,Miss Granny,2018-08-22,6.9,8,1.9814
movie:452,movie,The Idiots,1998-05-20,6.5,667,5.1225
movie:2042,movie,Savior,1998-06-01,7.124,190,3.1937
movie:24071,movie,Mumford,1999-09-24,6.522,112,1.9382
tv:83015,tv,World on Fire,2019-09-29,7.5,81,5.504
movie:447856,movie,Pad Man,2018-02-09,7.47,248,2.2238
tv:83097,tv,The Promised Neverland,2019-01-11,8.26,1307,14.0425
movie:13090,movie,Sunshine Cleaning,2008-01-18,6.594,861,3.0484
movie:13553,movie,The Driller Killer,1979-06-15,5.158,202,1.8715
movie:9462,movie,The Way of the Dragon,1972-12-30,7.386,1323,8.9815
movie:2428,movie,The Greatest Story Ever Told,1965-04-09,6.389,221,4.0574
movie:475220,movie,In Fabric,2018-12-06,5.62,384,2.577
movie:988,movie,The China Syndrome,1979-03-16,7.12,533,4.2492
movie:38953,movie,Ryan's Daughter,1970-03-19,7.08,182,2.5453
movie:24750,movie,Time After Time,1979-09-28,6.789,398,4.309
movie:26149,movie,Music of the Heart,1999-10-29,6.704,230,2.6158
movie:418437,movie,Unforgettable,2017-03-06,5.912,701,3.1486
movie:25035,movie,The Zombie Diaries,2006-10-29,4.3,83,1.7191
movie:11839,movie,The Court Jester,1955-12-24,7.255,220,2.8523
movie:448095,movie,I Still See You,2018-09-27,6.441,673,4.6659
movie:11816,movie,On Golden Pond,1981-12-04,7.269,522,4.1865
movie:36089,movie,The Giant Claw,1957-06-01,4.811,95,1.7683
movie:11299,movie,Cowboy Bebop: The Movie,2001-09-01,7.7,1073,5.4966
tv:58777,tv,Destination Fear,2019-10-26,8.5,23,5.6635
movie:13154,movie,Showdown in Little Tokyo,1991-08-23,6.452,558,7.168
tv:75214,tv,Violet Evergarden,2018-01-11,8.51,995,17.5562
movie:73937,movie,The Big Year,2011-10-13,5.995,907,3.6735
movie:23706,movie,All About Steve,2009-08-06,4.976,1074,4.5826
movie:27179,movie,It! The Terror from Beyond Space,1958-07-31,5.861,119,2.1594
tv:89865,tv,Hostages,2019-05-30,6.4,15,3.7141
tv:67439,tv,Aftermath,2016-09-27,5.874,111,5.1149
movie:621003,movie,Laal Kaptaan,2019-10-18,7.204,27,1.3863
movie:585062,movie,Luka Chuppi,2019-03-01,6.0,101,1.2561
movie:573632,movie,The Last Boy,2019-01-08,4.915,94,2.981
movie:13697,movie,Grand Canyon,1991-12-25,6.4,216,2.8916
tv:63398,tv,Life in Pieces,2015-09-21,7.144,146,17.9777
movie:12911,movie,Druids,2001-01-24,3.156,64,1.9558
movie:10466,movie,The Money Pit,1986-03-26,6.512,1269,5.8725
movie:10872,movie,The Ref,1994-03-09,6.555,384,2.6337
movie:16559,movie,The Picture of Dorian Gray,1945-03-03,7.141,308,3.9676
movie:416160,movie,The Vault,2017-09-01,4.887,428,4.4042
movie:12576,movie,Deathwatch,2002-10-06,5.722,230,3.1989
movie:18215,movie,Boxing Helena,1993-03-22,5.015,259,3.1932
movie:12589,movie,Jimmy Neutron: Boy Genius,2001-12-14,6.11,1031,9.1183
movie:339984,movie,Miracles from Heaven,2016-03-17,7.445,1290,7.3435
movie:9953,movie,A Love Song for Bobby Long,2004-09-02,6.795,438,3.8087
movie:9469,movie,He Got Game,1998-05-01,6.751,817,4.8109
movie:20539,movie,The Crucible,1996-11-27,6.568,572,3.3481
tv:78101,tv,Camping,2018-10-14,5.154,39,4.5421
movie:10646,movie,Tomcats,2001-03-30,5.11,291,3.6485
tv:87030,tv,ImMATURE,2019-02-20,7.15,20,2.4318
movie:59968,movie,Our Idiot Brother,2011-08-26,6.124,1057,3.1822
movie:2309,movie,Inkheart,2008-12-11,6.3,2313,7.604
movie:4520,movie,Sleuth,2007-10-12,6.268,598,4.0571
movie:18196,movie,The Sentinel,1977-01-07,6.102,236,3.2048
movie:1989,movie,My Blueberry Nights,2007-11-28,6.404,866,3.506
tv:67915,tv,Guardian: The Lonely and Great God,2016-12-02,8.6,3120,22.4276
movie:661467,movie,Stadium Anthems,2018-11-30,4.25,4,1.5221
tv:60554,tv,Star Wars Rebels,2014-10-13,7.725,1027,27.3474
movie:9516,movie,Menace II Society,1993-05-26,7.518,936,6.3377
tv:88640,tv,Looking for Alaska,2019-10-19,7.852,628,5.8835
movie:146227,movie,Getaway,2013-08-29,5.013,678,3.2355
movie:275601,movie,Ricki and the Flash,2015-07-10,5.778,746,5.3089
movie:170687,movie,The Boxtrolls,2014-09-10,6.724,1847,10.6896
movie:490004,movie,Arizona,2018-08-24,5.452,227,1.7963
movie:16121,movie,The Big Red One,1980-05-28,6.699,349,2.9274
movie:15789,movie,A Goofy Movie,1995-04-05,7.0,1957,9.6398
movie:2322,movie,Sneakers,1992-09-09,6.908,1087,8.533
movie:8208,movie,The Man Who Knew Too Much,1934-12-09,6.499,465,3.3135
movie:38031,movie,You Will Meet a Tall Dark Stranger,2010-09-22,5.921,923,3.7198
movie:51739,movie,The Secret World of Arrietty,2010-07-16,7.677,3250,11.0343
movie:297462,movie,Old Fashioned,2014-10-18,6.4,42,1.6971
movie:376134,movie,The Discovery,2017-03-31,6.257,1453,5.2394
movie:44231,movie,The Lunch Date,1989-12-03,6.977,43,0.7858
movie:3084,movie,Wuthering Heights,1939-04-07,7.2,335,4.5387
movie:2009,movie,"4 Months, 3 Weeks and 2 Days",2007-08-24,7.542,841,4.0507
movie:9290,movie,Crocodile Dundee in Los Angeles,2001-04-12,5.193,683,5.0313
movie:32499,movie,The Bad and the Beautiful,1952-12-25,7.274,307,3.9329
movie:225565,movie,That Awkward Moment,2014-01-29,6.141,2755,5.6788
movie:2360,movie,Saving Grace,2000-01-24,6.534,454,2.9411
tv:17937,tv,Ghost Adventures,2008-10-17,7.612,215,28.4417
tv:67861,tv,"Midnight, Texas",2017-07-24,7.386,299,11.6996
movie:8453,movie,Fanaa,2006-05-26,6.739,241,2.0726
movie:9359,movie,Maverick,1994-05-20,6.901,1827,6.2037
movie:389053,movie,The Do-Over,2016-05-27,5.709,1633,4.2572
movie:332210,movie,Storks,2016-09-22,6.685,2568,8.9083
movie:291272,movie,We Are Still Here,2015-06-05,5.607,530,2.0798
tv:1871,tv,EastEnders,1985-02-19,4.2,229,50.4531
movie:30874,movie,The New York Ripper,1982-03-04,6.265,332,2.816
movie:13159,movie,Georgia Rule,2007-05-10,5.958,489,3.512
movie:475132,movie,A Private War,2018-11-16,6.771,567,3.3677
tv:81947,tv,The InBetween,2019-05-29,7.053,95,3.8333
movie:146239,movie,Delivery Man,2013-10-10,6.253,1614,5.8131
movie:28571,movie,The Heiress,1949-10-06,7.8,286,2.6117
tv:3475,tv,The L Word,2004-01-18,7.663,869,22.1987
movie:417678,movie,"Everything, Everything",2017-05-18,7.239,3766,6.4838
movie:16643,movie,Life or Something Like It,2002-04-24,5.71,644,4.7564
movie:185515,movie,John & Jane,2005-09-14,6.375,8,0.6121
tv:2947,tv,Veep,2012-04-22,7.5,541,28.6414
movie:498598,movie,Sonu Ke Titu Ki Sweety,2018-02-23,6.586,133,1.3286
movie:77949,movie,The Awakening,2011-08-17,6.4,1538,4.5049
movie:82525,movie,Savages,2012-07-06,6.352,2329,6.9479
movie:58496,movie,Senna,2010-10-07,8.108,1224,4.2864
tv:83127,tv,The Politician,2019-09-27,7.0,233,8.8667
movie:3088,movie,My Darling Clementine,1946-10-17,7.475,497,4.1228
movie:11498,movie,Dead Again,1991-08-23,6.4,434,3.8588
movie:332835,movie,Piku,2015-05-08,7.153,226,1.8119
movie:16958,movie,The Asphalt Jungle,1950-05-12,7.497,548,4.2614
tv:67960,tv,Paranoid,2016-09-22,6.311,95,3.8873
movie:29559,movie,Murder-Set-Pieces,2004-12-04,3.9,99,2.0441
movie:245916,movie,Kill the Messenger,2014-10-09,6.621,938,4.9226
movie:17657,movie,Ice Station Zebra,1968-04-04,6.38,196,3.1561
tv:67855,tv,Zumbo's Just Desserts,2016-08-22,6.1,20,3.9742
movie:254194,movie,Starry Eyes,2014-07-29,6.055,525,2.4932
tv:95442,tv,Deadwater Fell,2020-01-10,6.071,85,2.8989
tv:97645,tv,Solar Opposites,2020-05-08,7.791,660,32.1058
tv:99626,tv,The Trials of Gabriel Fernandez,2020-02-26,7.412,437,2.5344
movie:63315,movie,The Hottie & The Nottie,2008-02-08,2.809,225,2.4614
movie:11773,movie,Village of the Damned,1960-06-16,7.184,514,3.338
movie:14620,movie,The Butterfly Effect 2,2006-08-17,4.971,1028,5.7703
tv:4515,tv,Lois & Clark: The New Adventures of Superman,1993-09-12,6.914,511,29.8803
movie:9059,movie,Tales from the Crypt: Demon Knight,1995-01-13,6.849,579,5.1484
movie:24066,movie,"Happy, Texas",1999-12-03,5.678,129,1.4639
movie:8327,movie,The Holy Mountain,1973-11-29,7.5,1050,4.4186
movie:145220,movie,Muppets Most Wanted,2014-03-20,6.325,909,5.9912
movie:13763,movie,Purple Rain,1984-07-27,6.698,429,3.3489
movie:156700,movie,The Kings of Summer,2013-01-19,6.958,1259,4.3871
tv:31319,tv,The Prisoner,2009-11-15,5.55,101,5.8501
movie:18841,movie,The Lost Skeleton of Cadavra,2001-09-12,6.283,89,0.9303
movie:2959,movie,License to Wed,2007-07-04,5.694,941,3.7987
tv:61828,tv,Detectorists,2014-10-02,8.144,187,6.7352
movie:6644,movie,El Dorado,1966-12-17,7.365,600,5.3041
movie:15487,movie,The Greatest Game Ever Played,2005-09-30,7.306,554,4.0228
movie:10649,movie,The Enforcer,1976-12-16,6.72,1015,5.7296
movie:21309,movie,River's Edge,1986-10-10,6.5,326,4.7544
movie:9610,movie,Conan the Destroyer,1984-06-29,6.139,1711,8.1477
movie:13665,movie,Arthur,1981-07-17,6.5,482,3.2652
movie:18158,movie,Earth vs. the Flying Saucers,1956-06-13,6.1,188,2.9068
movie:252171,movie,A Girl Walks Home Alone at Night,2014-11-21,6.812,972,3.8798
tv:60556,tv,Bitten,2014-01-11,7.235,277,9.0703
movie:64586,movie,Sleeping Beauty,2011-06-10,5.381,695,5.5406
movie:52036,movie,The Company,2003-12-25,5.2,122,3.2983
movie:541305,movie,Kajillionaire,2020-09-25,6.272,558,3.5925
movie:3598,movie,Lost Horizon,1937-03-03,6.948,251,2.6393
movie:23488,movie,Dorian Gray,2009-09-09,6.046,2265,6.0997
movie:35724,movie,The Genius Club,2006-10-27,5.267,15,0.9464
movie:500475,movie,SuperFly,2018-06-13,6.702,408,4.3086
movie:84194,movie,Excision,2012-09-12,6.237,618,3.684
movie:447362,movie,Life in a Year,2020-11-27,8.222,2000,5.8646
movie:12763,movie,Take the Lead,2006-03-17,6.858,759,4.1268
movie:15198,movie,"Mystery, Alaska",1999-10-01,6.297,288,3.493
movie:21173,movie,Death of a President,2006-10-27,5.6,82,1.6204
movie:58224,movie,Mr. Popper's Penguins,2011-06-17,5.975,3226,7.9679
movie:13333,movie,Game of Death,1978-03-23,6.377,751,8.3379
movie:198,movie,To Be or Not to Be,1942-03-06,7.812,858,3.183
movie:47763,movie,The Shrine,2010-10-14,5.508,250,2.1292
movie:3482,movie,The Train,1964-09-24,7.6,390,2.7561
movie:10845,movie,2001 Maniacs,2005-05-12,5.434,301,3.5064
movie:8944,movie,What Just Happened,2008-10-17,5.433,489,3.8296
tv:21762,tv,Parenthood,2010-03-02,7.5,185,31.3222
movie:616584,movie,K-12,2019-09-05,7.751,293,1.7883
movie:1412,movie,"sex, lies, and videotape",1989-08-04,6.959,1072,8.1209
movie:430,movie,"One, Two, Three",1961-12-15,7.498,433,3.9139
movie:43802,movie,The Little Foxes,1941-08-29,7.508,199,2.5361
movie:8839,movie,Casper,1995-05-26,6.3,5019,9.8362
movie:779,movie,Vampyr,1932-05-06,7.263,605,1.9086
movie:42661,movie,The Vikings,1958-06-11,7.0,381,4.9171
movie:10045,movie,District B13,2004-11-09,6.816,2045,7.2463
movie:256924,movie,Danny Collins,2015-03-19,6.734,592,5.28
movie:295595,movie,Soaked in Bleach,2015-06-09,7.0,187,1.7908
tv:86129,tv,Bless This Mess,2019-04-16,6.063,48,8.1872
movie:300467,movie,Dark Was the Night,2014-10-17,5.592,287,3.41
movie:3077,movie,Son of Frankenstein,1939-01-13,6.717,283,3.1087
movie:24807,movie,Mr. Deeds Goes to Town,1936-04-09,7.5,414,3.3943
movie:328595,movie,Parallels,2015-03-01,6.034,402,2.3946
movie:4588,movie,"Lust, Caution",2007-09-24,7.283,837,13.1921
movie:449756,movie,The Postcard Killings,2020-03-13,6.331,658,7.0852
movie:502422,movie,Thunder Road,2018-09-12,6.8,462,2.4251
movie:9528,movie,Ladies in Lavender,2004-11-12,6.432,146,3.0341
tv:141,tv,Cheers,1982-09-30,7.575,704,64.4316
movie:314405,movie,Tale of Tales,2015-05-14,6.426,1756,6.7414
movie:5854,movie,Family Plot,1976-04-09,6.764,519,3.3077
movie:4942,movie,Leatherheads,2008-03-24,5.877,510,3.6824
movie:11352,movie,Always,1989-12-22,6.223,685,3.9267
movie:13668,movie,Catch and Release,2006-10-20,5.929,615,3.7734
movie:18671,movie,Gun Crazy,1950-01-20,7.429,315,2.8264
movie:17134,movie,12 Rounds,2009-03-19,5.898,861,5.294
movie:1420,movie,Breakfast on Pluto,2005-11-16,7.192,451,3.5819
movie:27191,movie,The Greatest Show on Earth,1952-02-16,6.364,287,3.5344
movie:20391,movie,Paint Your Wagon,1969-10-15,6.308,286,3.2354
movie:32646,movie,Safe,1995-06-23,6.9,359,2.6414
movie:11619,movie,Flushed Away,2006-10-22,6.341,4176,14.6083
movie:10497,movie,Bitter Moon,1992-09-02,7.097,870,6.1107
movie:465136,movie,Every Day,2018-02-22,7.2,2310,5.0561
movie:397,movie,French Kiss,1995-05-05,6.488,818,4.5868
movie:339994,movie,The Good Neighbor,2016-09-16,6.182,489,4.2545
movie:22597,movie,The Broken Hearts Club: A Romantic Comedy,2000-02-01,6.298,99,2.1772
tv:78414,tv,Sonic Mania Adventures,2018-03-30,7.8,23,1.4515
movie:28519,movie,The Winslow Boy,1999-03-18,6.8,80,1.8468
movie:1441,movie,The Contract,2006-04-05,5.818,586,4.5002
movie:9942,movie,Major League,1989-02-16,6.903,905,5.9208
movie:17532,movie,S. Darko,2009-04-28,4.322,500,2.8638
movie:662546,movie,Godmothered,2020-12-04,6.693,644,4.5082
movie:513434,movie,One Cut of the Dead,2017-11-04,7.6,1022,3.3041
tv:4602,tv,That's So Raven,2003-01-17,7.226,286,22.7205
tv:104999,tv,Floor Is Lava,2020-06-19,6.559,68,3.4281
movie:1978,movie,Stage Fright,1950-02-23,6.817,377,2.83
movie:11495,movie,Firestarter,1984-05-11,6.25,787,4.0422
tv:62046,tv,Scream Queens,2015-09-22,7.8,1820,13.5827
movie:3076,movie,Frankenstein Meets the Wolf Man,1943-03-12,6.191,228,2.3504
movie:12890,movie,Smart People,2008-04-11,5.844,292,2.5103
movie:646173,movie,Yeh Saali Aashiqui,2019-11-29,8.5,13,1.0715
tv:8040,tv,Departures,2008-02-18,8.1,20,5.3843
movie:193687,movie,Z for Zachariah,2015-08-13,5.697,1022,4.705
movie:268238,movie,The Second Best Exotic Marigold Hotel,2015-02-26,6.4,784,3.5712
tv:89446,tv,Stateless,2020-03-01,6.625,132,4.8172
movie:37472,movie,Ip Man 2,2010-04-29,7.461,2547,1.1789
movie:10482,movie,Guest House Paradiso,1999-12-03,6.127,153,3.8853
movie:11356,movie,The Odd Couple,1968-05-16,7.417,663,3.5839
movie:254375,movie,Hector and the Search for Happiness,2014-08-14,6.677,977,4.4414
tv:66859,tv,Better Things,2016-09-08,7.214,203,16.1353
movie:2122,movie,The Whole Ten Yards,2004-04-07,5.741,1054,3.9439
movie:2750,movie,24 Hour Party People,2002-02-13,7.0,530,3.2399
movie:48197,movie,The Town That Dreaded Sundown,1976-12-24,5.8,228,2.0561
tv:87763,tv,Toy Boy,2019-09-08,7.56,563,4.633
movie:19971,movie,The Little Girl Who Lives Down the Lane,1976-12-25,7.022,365,3.4863
movie:402976,movie,Range 15,2016-06-15,4.656,64,1.3356
movie:11592,movie,Serial Mom,1994-04-13,6.733,781,4.9413
movie:26338,movie,Romance,1999-04-14,5.463,312,3.7429
movie:20637,movie,Panic,2000-12-01,6.206,125,3.6463
movie:11040,movie,Little Big Man,1970-12-23,7.435,736,3.5596
movie:537056,movie,Batman: Hush,2019-07-19,7.151,978,4.171
movie:33783,movie,It's Pat: The Movie,1994-08-26,3.088,80,2.6314
movie:607822,movie,Vault,2019-07-25,5.643,84,3.1268
movie:30806,movie,Out for a Kill,2003-08-14,4.066,159,3.3865
movie:4597,movie,Armored,2009-12-04,5.763,720,4.1758
movie:17030,movie,The Petrified Forest,1936-02-08,7.113,222,2.5193
movie:20115,movie,Opera,1987-12-19,6.747,543,3.3518
movie:340022,movie,Gringo,2018-03-08,5.88,814,5.7586
tv:82469,tv,Pine Gap,2018-10-14,6.679,95,5.2372
movie:10083,movie,No Way Out,1987-08-14,6.852,835,5.6293
movie:456529,movie,Jacob's Ladder,2019-08-23,4.427,89,3.4245
movie:10563,movie,Three to Tango,1999-10-22,5.672,287,2.1067
tv:78418,tv,ReBoot: The Guardian Code,2018-06-04,6.0,33,2.5985
movie:11598,movie,The Kentucky Fried Movie,1977-08-10,6.201,369,3.313
movie:33680,movie,Grand Hotel,1932-09-11,6.967,362,3.414
tv:70968,tv,Downward Dog,2017-05-17,6.375,20,2.9428
movie:2830,movie,My Boss's Daughter,2003-08-21,5.057,740,4.1251
movie:17771,movie,Sunshine,1999-09-13,6.445,155,2.8061
movie:26857,movie,The Tingler,1959-07-29,6.356,202,2.417
movie:24432,movie,Doogal,2006-02-24,4.862,116,2.1364
movie:626393,movie,The Sleepover,2020-08-21,6.383,453,3.381
movie:300168,movie,Dragon Blade,2015-02-19,6.407,650,5.8018
movie:4254,movie,Kal Ho Naa Ho,2003-11-27,7.5,454,2.608
movie:14030,movie,"Hello, Dolly!",1969-12-12,6.983,403,4.3285
tv:93705,tv,The Pale Horse,2020-02-09,5.8,122,5.3061
tv:82653,tv,Bless the Harts,2019-09-29,6.471,51,8.3518
movie:471014,movie,Wheelman,2017-10-20,6.133,694,3.4299
movie:1267,movie,Meet the Robinsons,2007-03-23,6.942,3213,11.4166
movie:9326,movie,Romancing the Stone,1984-03-30,6.773,2101,8.2399
movie:39940,movie,Picnic,1955-11-18,6.362,112,2.7262
movie:22798,movie,Whip It,2009-04-09,6.688,1146,3.8137
movie:86828,movie,Absolutely Anything,2015-02-13,5.914,1671,6.8332
movie:38073,movie,Going the Distance,2010-08-27,6.1,790,5.1458
movie:14577,movie,Dirty Work,1998-06-12,6.214,311,3.6037
movie:9465,movie,Cookie's Fortune,1999-03-24,6.364,198,2.1494
tv:17174,tv,Ghosts,2019-04-15,7.915,258,15.9006
movie:95516,movie,Cleanskin,2012-03-08,5.627,363,3.8054
movie:294308,movie,Don't Blink,2014-09-18,4.855,203,1.8958
tv:49920,tv,The Vow,2020-08-23,7.039,115,5.4065
movie:9548,movie,The Adventures of Ford Fairlane,1990-07-11,6.1,239,3.7967
movie:446695,movie,An Evening with Beverly Luff Linn,2018-05-25,5.512,126,1.958
movie:417830,movie,Diary of a Wimpy Kid: The Long Haul,2017-05-19,5.33,546,5.2377
movie:14736,movie,Love & Basketball,2000-04-21,7.353,475,2.5715
movie:10443,movie,Fearless,1993-10-15,6.878,353,3.6795
movie:130150,movie,Labor Day,2013-12-27,7.065,1373,8.3154
movie:458344,movie,"Juliet, Naked",2018-08-16,6.293,546,3.8517
tv:2003,tv,Sports Night,1998-09-22,7.209,67,8.5902
movie:10154,movie,Mickey Blue Eyes,1999-08-16,5.689,610,3.8428
movie:7857,movie,Amarcord,1973-12-18,7.873,1236,3.6635
movie:263109,movie,Shaun the Sheep Movie,2015-02-05,6.987,1548,11.2027
movie:239573,movie,Unfinished Business,2015-03-05,5.441,887,6.3221
movie:435097,movie,The Basement,2018-09-14,4.144,66,2.3393
movie:352988,movie,Dark Moon Rising,2015-08-04,3.1,39,1.1578
tv:88713,tv,We Are Who We Are,2020-09-14,7.699,391,5.9279
movie:743382,movie,Serious Men,2020-10-02,6.651,43,1.4069
movie:32303,movie,Mitchell,1975-09-10,3.255,47,1.3283
movie:26475,movie,The Anniversary Party,2001-06-09,5.647,87,2.3174
movie:399248,movie,Beirut,2018-04-11,6.295,624,4.3076
movie:318917,movie,Look Who's Back,2015-10-08,6.798,1952,4.7769
movie:8970,movie,The Out-of-Towners,1999-04-02,5.8,263,2.8701
movie:16300,movie,Down to Earth,2001-02-16,5.557,438,4.9526
movie:43818,movie,Pride and Prejudice,1940-07-26,6.904,157,4.494
movie:55846,movie,Blitz,2011-05-20,6.17,1866,7.6497
movie:13191,movie,"War, Inc.",2008-04-28,5.527,301,4.986
movie:360784,movie,Hidden,2015-09-15,7.0,1233,6.5341
movie:70074,movie,Bullet to the Head,2012-11-14,5.61,1409,6.0317
movie:517517,movie,Lancaster Skies,2019-02-27,5.603,58,1.3816
movie:492408,movie,Malevolence,2004-06-18,3.8,6,0.9105
movie:98357,movie,Broken City,2013-01-18,5.953,1605,5.8733
movie:12707,movie,Orca,1977-07-22,6.176,480,4.0516
movie:27331,movie,Charley Varrick,1973-09-19,7.368,295,2.9551
movie:674607,movie,The Decline,2020-02-27,6.119,454,2.5641
movie:15584,movie,Dear Zachary: A Letter to a Son About His Father,2008-10-31,8.055,597,3.0927
movie:1628,movie,Jules and Jim,1962-01-23,7.5,1066,3.3719
movie:159518,movie,The Crush,2010-04-20,5.905,42,1.0423
tv:65856,tv,Girlboss,2017-04-21,6.534,174,7.6088
movie:15977,movie,Dev.D,2009-02-06,7.036,154,1.0729
movie:43109,movie,The Killer Shrews,1959-06-25,4.484,96,1.5635
movie:82390,movie,The Paperboy,2012-09-14,5.54,819,4.8742
movie:239566,movie,Get On Up,2014-08-01,6.769,583,4.6918
movie:368006,movie,24,2016-05-05,7.17,138,2.0542
movie:274862,movie,The Lego Ninjago Movie,2017-09-21,6.498,1204,15.0418
tv:85046,tv,Shrill,2019-03-15,6.349,63,3.9278
movie:19101,movie,A Little Princess,1995-05-10,7.632,1066,5.1894
movie:428399,movie,Cold Skin,2017-10-20,6.3,726,3.7114
movie:199534,movie,Wolf Creek 2,2013-08-30,6.4,733,4.9972
movie:97519,movie,Lost Horizon,1973-03-14,5.4,41,2.0803
movie:10805,movie,Staying Alive,1983-07-11,5.805,514,4.8269
movie:18079,movie,Nine Queens,2000-08-31,7.786,845,3.6769
movie:31516,movie,On the Town,1949-12-08,7.0,299,2.7986
movie:24453,movie,The Razor's Edge,1984-10-19,6.433,89,2.4207
movie:597156,movie,The Boys in the Band,2020-09-30,6.762,461,3.0567
movie:17809,movie,Fist of Legend,1994-12-22,7.461,630,5.7949
movie:489927,movie,The Kindergarten Teacher,2018-09-23,6.532,401,3.9218
tv:578,tv,Numb3rs,2005-01-23,7.022,449,47.2388
movie:11025,movie,New York Minute,2004-05-07,6.133,948,3.9031
movie:35569,movie,Carman: The Champion,2001-03-02,4.929,7,0.9619
movie:12780,movie,Iron Monkey,1993-09-03,7.418,338,3.8138
movie:404378,movie,A Street Cat Named Bob,2016-11-04,7.9,1582,7.0536
movie:13499,movie,"Yours, Mine & Ours",2005-11-23,6.191,920,4.9059
tv:1469,tv,Birds of Prey,2002-10-09,6.193,96,7.5041
movie:77805,movie,Lovelace,2013-08-08,6.018,791,6.3704
movie:1687,movie,Escape from the Planet of the Apes,1971-05-20,6.391,1270,6.5512
movie:557646,movie,Above Majestic,2018-10-30,7.35,120,2.5796
movie:14123,movie,Bratz,2007-08-03,5.733,479,2.9174
tv:5487,tv,"I, Claudius",1976-09-20,7.8,140,6.9502
movie:6639,movie,Love in the Time of Cholera,2007-10-04,6.651,420,4.9216
movie:5289,movie,Chaos,2005-01-17,6.316,1176,6.9114
tv:89456,tv,Primal,2019-10-08,8.656,1607,15.6296
movie:2274,movie,The Seeker: The Dark Is Rising,2007-10-05,5.42,455,4.1141
movie:2099,movie,Raw Deal,1986-06-06,5.85,935,6.4646
tv:64158,tv,River,2015-10-13,7.4,224,6.2908
movie:50671,movie,The Resident,2011-02-10,5.763,691,4.1599
movie:7863,movie,Shine,1996-08-15,7.369,722,3.2912
movie:492565,movie,The Kid,2019-03-08,5.988,334,4.7214
tv:97084,tv,DAVE,2020-03-04,7.307,192,14.8746
movie:15613,movie,Fire in the Sky,1993-03-12,6.7,730,5.1272
movie:339533,movie,San Andreas Quake,2015-05-19,4.285,195,1.6304
movie:24395,movie,The Hill,1965-06-11,7.531,261,3.0741
movie:1988,movie,A Mighty Heart,2007-06-22,6.388,358,3.1023
movie:18602,movie,Morvern Callar,2002-11-01,6.689,195,2.2645
movie:616904,movie,Enter the Anime,2019-08-05,5.191,81,0.9373
movie:275269,movie,Wazir,2016-01-07,6.75,142,1.2184
tv:83244,tv,Butterfly,2018-10-14,6.075,20,3.6026
movie:29437,movie,Rabid,1977-04-08,6.313,574,6.6814
movie:237,movie,Young Adam,2003-09-26,5.9,198,5.0822
tv:82782,tv,The Righteous Gemstones,2019-08-18,7.487,310,24.9612
movie:9588,movie,Quigley Down Under,1990-10-17,6.7,439,3.9852
movie:411999,movie,OtherLife,2017-06-16,6.415,486,3.6798
movie:71672,movie,Wrong Turn 4: Bloody Beginnings,2011-10-17,5.752,1256,10.011
movie:118957,movie,Bait,2012-09-05,5.652,824,5.1485
movie:192558,movie,Aashiqui 2,2013-04-26,6.845,200,2.557
movie:10019,movie,Mannequin,1987-02-13,6.9,844,5.367
movie:480572,movie,Bullet Head,2017-12-07,4.986,555,4.3935
movie:30943,movie,The Deep End of the Ocean,1999-03-12,6.552,547,5.2311
movie:8284,movie,The Limits of Control,2009-05-01,6.048,324,4.0257
movie:8438,movie,Murder in the First,1995-01-20,7.139,627,5.6686
movie:191726,movie,Ugly,2013-05-17,7.1,137,1.1068
movie:504184,movie,Chekka Chivantha Vaanam,2018-09-27,6.464,55,1.2183
movie:16857,movie,The Dangerous Lives of Altar Boys,2002-06-14,6.668,185,2.3873
tv:88728,tv,I Think You Should Leave with Tim Robinson,2019-04-23,7.009,174,7.4858
tv:36,tv,Medium,2005-01-03,7.473,582,50.7083
tv:112156,tv,Top Secret Videos,2020-10-29,4.0,2,1.6583
movie:328739,movie,David and Goliath,2015-03-13,5.8,51,1.4432
tv:63349,tv,The Bastard Executioner,2015-09-15,5.727,86,4.6758
movie:10768,movie,The Final Conflict,1981-03-20,5.804,665,6.3261
movie:13341,movie,Bad News Bears,2005-07-22,5.832,301,3.9843
movie:29845,movie,A Woman Under the Influence,1974-11-18,7.777,574,4.0144
movie:9994,movie,The Great Mouse Detective,1986-07-02,7.047,1834,9.7521
tv:90761,tv,The Untamed,2019-06-27,8.6,179,11.1635
movie:308639,movie,Dope,2015-06-19,7.043,1615,4.8915
movie:251516,movie,Kung Fury,2015-05-22,7.483,1998,4.3795
movie:34078,movie,The Screaming Skull,1958-08-25,4.2,64,1.2623
movie:10693,movie,Peter Pan,1953-02-05,7.192,5821,11.9943
tv:119129,tv,The Farm,2018-11-23,9.0,1,1.2509
tv:61692,tv,Fresh Off the Boat,2015-02-04,7.2,303,34.2
movie:17801,movie,The Letter,1940-11-21,7.28,252,2.4038
movie:25319,movie,The Masque of the Red Death,1964-09-16,6.645,375,3.6176
movie:9442,movie,Dead Men Don't Wear Plaid,1982-05-21,6.636,459,4.5586
movie:77950,movie,Turbo,2013-07-11,6.279,3768,10.0204
movie:13258,movie,Son of Rambow,2007-01-22,6.732,502,2.879
movie:14456,movie,Shrooms,2007-08-16,4.879,410,2.7711
movie:15592,movie,Beaches,1988-12-21,6.686,285,3.6266
tv:15632,tv,The Cleveland Show,2009-09-27,5.892,473,34.9797
movie:8942,movie,Wendy and Lucy,2008-12-10,6.822,368,2.2125
movie:612706,movie,Work It,2020-08-07,7.488,1229,2.8348
movie:400160,movie,The SpongeBob Movie: Sponge on the Run,2020-08-14,7.389,3024,10.3606
tv:61018,tv,Whose Line Is It Anyway?,1998-08-05,7.848,374,11.543
movie:16441,movie,The Beastmaster,1982-08-16,6.31,473,4.082
movie:162903,movie,The Fifth Estate,2013-10-11,6.002,1117,7.213
movie:9745,movie,Jack Frost,1998-11-15,6.032,1245,4.7758
movie:353069,movie,Mother's Day,2016-04-28,5.976,1322,5.7814
movie:228326,movie,The Book of Life,2014-10-01,7.538,3001,9.5421
movie:3080,movie,Top Hat,1935-08-29,7.256,340,3.2156
movie:27932,movie,Airport 1975,1974-10-18,5.793,304,3.474
movie:10056,movie,Killer's Kiss,1955-10-01,6.34,617,2.5189
movie:639743,movie,Draupathi,2020-02-28,5.3,5,1.6647
movie:3062,movie,42nd Street,1933-03-11,6.921,222,2.7602
movie:19761,movie,Saturn 3,1980-02-15,5.277,229,4.3002
movie:10705,movie,Henry V,1989-10-05,7.098,418,3.0572
movie:20842,movie,Children Shouldn't Play with Dead Things,1972-06-09,5.355,107,1.5326
movie:12400,movie,Redbelt,2008-04-07,6.417,300,3.8706
movie:31383,movie,The Incredibly Strange Creatures Who Stopped Living and Became Mixed-Up Zombies!!?,1964-02-10,2.729,59,1.0446
movie:22744,movie,Jane Eyre,1943-12-24,6.897,156,7.1118
movie:10419,movie,Swing Kids,1993-03-05,6.675,252,3.6721
movie:11546,movie,Police Academy: Mission to Moscow,1994-06-09,4.593,999,4.8898
tv:62715,tv,Dragon Ball Super,2015-07-05,8.2,5341,18.1446
movie:9077,movie,Tarantula,1955-10-29,6.5,312,2.4478
movie:13778,movie,Dickie Roberts: Former Child Star,2003-09-04,5.118,211,2.243
movie:9950,movie,Find Me Guilty,2006-03-16,6.545,567,4.7518
tv:75797,tv,The Oath,2018-03-08,6.367,45,7.7342
movie:16347,movie,Auntie Mame,1958-12-04,7.047,128,3.0957
movie:22094,movie,Hard Times,1975-08-13,6.844,241,3.5049
movie:485811,movie,Redcon-1,2018-09-07,5.702,332,3.2575
movie:12520,movie,The Last Supper,1995-09-08,6.523,303,3.0258
movie:432976,movie,Icarus,2017-06-03,7.642,847,3.4086
movie:19255,movie,Away We Go,2009-06-05,6.665,654,3.1508
tv:62919,tv,Containment,2016-04-19,6.865,219,5.3535
movie:10948,movie,The Fox and the Hound,1981-07-10,7.2,3571,11.6731
movie:14163,movie,Chak De! India,2007-08-09,7.2,388,1.9344
movie:443109,movie,Oceans Rising,2017-01-17,4.7,112,1.622
movie:13998,movie,Margot at the Wedding,2007-11-16,5.789,332,3.7842
movie:14047,movie,The Great Debaters,2007-12-25,7.266,738,5.2981
movie:439128,movie,Newton,2017-09-22,7.175,154,1.0623
movie:77877,movie,The Lucky One,2012-04-19,7.175,3862,8.1985
movie:14443,movie,The Garbage Pail Kids Movie,1987-08-22,3.492,119,2.5768
movie:45272,movie,Country Strong,2010-12-22,6.119,267,2.7469
movie:11260,movie,Meet Dave,2008-07-08,5.328,1586,5.6579
movie:547177,movie,Pari,2018-02-02,4.833,6,2.155
movie:215830,movie,Open Grave,2013-08-13,5.984,788,4.0741
tv:72,tv,Only Fools and Horses,1981-09-08,8.079,315,14.707
tv:41889,tv,Top Boy,2011-10-31,7.5,150,4.5684
tv:91766,tv,Hyperdrive,2019-08-21,7.1,52,4.2449
movie:3059,movie,Intolerance: Love's Struggle Throughout the Ages,1916-09-05,7.072,388,3.7532
movie:41515,movie,Yogi Bear,2010-12-17,5.563,960,6.1091
movie:23128,movie,The Cove,2009-07-31,7.953,691,4.3343
movie:36362,movie,King of Kings,1961-10-11,7.141,244,3.5484
tv:81224,tv,Les Misérables,2018-12-30,7.337,141,9.0613
movie:14240,movie,Maniac Cop,1988-05-13,6.109,546,4.1473
movie:15543,movie,Penny Dreadful,2006-11-10,5.6,148,1.7898
movie:2619,movie,Splash,1984-03-09,6.263,1526,7.0151
movie:21755,movie,The Brothers Bloom,2008-09-09,6.549,725,3.4528
movie:370992,movie,Shivaay,2016-10-28,5.896,67,1.5447
movie:12721,movie,"No Retreat, No Surrender",1986-05-02,6.324,651,6.8491
movie:411873,movie,The Little Hours,2017-06-30,5.885,667,5.0919
movie:339792,movie,David Brent: Life on the Road,2016-08-19,6.084,407,2.7189
tv:61923,tv,Star vs. the Forces of Evil,2015-01-18,8.362,1521,43.3709
movie:27997,movie,Shock Treatment,1981-08-21,5.8,108,1.9892
movie:27236,movie,Two-Lane Blacktop,1971-07-07,6.95,260,3.0229
movie:31121,movie,Shampoo,1975-02-11,6.048,248,3.0349
movie:10296,movie,The Football Factory,2004-05-13,6.382,302,4.2275
movie:10236,movie,The Way We Were,1973-10-17,6.981,526,5.349
movie:32740,movie,Krrish,2006-06-23,6.476,292,3.2598
movie:2124,movie,Color of Night,1994-08-19,5.765,647,6.7416
tv:2188,tv,Tru Calling,2003-10-30,7.277,267,12.0937
movie:8491,movie,Weekend at Bernie's,1989-07-05,6.432,1164,7.3157
movie:46040,movie,Tees Maar Khan,2010-12-24,3.769,119,1.417
movie:13168,movie,Smiley Face,2007-11-16,6.062,341,4.4087
tv:72734,tv,The Indian Detective,2017-11-23,6.5,33,2.1961
movie:412339,movie,The Atheist Delusion,2016-09-30,1.9,21,1.0678
movie:213681,movie,Masterminds,2016-09-29,5.75,1891,6.8205
movie:53113,movie,One True Thing,1998-09-18,6.525,140,2.8163
movie:14752,movie,Dil Chahta Hai,2001-07-24,6.9,348,2.027
movie:106021,movie,Erased,2012-08-23,6.064,803,6.2127
tv:1950,tv,Everwood,2002-09-16,7.612,237,46.1849
movie:97006,movie,Temptation: Confessions of a Marriage Counselor,2013-03-29,6.66,194,3.0211
movie:1688,movie,Conquest of the Planet of the Apes,1972-06-29,6.156,1121,5.9095
movie:300693,movie,Truth,2015-10-16,6.545,534,3.6648
movie:20348,movie,Fandango,1985-01-25,6.687,198,2.8432
movie:2330,movie,Taxi,1998-04-08,6.724,2788,9.9957
movie:11030,movie,Zelig,1983-07-15,7.423,934,2.7144
movie:9604,movie,Red Heat,1988-06-17,6.225,1659,8.8968
tv:95715,tv,Singapore Social,2019-11-22,4.8,4,2.2524
movie:180296,movie,They Came Together,2014-06-27,5.5,457,5.4766
movie:37921,movie,In Harm's Way,1965-04-06,6.57,166,3.0794
movie:27033,movie,The Strange Love of Martha Ivers,1946-08-19,7.072,195,2.4516
tv:76305,tv,Somebody Feed Phil,2018-01-12,7.2,46,5.7999
movie:23966,movie,Deadgirl,2008-09-06,5.265,389,3.9373
movie:587638,movie,The Glorious Seven,2019-03-12,2.9,15,1.1027
movie:19429,movie,Absence of Malice,1981-11-19,6.636,258,3.3965
movie:30238,movie,Earthlings,2005-09-24,8.126,345,3.1202
movie:10552,movie,Cat's Eye,1985-04-12,6.737,755,4.9353
movie:507697,movie,Snapshots,2018-07-27,7.1,61,1.8609
movie:621005,movie,Prassthanam,2019-09-20,6.5,11,1.0946
movie:172385,movie,Rio 2,2014-03-19,6.514,3841,9.6565
movie:19277,movie,In Hell,2003-11-24,6.656,633,6.615
movie:10440,movie,Manhattan Murder Mystery,1993-05-02,7.256,1200,4.504
movie:9017,movie,Outpost,2008-03-11,5.851,272,3.1454
movie:5528,movie,The Chorus,2004-03-17,7.744,2654,8.3973
movie:9662,movie,The Triplets of Belleville,2003-06-11,7.398,1064,4.6245
movie:14801,movie,Colossus: The Forbin Project,1970-04-08,6.963,269,3.2905
movie:50719,movie,"Silent Night, Deadly Night Part 2",1987-04-10,4.376,198,1.9417
movie:659986,movie,The Owners,2020-08-27,5.611,450,3.9721
movie:3087,movie,Yankee Doodle Dandy,1942-05-29,7.017,237,2.6233
movie:10339,movie,Moby Dick,1956-06-27,7.051,484,5.3598
movie:13173,movie,The Ten,2007-08-03,4.765,216,2.8066
movie:395993,movie,Stronger,2017-09-22,6.964,1590,3.423
movie:480881,movie,Let There Be Light,2017-10-27,5.507,68,1.9894
movie:12699,movie,Hellraiser: Hellworld,2005-09-06,4.612,398,8.5671
tv:111573,tv,Roadkill,2020-10-18,6.413,63,5.2637
movie:14289,movie,Fire Down Below,1997-09-05,5.757,404,4.958
movie:521007,movie,Superintelligence,2020-11-26,5.904,389,5.6033
movie:474335,movie,Uncle Drew,2018-06-27,6.656,604,4.1513
movie:1435,movie,Tarnation,2003-10-19,6.803,89,1.4963
movie:14293,movie,Poolhall Junkies,2002-06-30,6.349,96,2.1677
movie:7870,movie,Down in the Valley,2005-05-13,5.889,244,3.1469
tv:71714,tv,The Brave,2017-09-25,7.034,119,6.0353
movie:15639,movie,Larry the Cable Guy: Health Inspector,2006-03-24,3.987,76,1.7685
movie:14846,movie,Little Black Book,2004-08-06,5.353,372,2.6964
movie:524141,movie,Reign of Judges: Title of Liberty - Concept Short,2018-03-15,0.0,0,1.0053
movie:35139,movie,Teenagers from Outer Space,1959-06-01,4.1,64,0.8743
movie:272692,movie,The Possession of Michael King,2014-08-14,6.145,449,3.9632
movie:149871,movie,The Tale of The Princess Kaguya,2013-11-23,8.087,2030,7.1853
movie:266639,movie,Jem and the Holograms,2015-10-22,5.47,402,2.8644
movie:621013,movie,Chemical Hearts,2020-08-21,7.305,1168,4.0103
movie:595671,movie,Never Rarely Sometimes Always,2020-03-13,7.121,601,2.7882
movie:1705,movie,Battle for the Planet of the Apes,1973-06-15,5.675,1096,5.2218
movie:12268,movie,The Pink Panther Strikes Again,1976-09-16,6.9,639,4.1618
movie:13600,movie,City of Ember,2008-10-07,6.4,1941,8.5572
movie:2928,movie,Michael,1996-12-25,5.707,700,4.4368
movie:11364,movie,Regarding Henry,1991-07-10,6.515,646,3.9928
movie:354251,movie,Southbound,2015-09-17,5.898,698,4.2329
movie:15867,movie,Interiors,1978-08-02,6.8,399,2.4146
movie:10359,movie,Resurrection,1999-06-05,6.126,317,4.2475
tv:900,tv,Skins,2007-01-25,8.136,1425,33.6661
tv:98178,tv,Amazing Stories,2020-03-06,7.291,470,11.9758
tv:63161,tv,Crazy Ex-Girlfriend,2015-10-12,6.8,195,15.4942
movie:266285,movie,The Salvation,2014-05-22,6.489,978,4.7226
movie:10013,movie,Peggy Sue Got Married,1986-10-10,6.122,674,4.743
movie:634524,movie,Badland,2019-11-01,6.2,125,2.6531
movie:11815,movie,The Fly,1958-07-16,7.042,621,4.4766
movie:525183,movie,Paddleton,2019-02-01,7.0,319,2.1532
movie:334517,movie,The Siege of Jadotville,2016-09-19,7.102,961,5.0099
tv:99896,tv,Noughts + Crosses,2020-03-05,5.9,29,3.4159
movie:399173,movie,The Assignment,2016-06-08,5.517,571,5.8654
tv:68073,tv,The Loud House,2016-05-02,7.8,572,45.0579
tv:32868,tv,Nikita,2010-09-09,7.288,549,22.5169
tv:99844,tv,Six Windows in the Desert,2020-02-27,6.625,8,3.9198
movie:514277,movie,Mara,2018-08-22,5.7,426,3.7782
movie:28172,movie,Blood Feast,1963-07-06,4.777,202,1.351
movie:11686,movie,Love and Death,1975-06-10,7.453,987,3.3403
movie:10657,movie,Needful Things,1993-08-27,6.269,626,5.8358
tv:1450,tv,The Closer,2005-06-13,7.806,354,79.5989
movie:1689,movie,Little Buddha,1993-12-01,6.275,459,3.8264
movie:31767,movie,The Devils,1971-07-16,7.447,449,5.8327
movie:16905,movie,Captain Blood,1935-12-26,7.246,280,2.9652
movie:6283,movie,MouseHunt,1997-12-19,6.546,1403,6.8712
movie:25431,movie,Adam's Rib,1949-11-17,7.119,345,2.8838
movie:42194,movie,Tekken,2010-03-20,5.3,756,5.7567
tv:66558,tv,Voltron: Legendary Defender,2016-06-10,7.3,151,13.3997
movie:741067,movie,Welcome to Sudden Death,2020-09-09,6.06,302,3.5084
movie:757545,movie,Mookuthi Amman,2020-11-14,5.717,23,2.0487
movie:28696,movie,The Wild One,1953-12-30,6.554,341,2.912
movie:253312,movie,Space Station 76,2014-09-19,4.862,247,4.0551
movie:3031,movie,Island of Lost Souls,1932-12-23,6.9,273,2.4123
movie:10333,movie,The Prince of Tides,1991-12-25,6.6,314,3.7497
movie:15673,movie,Connie and Carla,2004-04-16,5.879,95,2.1361
movie:338964,movie,Bad Santa 2,2016-11-23,5.438,883,4.8618
movie:550115,movie,Airplane Mode,2019-08-02,2.623,77,2.978
movie:10990,movie,Mulholland Falls,1996-04-26,6.017,331,4.8729
tv:4500,tv,The Wonder Years,1988-01-31,8.343,1107,36.9508
movie:330483,movie,The Choice,2016-02-04,7.207,1987,5.2124
movie:41357,movie,Summer of '42,1971-04-19,6.726,164,2.784
movie:17734,movie,Thirteen Conversations About One Thing,2001-09-02,6.25,110,2.233
movie:24469,movie,Fish Tank,2009-09-11,6.952,963,3.0627
movie:9944,movie,The Pelican Brief,1993-09-17,6.59,1813,7.4461
movie:16367,movie,Kinky Boots,2005-08-30,6.7,369,3.9165
movie:307124,movie,Love on a Leash,2011-07-21,6.1,43,1.3032
movie:544795,movie,C/o Kancharapalem,2018-09-07,7.403,36,1.3003
movie:16442,movie,Sergeant York,1941-09-27,7.195,238,3.6263
tv:102619,tv,I May Destroy You,2020-06-07,7.161,218,5.1788
movie:48838,movie,London Boulevard,2010-11-10,5.889,829,4.3118
movie:7010,movie,The Wild Geese,1978-06-28,6.811,293,4.212
tv:12786,tv,Murdoch Mysteries,2008-01-24,7.687,300,62.0239
tv:94372,tv,FBI: Most Wanted,2020-01-07,7.608,448,69.8506
movie:9560,movie,A Walk in the Clouds,1995-05-27,7.377,1150,6.5781
tv:67743,tv,Cardinal,2017-01-25,6.953,169,10.3316
movie:4657,movie,Jindabyne,2006-07-20,5.44,83,2.0336
movie:82687,movie,The Guilt Trip,2012-12-19,5.613,781,3.7127
movie:25241,movie,Squirm,1976-07-30,4.935,130,2.238
tv:33958,tv,Camelot,2011-02-25,6.34,203,12.5291
movie:293767,movie,Billy Lynn's Long Halftime Walk,2016-11-10,6.029,643,8.1236
movie:16220,movie,Wizards,1977-02-09,6.166,247,3.2737
movie:101173,movie,Coriolanus,2011-02-14,5.832,512,4.2774
tv:64728,tv,Mountain Monsters,2013-06-22,7.367,30,7.068
movie:11223,movie,Coma,1978-01-06,6.765,470,4.3883
movie:11663,movie,The Commitments,1991-08-14,7.248,623,3.4683
movie:28029,movie,A Walk on the Moon,1999-01-29,6.055,118,3.2204
movie:5923,movie,The Sand Pebbles,1966-12-20,7.213,291,2.8635
movie:8328,movie,Step Up 2: The Streets,2008-02-14,6.7,2452,6.9563
movie:56137,movie,I Know Where I'm Going!,1945-11-16,7.1,169,1.8122
movie:396493,movie,Creep 2,2017-10-06,6.337,931,4.5679
movie:444149,movie,Hellraiser: Judgment,2018-02-13,5.124,375,4.3687
tv:5875,tv,Anne of Green Gables: The Continuing Story,2000-03-05,6.9,53,3.2854
movie:38408,movie,Life As We Know It,2010-10-02,6.89,3317,6.2284
movie:496334,movie,Batti Gul Meter Chalu,2018-09-21,6.015,33,1.0753
movie:34794,movie,The St. Francisville Experiment,2000-04-15,4.091,33,1.2721
movie:496316,movie,Baaghi 2,2018-03-30,5.753,89,2.1142
movie:31655,movie,The Terror,1963-06-17,5.162,185,2.8821
movie:8386,movie,How High,2001-12-21,6.372,1082,6.6744
movie:25641,movie,My First Mister,2001-10-12,6.563,72,1.9745
movie:26670,movie,Noises Off...,1992-03-20,7.2,227,2.1808
movie:402298,movie,Denial,2016-09-30,6.841,714,3.1088
tv:88366,tv,Lunatics,2019-04-19,5.259,27,2.7846
movie:335360,movie,My Little Pony: The Movie,2017-10-05,7.274,434,10.0106
tv:81284,tv,The Curious Creations of Christine McConnell,2018-10-12,7.0,21,1.8693
movie:18701,movie,Being Julia,2004-09-03,6.359,124,2.3576
movie:623856,movie,Let Them All Talk,2020-12-10,5.6,306,3.6541
movie:16764,movie,Toolbox Murders,2004-11-12,5.559,202,2.2174
movie:1645251,movie,Batman: Dead End,2003-07-19,7.2,6,0.9541
movie:718400,movie,The Vanished,2020-08-21,6.027,367,4.5103
movie:241257,movie,Regression,2015-10-01,5.584,1915,5.4975
movie:13523,movie,Sex Drive,2008-10-16,6.396,1515,6.7696
movie:8780,movie,Baby Mama,2008-04-25,5.971,718,3.0145
tv:88239,tv,High Seas,2019-05-24,6.887,163,7.9778
tv:77947,tv,Harrow,2018-03-09,7.585,205,12.2861
movie:552865,movie,10 Minutes Gone,2019-09-30,5.208,250,3.5984
movie:46528,movie,The Warrior's Way,2010-12-01,6.606,687,6.013
movie:11620,movie,Quo Vadis,1951-11-08,7.107,464,3.5324
movie:1662,movie,State of Grace,1990-09-14,6.95,432,5.2592
movie:24837,movie,August Underground's Mordum,2003-01-01,3.809,94,2.8049
movie:24010,movie,Bus Stop,1956-08-31,6.084,251,2.9346
tv:61617,tv,Over the Garden Wall,2014-11-03,8.567,1803,12.9611
movie:23730,movie,C.H.U.D.,1984-08-31,5.639,319,4.3228
movie:1994,movie,The Most Dangerous Game,1932-09-16,6.926,323,3.1112
movie:20283,movie,Breaking Away,1979-05-24,7.146,305,2.9752
movie:49014,movie,Cosmopolis,2012-05-25,5.667,1371,4.4505
movie:31129,movie,The Final Sacrifice,1990-01-01,2.737,38,1.1392
movie:183,movie,The Wizard,1989-12-15,6.032,355,3.1809
tv:62117,tv,Younger,2015-03-31,6.857,251,29.3603
movie:337703,movie,The Red Turtle,2016-03-27,7.4,1396,5.8973
movie:16638,movie,El Cid,1961-10-24,6.8,310,4.0515
movie:11854,movie,Kuch Kuch Hota Hai,1998-10-16,7.462,445,3.7321
movie:243938,movie,Hot Tub Time Machine 2,2015-02-20,5.184,1029,6.4233
movie:25571,movie,Drive,1997-08-06,6.142,158,3.6334
movie:376869,movie,Neerja,2016-02-19,7.286,245,1.8105
movie:8457,movie,Drillbit Taylor,2008-02-04,5.822,1121,5.8459
movie:445040,movie,My Friend Dahmer,2017-11-03,6.502,659,3.2397
movie:22327,movie,Youth in Revolt,2009-09-11,6.1,998,3.4648
movie:474392,movie,Samson,2018-02-16,5.736,258,3.6434
movie:16070,movie,This Film Is Not Yet Rated,2006-09-01,7.063,386,1.457
movie:26602,movie,Summer Catch,2001-08-22,5.409,223,3.4169
movie:9255,movie,Hot Shots! Part Deux,1993-05-21,6.55,2122,8.3847
movie:37737,movie,Kites,2010-05-21,7.2,227,1.9928
movie:662,movie,La Jetée,1962-02-16,7.9,1032,2.4637
movie:14342,movie,Almost Heroes,1998-05-29,5.46,226,2.8906
movie:325789,movie,The Infiltrator,2016-07-13,6.68,1852,5.3365
movie:2990,movie,Pacific Heights,1990-09-28,6.288,430,4.7778
movie:15159,movie,The Pink Panther 2,2009-02-06,5.705,1294,6.5017
movie:10684,movie,Courage Under Fire,1996-07-04,6.554,1089,6.9102
movie:21461,movie,Lage Raho Munna Bhai,2006-09-01,7.288,238,1.6435
movie:340601,movie,Delirium,2018-05-10,5.707,340,5.1095
movie:442064,movie,Proud Mary,2018-01-12,5.501,537,3.2229
tv:44006,tv,Chicago Fire,2012-10-10,8.41,2432,134.9754
movie:139519,movie,Magic Magic,2013-07-26,5.104,226,2.17
movie:2617,movie,The Great Outdoors,1988-06-17,6.4,631,4.3676
movie:55725,movie,Win Win,2011-03-18,6.824,569,2.534
movie:39452,movie,Exit Through the Gift Shop,2010-03-05,7.541,986,2.868
movie:336004,movie,Heist,2015-11-13,6.1,1019,5.2399
movie:25955,movie,Pickup on South Street,1953-05-27,7.373,332,2.9037
tv:15114,tv,John Adams,2008-03-16,7.676,341,9.6739
tv:2038,tv,Drake & Josh,2004-01-11,8.365,1976,22.8658
movie:16723,movie,Sugar & Spice,2001-01-24,6.411,302,2.8753
tv:70881,tv,Boruto: Naruto Next Generations,2017-04-05,7.819,2516,15.4325
tv:894,tv,The Prisoner,1967-09-29,7.7,216,10.7248
tv:105689,tv,Indian Matchmaking,2020-07-16,6.444,27,5.3406
movie:10373,movie,Quadrophenia,1979-09-14,7.012,297,3.3599
movie:21635,movie,"Sorry, Wrong Number",1948-09-24,6.779,217,2.7146
movie:14405,movie,Beverly Hills Chihuahua,2008-10-03,5.379,1119,5.9289
movie:505914,movie,A.I. Rising,2018-02-25,5.0,318,3.8307
tv:7482,tv,Leverage,2008-12-07,7.558,447,24.54
movie:493014,movie,Generation Wealth,2018-07-20,6.41,105,1.3624
movie:328429,movie,Approaching the Unknown,2016-06-03,5.246,344,5.6876
movie:123103,movie,Aftershock,2012-09-12,5.145,359,2.4723
movie:28971,movie,Limelight,1952-10-16,7.89,614,3.5338
movie:3537,movie,Fame,1980-05-16,6.419,527,4.1406
tv:98805,tv,Next in Fashion,2020-01-29,6.728,46,3.881
movie:17,movie,The Dark,2005-09-28,5.7,297,2.4262
movie:90616,movie,Future War,1997-01-28,2.477,44,0.9707
movie:14035,movie,Meatballs,1979-06-28,5.824,367,6.317
movie:11231,movie,The Next Karate Kid,1994-07-18,5.397,1199,7.9489
movie:57431,movie,The Sitter,2011-12-09,5.566,1039,4.7742
movie:13969,movie,First Daughter,2004-09-24,6.18,1025,5.191
tv:46923,tv,Shetland,2013-03-10,7.512,211,38.2424
movie:27503,movie,The Unknown,1927-05-29,7.6,218,1.8145
movie:207933,movie,Stonehearst Asylum,2014-10-23,6.846,1632,9.1368
movie:886,movie,The Cincinnati Kid,1965-10-15,6.987,314,3.2046
movie:476764,movie,The Front Runner,2018-11-06,5.911,388,3.841
movie:10652,movie,Hamburger Hill,1987-08-07,6.6,521,4.8518
movie:797463,movie,The Blackout,2019-10-11,4.0,2,1.731
movie:26317,movie,Man with a Movie Camera,1929-05-12,7.841,822,3.2433
movie:192136,movie,Mandela: Long Walk to Freedom,2013-11-28,6.859,587,3.1928
tv:71694,tv,Snowfall,2017-07-05,8.388,805,45.0991
movie:342737,movie,20th Century Women,2016-12-28,7.313,1257,5.5503
movie:19931,movie,The Joy Luck Club,1993-09-08,7.157,169,2.8456
movie:15664,movie,Right at Your Door,2006-01-23,5.86,265,2.1886
movie:24965,movie,Gunga Din,1939-01-26,6.5,188,2.318
movie:334524,movie,Gold,2016-02-03,6.629,1788,6.7194
movie:454283,movie,Action Point,2018-06-01,5.436,365,3.2154
movie:29376,movie,The Band Wagon,1953-08-07,7.2,247,2.417
movie:27259,movie,Long Time Dead,2002-01-18,5.223,149,2.4179
tv:76922,tv,Queer Eye,2018-02-07,7.384,159,9.8591
movie:548754,movie,River Runs Red,2018-11-09,5.487,159,3.5056
movie:9821,movie,The Mighty,1998-06-01,7.248,300,3.0017
movie:11600,movie,Redacted,2007-11-16,5.971,190,3.0693
movie:140420,movie,Paperman,2012-11-02,7.982,1828,4.2125
movie:567860,movie,Fyre,2019-01-18,6.936,1030,2.0403
tv:90937,tv,BEASTARS,2019-10-10,8.4,1342,26.7944
movie:11419,movie,Vegas Vacation,1997-02-13,5.971,750,4.8338
tv:134,tv,Space: 1999,1975-09-04,7.1,164,17.9295
movie:11515,movie,Goya's Ghosts,2006-11-08,6.612,544,2.4417
tv:4608,tv,30 Rock,2006-10-11,7.493,840,50.8301
movie:16380,movie,When Worlds Collide,1951-09-14,6.4,210,2.5529
movie:12311,movie,Mutiny on the Bounty,1935-11-22,7.376,404,3.7417
movie:621191,movie,Blue Story,2019-11-22,7.289,247,3.0338
movie:30566,movie,Blacula,1972-08-25,5.495,182,2.2916
movie:96,movie,Beverly Hills Cop II,1987-05-18,6.532,2888,9.1369
movie:24559,movie,Slaughterhouse-Five,1972-03-15,6.515,260,3.5444
movie:523077,movie,Running with the Devil,2019-08-29,5.391,354,5.0468
movie:43939,movie,I'm Still Here,2010-09-10,5.953,414,3.8069
movie:18910,movie,The Ninth Configuration,1980-02-29,6.431,174,3.2801
movie:3602,movie,I'll Always Know What You Did Last Summer,2006-06-24,4.179,503,3.8558
tv:100897,tv,Love 101,2020-04-24,7.7,197,6.7801
movie:38542,movie,The Disappearance of Alice Creed,2009-09-12,6.45,603,3.9452
movie:450322,movie,The Man Who Invented Christmas,2017-10-12,6.847,879,3.4482
movie:29425,movie,The Crazies,1973-03-16,6.071,424,3.2686
movie:30318,movie,13 Seconds,2003-08-20,3.111,9,1.1496
movie:11372,movie,The Eagle Has Landed,1976-12-24,6.655,394,6.3834
movie:3001,movie,How to Steal a Million,1966-07-13,7.5,680,4.9425
tv:87017,tv,P-Valley,2020-07-12,7.6,254,19.4426
movie:30062,movie,Eaten Alive,1976-12-25,5.531,207,2.9731
movie:401898,movie,Thelma,2017-09-15,6.8,1166,4.1299
movie:2246,movie,Malice,1993-09-29,6.269,531,4.9773
movie:14282,movie,Ninja Scroll,1993-06-05,7.786,770,6.0344
movie:19972,movie,The 300 Spartans,1962-08-01,6.5,156,3.7932
tv:70128,tv,Genius,2017-04-25,7.455,311,17.3373
movie:12178,movie,Miss Pettigrew Lives for a Day,2008-03-07,6.805,425,2.7252
movie:1834,movie,"Murder, My Sweet",1944-12-14,7.214,266,3.0458
movie:27945,movie,Hombre,1967-03-21,7.1,249,4.6098
tv:4630,tv,The Fairly OddParents,2001-03-30,7.567,1131,62.3929
movie:28522,movie,Day of the Dead 2: Contagium,2005-08-10,3.0,84,1.029
tv:96421,tv,Hostel Daze,2019-12-13,7.408,49,8.3605
movie:21719,movie,The Minus Man,1999-09-24,5.505,109,3.4045
movie:63492,movie,What's Your Number?,2011-09-30,6.463,2462,7.0073
movie:21056,movie,Big Eden,2000-04-18,6.429,56,1.6997
movie:9997,movie,Gabriel,2007-11-15,6.013,433,2.4803
movie:41462,movie,The Hitch-Hiker,1953-03-30,6.838,213,1.8799
movie:286567,movie,Max Steel,2016-10-14,5.557,867,4.3068
movie:10488,movie,Nim's Island,2008-04-03,5.929,1213,5.7776
movie:9327,movie,The Nutty Professor,1996-06-28,5.647,3187,9.373
movie:11302,movie,Bananas,1971-04-28,6.661,844,2.662
movie:10629,movie,Veronica Guerin,2003-07-11,6.661,344,4.6661
movie:507220,movie,Chimera Strain,2018-02-24,4.08,25,2.7283
movie:17102,movie,Dracula: Prince of Darkness,1966-01-09,6.672,300,2.5388
movie:55561,movie,Clockwatchers,1997-06-12,6.2,75,2.14
movie:41518,movie,Guzaarish,2010-11-16,7.3,133,1.7304
movie:31123,movie,Red Zone Cuba,1966-11-01,2.719,32,0.9718
movie:476968,movie,"Paul, Apostle of Christ",2018-03-22,7.609,418,5.8805
movie:13014,movie,The God Who Wasn't There,2005-05-21,6.125,88,0.8337
tv:79723,tv,The Cool Kids,2018-09-28,5.357,28,4.8643
movie:17874,movie,Laserblast,1978-03-01,3.4,116,1.8577
movie:67109,movie,Delhi Belly,2011-07-01,7.066,226,1.9553
movie:338065,movie,Dil Dhadakne Do,2015-06-04,6.903,165,2.4146
movie:25872,movie,The Pirate Movie,1982-08-06,5.316,49,1.1926
movie:209262,movie,Parkland,2013-10-02,6.234,398,4.8399
movie:38543,movie,Ironclad,2011-03-03,6.153,823,4.6066
movie:15158,movie,Phantasm II,1988-07-08,6.219,408,3.1817
movie:460846,movie,Security,2017-03-04,6.324,974,5.7469
movie:47386,movie,YellowBrickRoad,2010-01-23,4.677,167,1.8986
movie:45094,movie,Conviction,2010-10-15,7.066,663,3.4238
movie:313943,movie,Revolt,2017-07-01,5.522,407,4.4425
movie:27118,movie,The Hound of the Baskervilles,1939-03-24,7.136,236,2.4153
movie:10186,movie,The Rocker,2008-08-20,6.066,648,4.152
movie:193612,movie,The Quiet Ones,2014-04-25,5.095,718,3.2741
movie:23703,movie,The Thing About My Folks,2005-06-02,6.463,27,1.5868
movie:101669,movie,Mother's Day,2010-09-23,6.5,478,2.8578
movie:28503,movie,Dementia 13,1963-09-25,5.5,199,1.7521
movie:686487,movie,King Kong vs. Godzilla,1963-06-26,6.5,282,3.8182
movie:4024,movie,Last Year at Marienbad,1961-09-29,7.4,552,3.1829
tv:78950,tv,Miracle Workers,2019-02-12,6.82,339,18.998
movie:11541,movie,The Year of Living Dangerously,1982-12-17,6.663,374,3.527
movie:28893,movie,Galaxy of Terror,1981-10-01,5.276,261,4.6098
movie:23761,movie,"Alice, Sweet Alice",1976-11-13,6.4,317,3.6569
movie:51052,movie,Arthur Christmas,2011-11-10,6.776,1666,7.2438
movie:11236,movie,The Secret Garden,1993-08-13,7.428,1001,5.5405
movie:11870,movie,Big Fat Liar,2002-02-08,5.895,904,4.9514
movie:9812,movie,Thursday,1998-09-25,6.907,378,4.565
movie:11558,movie,Silver Streak,1976-12-03,6.71,372,3.1942
movie:9783,movie,Sublime,2007-06-15,5.268,127,2.131
tv:3772,tv,"Walker, Texas Ranger",1993-04-21,7.003,580,22.5373
movie:17689,movie,The Gauntlet,1977-12-17,6.5,623,4.6116
movie:12185,movie,Heaven Can Wait,1978-06-28,6.654,454,3.1296
movie:5653,movie,Luther,2003-10-29,6.5,339,3.6419
movie:13428,movie,Two Hands,1999-07-29,6.596,166,2.729
movie:19067,movie,The Duellists,1977-08-31,7.251,651,3.6035
movie:35073,movie,"The Beast from 20,000 Fathoms",1953-06-13,6.591,208,2.7772
movie:40469,movie,Final Exam,1981-06-05,5.1,130,1.2162
tv:87600,tv,The Disappearance of Madeleine McCann,2019-03-15,6.402,97,2.7128
movie:15096,movie,20 Million Miles to Earth,1957-06-01,6.3,173,3.2088
movie:3515,movie,I'll Sleep When I'm Dead,2003-05-14,5.489,132,3.2407
movie:30309,movie,Real Women Have Curves,2002-10-18,6.095,105,2.0297
movie:441889,movie,Secret Superstar,2017-10-19,7.266,203,1.7958
movie:539619,movie,Edge of Fear,2018-08-01,4.678,115,1.9022
tv:94813,tv,The Devil Next Door,2019-11-04,7.169,142,2.4225
movie:17708,movie,Corky Romano,2001-10-12,4.449,185,4.0989
movie:555035,movie,Ophelia,2018-10-09,6.0,4,0.6304
movie:11337,movie,Stardust Memories,1980-09-26,6.934,470,2.6771
movie:18734,movie,L.I.E.,2001-09-07,6.745,147,2.1286
movie:290825,movie,Yoga Hosers,2016-07-08,4.645,483,4.1432
tv:1516,tv,The A-Team,1983-01-23,7.504,1111,51.4464
movie:20215,movie,Boo,2005-05-13,4.852,142,1.6537
movie:11502,movie,Knife in the Water,1962-03-09,7.269,486,2.6524
tv:111625,tv,Dash & Lily,2020-11-10,7.8,365,5.87
tv:2352,tv,The Nanny,1993-11-03,8.068,1323,75.1095
movie:9595,movie,Hot Shots!,1991-07-31,6.585,2520,10.3833
movie:7182,movie,Venom,2005-09-16,5.447,375,3.2095
movie:31582,movie,Flawless,1999-11-26,6.141,312,3.1776
movie:6020,movie,Sorority Boys,2002-03-22,5.774,279,2.8118
movie:9401,movie,2 Days in the Valley,1996-09-11,6.188,301,4.2942
movie:10381,movie,Plunkett & Macleane,1999-01-22,6.166,157,4.7495
tv:58928,tv,Dracula,2013-10-25,7.089,414,8.2664
tv:3219,tv,Murphy Brown,1988-11-14,6.495,91,44.9417
movie:26618,movie,Clay Pigeons,1998-09-25,6.169,143,2.3883
tv:102905,tv,History 101,2020-05-22,7.125,112,6.734
movie:10596,movie,Replicant,2001-05-11,5.845,546,4.377
movie:23949,movie,Tape,2001-11-02,6.903,255,1.6812
movie:12777,movie,It's All About Love,2003-01-10,5.436,118,1.8572
movie:24746,movie,Six-String Samurai,1998-09-18,6.268,154,1.5459
movie:571246,movie,Rapunzel,2010-03-18,5.9,4,0.5674
movie:559713,movie,Fisherman's Friends,2019-03-15,6.74,196,2.8723
movie:32255,movie,The Palm Beach Story,1942-08-28,6.995,213,2.0597
tv:60685,tv,Dominion,2014-06-19,6.505,316,9.4106
movie:13339,movie,Three O'Clock High,1987-10-09,6.798,312,3.3042
movie:44865,movie,The Grandmaster,2013-01-10,6.6,1006,5.8651
movie:111190,movie,Adoration,2013-04-03,6.097,1049,8.1276
movie:14815,movie,The Wind and the Lion,1975-05-22,6.481,214,3.1298
movie:265189,movie,Force Majeure,2014-08-15,6.836,1255,3.676
movie:31667,movie,The Paradine Case,1947-12-29,6.252,270,2.5227
movie:31962,movie,Shining Through,1992-01-31,6.498,232,3.5767
movie:648,movie,Beauty and the Beast,1946-10-29,7.501,685,2.9279
movie:1596,movie,Population 436,2006-07-04,5.815,303,3.1548
movie:1841,movie,Lady in the Lake,1946-12-19,6.069,116,1.9023
tv:89630,tv,The L Word: Generation Q,2019-12-08,7.617,128,10.401
movie:25167,movie,Bye Bye Birdie,1963-04-04,5.9,118,2.8835
movie:392982,movie,Marshall,2017-10-13,7.2,700,4.0336
movie:714835,movie,Yahan Sabhi Gyani Hain,2020-02-07,3.0,2,0.4724
tv:82728,tv,Bluey,2018-10-01,8.6,733,46.8269
movie:87825,movie,Trouble with the Curve,2012-09-21,6.982,1730,5.7617
movie:15659,movie,Foul Play,1978-07-14,6.299,274,4.3825
tv:62650,tv,Chicago Med,2015-11-17,8.3,1273,90.3491
tv:93833,tv,The Feed,2019-09-16,6.713,47,4.8917
movie:18248,movie,The Foreigner,2003-06-01,3.973,168,4.5901
movie:5126,movie,Martian Child,2007-11-02,6.7,331,2.7949
movie:13936,movie,Oklahoma!,1955-10-10,6.626,194,3.1949
tv:32730,tv,The Event,2010-09-20,6.435,246,8.8337
movie:11888,movie,Snow Dogs,2002-01-18,5.604,796,4.2482
tv:97085,tv,Van der Valk,2020-01-01,6.5,52,22.8317
movie:529646,movie,Solis,2018-06-27,4.877,122,2.9451
movie:14320,movie,Great Expectations,1946-12-26,7.293,384,4.1794
movie:2182,movie,Attack of the Killer Tomatoes!,1978-10-04,5.1,348,4.0506
movie:6917,movie,The Gate,1987-04-21,6.076,430,4.6865
movie:18283,movie,Brigadoon,1954-09-08,6.526,173,2.2756
movie:14411,movie,Sinbad: Legend of the Seven Seas,2003-07-02,7.06,2281,8.692
movie:15876,movie,The Enemy Below,1957-12-25,7.164,220,3.4029
movie:39154,movie,The Giant Spider Invasion,1975-10-16,4.1,98,2.4906
movie:29572,movie,The Man Who Cried,2000-08-29,6.1,267,3.3469
movie:487083,movie,Paradise Hills,2019-08-29,5.918,606,4.1619
tv:6647,tv,The Bold and the Beautiful,1987-03-23,5.638,149,24.3319
movie:864,movie,Cool Runnings,1993-10-01,7.025,2342,6.8651
movie:8348,movie,Thunderbolt and Lightfoot,1974-05-23,6.8,667,6.4096
movie:122857,movie,Universal Soldier: Day of Reckoning,2012-10-04,5.566,492,4.1695
movie:9626,movie,Red Sonja,1985-04-09,5.375,977,7.7937
movie:330947,movie,Song to Song,2017-03-17,5.477,929,4.0327
movie:533148,movie,Ek Ladki Ko Dekha Toh Aisa Laga,2019-02-01,5.6,64,1.0865
movie:45610,movie,Machine Gun Preacher,2011-09-23,6.718,1156,7.9097
movie:11176,movie,The Muppet Movie,1979-06-22,7.217,715,4.9216
movie:16409,movie,Last Chance Harvey,2008-12-25,6.3,312,5.518
movie:27725,movie,High Sierra,1941-01-23,7.089,366,2.9118
movie:7348,movie,Robinson Crusoe on Mars,1964-06-01,6.278,158,2.1414
movie:939,movie,The Jazz Singer,1927-10-06,6.115,257,3.1408
movie:37534,movie,The New Daughter,2009-12-18,5.35,387,4.4572
tv:82456,tv,Hilda,2018-09-21,8.4,248,9.0693
movie:649,movie,Belle de Jour,1967-05-24,7.309,1034,6.7517
tv:104108,tv,Reality Z,2020-06-10,6.562,282,3.223
movie:516632,movie,The Empty Man,2020-10-22,6.15,1078,8.7209
movie:9066,movie,The Brady Bunch Movie,1995-02-16,6.061,329,3.9283
movie:399894,movie,Daylight's End,2016-04-16,5.822,205,4.0286
movie:18647,movie,One-Eyed Jacks,1961-03-30,6.8,260,3.6517
movie:39266,movie,Triumph of the Will,1935-03-28,6.905,311,2.6522
movie:359784,movie,Maudie,2016-06-16,7.8,602,3.1573
movie:10173,movie,Marked for Death,1990-10-05,6.135,611,6.2476
tv:1922,tv,All in the Family,1971-01-12,7.784,183,21.1754
movie:19913,movie,(500) Days of Summer,2009-07-17,7.3,11232,15.3842
movie:13573,movie,The United States of Leland,2003-05-15,6.499,343,4.2982
movie:11178,movie,My Sassy Girl,2001-07-27,7.548,677,4.3203
movie:220882,movie,London Fields,2018-09-20,5.07,305,4.0299
tv:65249,tv,ERASED,2016-01-08,8.5,1285,13.8543
tv:46880,tv,The Fosters,2013-06-03,7.5,339,26.3922
movie:297608,movie,The Taking of Deborah Logan,2014-10-21,6.563,1528,5.7202
movie:17277,movie,The Fall of the Roman Empire,1964-03-24,6.5,234,4.634
movie:10063,movie,The Breed,2006-05-17,5.499,434,3.7604
movie:13641,movie,The Air I Breathe,2007-02-07,6.288,410,4.1945
movie:19483,movie,It Came from Outer Space,1953-06-05,6.3,255,2.2593
movie:42852,movie,"Goodbye, Mr. Chips",1939-07-28,7.4,142,2.0319
movie:328589,movie,The Lady in the Van,2015-10-30,6.404,816,4.3056
movie:2107,movie,L.A. Story,1991-02-08,6.511,394,3.6681
movie:10829,movie,Tremors 3: Back to Perfection,2001-10-02,5.824,734,4.5172
movie:32051,movie,Race with the Devil,1975-06-01,6.401,142,2.856
movie:522369,movie,Sorry We Missed You,2019-10-04,7.3,852,3.8665
movie:28739,movie,Cabin Fever 2: Spring Fever,2009-08-11,4.535,431,3.1518
movie:2998,movie,Zabriskie Point,1970-03-26,6.993,452,4.3194
movie:1990,movie,Paranoid Park,2007-07-12,6.517,620,2.947
movie:82657,movie,Flight 7500,2014-05-16,4.928,622,3.7547
tv:66282,tv,Berlin Station,2016-10-16,7.201,169,12.2421
movie:1554,movie,Down by Law,1986-09-20,7.353,865,3.1411
movie:12493,movie,High and Low,1963-03-01,8.4,1185,9.4851
tv:3968,tv,NewsRadio,1995-03-21,7.376,141,21.9181
movie:30346,movie,The Body Snatcher,1945-05-25,6.971,204,2.5413
tv:81127,tv,Single Parents,2018-09-26,6.88,71,8.2182
movie:6022,movie,Evening,2007-06-09,5.8,187,2.7901
movie:43795,movie,Penny Serenade,1941-04-24,6.6,125,1.9018
movie:13702,movie,A Dirty Shame,2004-09-24,5.365,304,3.6398
movie:6948,movie,The Woods,2006-04-24,5.706,308,2.9996
movie:231576,movie,Wish I Was Here,2014-07-18,6.543,786,2.907
movie:18398,movie,Suddenly,1954-09-17,6.398,122,2.2563
tv:4018,tv,Quantum Leap,1989-03-26,8.014,788,51.0427
tv:46976,tv,Hitler: The Rise of Evil,2003-05-18,7.123,375,17.0696
movie:288158,movie,The Woman in Black 2: Angel of Death,2014-12-30,5.242,1081,3.4431
movie:10208,movie,Muppets from Space,1999-07-14,6.126,373,4.9421
movie:146238,movie,Runner Runner,2013-09-24,5.631,1338,5.8881
movie:26636,movie,Twentynine Palms,2003-09-17,5.106,113,1.7402
movie:33743,movie,"The 5,000 Fingers of Dr. T.",1953-06-19,6.212,66,1.6058
movie:9986,movie,Charlotte's Web,2006-12-07,6.225,1486,6.905
tv:66008,tv,You Me Her,2016-03-22,6.953,433,6.4493
movie:12569,movie,Extract,2009-09-03,5.853,693,2.9508
movie:5767,movie,Two for the Road,1967-04-27,7.019,269,3.0212
movie:89345,movie,Bloody Murder,2000-09-12,3.91,39,1.1036
tv:87799,tv,Huge in France,2019-04-12,5.719,32,1.9692
movie:18041,movie,Gossip,2000-04-21,5.851,268,4.0817
movie:668156,movie,Leyla Everlasting,2020-12-04,3.75,50,1.2728
movie:21754,movie,Fahrenhype 9/11,2004-10-05,4.5,8,1.0736
tv:68708,tv,Roman Empire,2016-11-11,6.9,123,11.3672
movie:25155,movie,The Stepfather,1987-01-23,6.54,387,4.0517
movie:332340,movie,Man Up,2015-05-29,6.568,1080,3.2591
movie:11228,movie,Daylight,1996-12-06,6.141,1751,7.0622
tv:99353,tv,Love Is Blind,2020-02-13,6.246,112,17.8168
movie:13855,movie,The Chaser,2008-02-14,7.778,1607,7.5844
movie:37903,movie,The White Ribbon,2009-09-24,7.474,1170,4.5132
movie:10431,movie,War,2007-08-24,6.411,2107,8.6314
movie:17202,movie,Why Did I Get Married?,2007-10-12,6.491,171,3.5285
movie:635744,movie,Jarhead: Law of Return,2019-10-01,6.527,3364,3.997
movie:469,movie,Stranger Than Paradise,1984-10-01,7.151,620,3.2754
movie:37722,movie,Waking the Dead,2000-03-24,6.1,107,2.5471
tv:60550,tv,Mahabharat,2013-09-16,8.7,30,25.2951
tv:47054,tv,Atlantis,2013-09-28,6.439,155,10.0668
tv:99962,tv,McDonald & Dodds,2020-03-01,7.577,65,8.6459
movie:16306,movie,Fantastic Planet,1973-12-01,7.634,1133,3.5358
movie:57876,movie,Area 51,2015-05-15,4.986,658,2.8111
movie:27545,movie,The Wasp Woman,1959-10-30,4.5,123,1.914
movie:36489,movie,Bride of the Monster,1955-05-11,4.378,135,1.5193
movie:26680,movie,Shock Waves,1977-07-15,4.853,139,2.2824
tv:78154,tv,My Brilliant Friend,2018-11-27,8.105,242,18.1365
movie:375355,movie,Don't Hang Up,2016-10-22,6.218,586,3.5132
tv:64684,tv,And Then There Were None,2015-12-26,7.531,693,9.0168
tv:80443,tv,The Loudest Voice,2019-06-30,7.364,129,4.9322
movie:2020,movie,The Bachelor,1999-11-05,5.1,332,3.6041
movie:14929,movie,Mother's Day,1980-09-19,5.548,156,1.5693
tv:380,tv,Little Britain,2003-09-16,7.045,258,13.3864
movie:32652,movie,Mystery of the Wax Museum,1933-02-18,6.5,155,2.0268
movie:340104,movie,Lucy in the Sky,2019-09-20,4.964,237,2.6179
movie:10362,movie,Two Lovers,2008-11-19,6.87,947,5.1558
movie:2161,movie,Fantastic Voyage,1966-08-24,6.671,507,4.0754
movie:27130,movie,I Walked with a Zombie,1943-04-21,6.8,341,2.5549
movie:1497,movie,Teenage Mutant Ninja Turtles II: The Secret of the Ooze,1991-03-22,6.229,1277,6.6966
movie:33633,movie,Oleanna,1994-11-04,6.167,60,0.9852
tv:88803,tv,Vinland Saga,2019-07-08,8.508,1007,12.73
movie:1845,movie,2 Days in Paris,2007-02-09,6.255,436,2.9521
movie:14817,movie,Good Burger,1997-07-25,6.215,593,5.6905
movie:15648,movie,The Perfect Man,2005-06-17,6.152,824,3.6616
tv:62704,tv,Ballers,2015-06-21,6.795,811,19.7366
movie:11867,movie,Barb Wire,1996-05-02,4.1,505,5.6719
movie:443009,movie,"Don't Worry, He Won't Get Far on Foot",2018-04-04,6.671,775,3.7199
movie:10724,movie,Firefox,1982-06-18,6.067,639,5.6912
movie:40160,movie,Meteor,1979-10-19,5.201,179,2.8198
movie:14168,movie,3:10 to Yuma,1957-08-07,7.286,432,4.6588
movie:24438,movie,Did You Hear About the Morgans?,2009-12-17,5.391,1046,3.8953
movie:10288,movie,Fido,2006-09-07,6.449,498,1.8874
movie:32023,movie,Son of Dracula,1943-10-20,5.8,149,1.774
movie:429467,movie,The Lodgers,2017-10-05,5.025,517,2.4372
movie:58128,movie,Andaz Apna Apna,1994-04-11,6.778,252,1.4958
tv:16133,tv,Joan of Arc,1999-05-16,6.572,83,5.1861
movie:4599,movie,Raising Helen,2004-05-27,6.152,709,5.3584
movie:20009,movie,Slackers,2002-02-01,5.2,222,3.1032
movie:10955,movie,Ripley's Game,2002-09-02,6.432,318,4.1061
movie:35796,movie,Lawn Dogs,1997-11-21,7.1,113,2.3487
movie:24940,movie,Head Over Heels,2001-02-02,5.8,271,4.0669
tv:881,tv,Days of Our Lives,1965-11-08,6.2,159,11.7234
movie:14043,movie,Nancy Drew,2007-06-15,6.062,560,3.4253
movie:46992,movie,Hilary and Jackie,1998-12-30,6.598,117,2.9149
tv:96652,tv,Outmatched,2020-01-23,6.971,34,3.4957
movie:22049,movie,Starcrash,1978-12-21,4.237,217,2.3767
movie:290999,movie,Wyrmwood: Road of the Dead,2014-09-19,6.066,523,2.6019
movie:9605,movie,Single White Female,1992-08-14,6.307,720,4.218
movie:2605,movie,Short Circuit,1986-05-09,6.649,1664,7.6436
movie:13715,movie,At Close Range,1986-04-18,6.81,313,4.1504
movie:11846,movie,Father of the Bride,1991-12-20,6.477,1541,8.4953
movie:10297,movie,How to Marry a Millionaire,1953-11-10,6.851,574,4.2411
tv:7831,tv,Dead Set,2008-10-27,7.191,337,5.2754
movie:23439,movie,House of Usher,1960-07-20,6.702,378,3.582
movie:11077,movie,Problem Child,1990-07-27,6.175,938,4.8312
tv:86686,tv,Creepshow,2019-09-26,7.429,353,16.4133
movie:241843,movie,Cooties,2014-10-10,5.903,829,4.7283
movie:47955,movie,White Dog,1982-07-07,6.613,310,3.1104
movie:14239,movie,Cool World,1992-07-10,5.655,825,5.4253
movie:10731,movie,The Client,1994-07-20,6.689,1428,7.8456
movie:33020,movie,Dracula A.D. 1972,1972-06-26,5.96,198,3.1982
movie:289720,movie,Outcast,2014-09-26,5.142,517,8.1226
movie:23210,movie,Six Degrees of Separation,1993-12-08,6.38,379,4.2399
movie:1600,movie,The Double Life of Véronique,1991-05-15,7.485,914,4.6334
movie:888,movie,The Flintstones,1994-05-27,5.377,2668,8.8403
movie:10772,movie,Django,1966-04-06,7.221,1022,5.05
movie:26108,movie,Stage Beauty,2004-09-03,6.639,148,2.2901
movie:17264,movie,The Black Stallion,1979-10-13,7.056,337,5.3275
movie:9417,movie,Wrongfully Accused,1998-07-23,6.001,532,4.6372
movie:9569,movie,Hard to Kill,1990-02-09,5.99,691,6.1575
movie:38939,movie,Tales from the Crypt,1972-03-09,6.842,354,3.79
movie:249,movie,The War of the Roses,1989-12-08,6.918,1279,9.0366
tv:64353,tv,Versailles,2015-11-16,7.664,232,11.7793
movie:16146,movie,Phantasm IV: Oblivion,1998-07-31,5.2,237,2.3237
movie:12245,movie,The Oxford Murders,2008-01-18,5.968,729,4.6746
movie:23479,movie,The Bad News Bears,1976-04-06,6.907,351,3.4702
movie:9813,movie,The Quiet,2005-09-12,6.129,299,4.1621
movie:653598,movie,Spree,2020-08-14,6.393,570,4.1489
movie:5486,movie,A Bay of Blood,1971-09-08,6.562,441,3.5712
movie:2762,movie,Young and Innocent,1937-02-17,6.544,260,2.4744
movie:467106,movie,Bareilly Ki Barfi,2017-08-17,6.907,198,1.5622
movie:14410,movie,Notorious,2009-01-16,6.962,815,3.5398
movie:4480,movie,Jean de Florette,1986-08-27,7.7,623,2.7032
movie:12488,movie,The Gingerbread Man,1998-01-23,5.558,181,4.2819
movie:8072,movie,Alphaville,1965-05-05,6.9,629,3.532
movie:11621,movie,Porco Rosso,1992-07-18,7.794,3794,9.4018
movie:10997,movie,Farewell My Concubine,1993-01-01,7.926,702,34.1282
movie:5879,movie,In the Realm of the Senses,1976-09-15,6.6,752,14.0256
movie:692250,movie,Trump Card,2020-08-07,4.9,32,0.9406
movie:49763,movie,Bad Moon,1996-11-01,6.719,301,3.153
tv:5895,tv,FLCL,2000-04-26,7.9,438,13.1321
movie:70584,movie,Hellraiser: Revelations,2011-10-18,3.475,375,5.086
movie:10597,movie,Kevin & Perry Go Large,2000-04-20,5.0,162,3.2465
movie:638134,movie,Pets United,2019-11-08,5.9,228,5.0519
movie:12186,movie,Defending Your Life,1991-03-22,6.916,326,3.9232
movie:11511,movie,Kazaam,1996-07-17,4.142,317,2.6355
movie:761226,movie,Welcome Home,2020-11-06,6.7,28,1.3051
tv:1813,tv,Father Ted,1995-04-21,8.2,358,10.315
movie:26269,movie,Twilight,1998-03-06,6.101,228,3.917
movie:39497,movie,Escanaba in da Moonlight,2001-01-26,5.967,15,1.3569
movie:345931,movie,American Poltergeist,2015-05-29,2.767,103,1.1272
movie:17813,movie,Alex & Emma,2003-06-20,5.19,221,2.8794
movie:18299,movie,Love in the Afternoon,1957-05-29,7.017,344,3.2306
tv:107094,tv,Ratri Ke Yatri,2020-07-21,5.0,2,1.4954
movie:16379,movie,The Mod Squad,1999-03-26,4.414,139,3.0608
movie:17043,movie,The Crocodile Hunter: Collision Course,2002-07-26,5.4,115,2.2723
movie:43905,movie,Of Human Bondage,1934-07-20,6.497,143,2.7805
movie:5493,movie,Returner,2002-08-31,6.6,260,2.416
movie:2760,movie,The Lodger: A Story of the London Fog,1927-02-14,7.16,356,2.9541
movie:13996,movie,Bottle Shock,2008-09-05,6.367,230,3.1455
movie:22958,movie,The Shape of Things,2003-07-24,6.147,155,1.9389
movie:11132,movie,Confessions of a Teenage Drama Queen,2004-02-17,5.726,966,5.1541
movie:531,movie,The Wrong Trousers,1993-12-17,7.835,1194,4.8291
tv:60694,tv,Last Week Tonight with John Oliver,2014-04-27,7.771,833,54.309
movie:17221,movie,Where the Sidewalk Ends,1950-07-07,7.193,210,2.5705
movie:12232,movie,The Thief of Bagdad,1940-02-19,7.12,305,4.1549
tv:2171,tv,Cold Case,2003-09-28,7.741,454,66.9209
movie:10603,movie,George of the Jungle,1997-07-15,5.67,2308,9.4647
movie:11671,movie,Elegy,2008-08-08,6.301,314,3.6163
movie:121824,movie,Stand Up Guys,2012-12-14,6.0,1030,5.3122
movie:11365,movie,Wilde,1997-09-01,6.593,296,3.2192
movie:20027,movie,Delhi-6,2009-02-20,5.965,57,1.0607
movie:1064281,movie,Vagabond,2019-10-06,0.0,0,1.2256
movie:10263,movie,Tamara,2005-05-12,5.295,293,3.1029
tv:74632,tv,100% Hotter,2016-06-08,4.2,4,2.8395
movie:520016,movie,Driven,2019-08-15,6.184,262,3.1606
movie:11617,movie,Rio Grande,1950-11-15,6.766,404,3.9719
movie:13009,movie,Zombie Strippers!,2008-04-18,4.847,444,5.2329
movie:34806,movie,The Back-Up Plan,2010-04-23,6.124,1506,5.5205
movie:39891,movie,The Devil Rides Out,1968-07-20,6.535,212,2.3904
movie:15421,movie,Becket,1964-03-11,7.16,206,3.1561
movie:9493,movie,Twins,1988-12-09,6.054,2591,9.2743
movie:524659,movie,Crown Vic,2019-11-01,6.192,225,4.9701
movie:612587,movie,A.M.I.,2019-07-02,4.5,51,1.4137
movie:15927,movie,A Passage to India,1984-12-14,6.84,343,3.3291
movie:493623,movie,Hichki,2018-03-23,7.6,161,3.7327
movie:326094,movie,Wiener-Dog,2016-06-24,5.6,235,2.8119
movie:418680,movie,Goodbye Christopher Robin,2017-09-29,7.0,914,7.5474
movie:533885,movie,Kaappaan,2019-09-19,5.539,38,1.302
movie:10423,movie,Dragon: The Bruce Lee Story,1993-05-07,6.914,815,6.7471
tv:60858,tv,Heroes Reborn,2015-09-24,6.749,575,9.5401
movie:12289,movie,Red Cliff,2008-07-10,7.111,906,9.1143
movie:43461,movie,Odd Man Out,1947-01-30,7.273,233,2.4597
movie:610482,movie,Agent Sai Srinivasa Athreya,2019-06-21,7.429,63,1.2096
movie:25037,movie,The Life and Death of Colonel Blimp,1943-07-26,7.46,277,1.8616
movie:3079,movie,The Curse of Frankenstein,1957-05-20,6.785,354,3.893
movie:11953,movie,Kagemusha,1980-04-26,7.812,761,4.8368
movie:27899,movie,Little Caesar,1931-01-25,6.866,307,2.4659
movie:18978,movie,Camelot,1967-10-25,6.228,81,2.8147
movie:37347,movie,Fort Apache,1948-05-21,7.026,424,4.0641
movie:12335,movie,Bedknobs and Broomsticks,1971-10-07,7.04,1046,4.7768
movie:56715,movie,Just Visiting,2001-04-06,4.768,732,3.8833
tv:67752,tv,Channel Zero,2016-10-11,7.008,321,10.5492
tv:72820,tv,I'm Sorry,2017-07-12,6.808,60,3.1777
tv:13643,tv,North & South,2004-11-14,8.118,208,6.2053
tv:39483,tv,Major Crimes,2012-08-13,7.366,213,25.9915
movie:40229,movie,The House on Sorority Row,1982-11-19,5.8,234,1.9614
movie:31052,movie,The Accidental Tourist,1988-12-23,6.262,263,3.9228
movie:16636,movie,Spellbound,2002-11-13,7.3,123,1.1391
movie:29056,movie,The Raven,1963-01-25,6.315,284,3.0502
movie:9691,movie,Assassins,1995-10-06,6.501,1758,6.8123
movie:31586,movie,North,1994-07-22,5.045,280,3.7084
movie:125509,movie,Wrong Turn 5: Bloodlines,2012-10-18,5.481,1071,10.1969
tv:3940,tv,Judge Judy,1996-09-16,5.753,97,40.5446
movie:28436,movie,The Curse of the Cat People,1944-03-02,6.222,151,1.8693
movie:3074,movie,The Ghost of Frankenstein,1942-03-13,5.8,178,2.9181
movie:11830,movie,Tampopo,1985-11-23,7.789,446,3.7834
tv:80750,tv,Moonbase 8,2020-11-08,5.565,62,5.527
movie:12271,movie,Factory Girl,2006-12-29,5.995,273,2.9801
movie:282297,movie,Cowspiracy: The Sustainability Secret,2014-07-01,7.628,527,2.183
movie:476335,movie,Shock and Awe,2017-12-09,6.268,205,4.0884
movie:30793,movie,House of Dracula,1945-12-07,5.5,152,3.2329
movie:11120,movie,The Mosquito Coast,1986-11-26,6.4,544,4.0996
movie:13533,movie,Free Enterprise,1998-06-04,5.744,39,1.0976
movie:32558,movie,Portrait of Jennie,1948-12-25,7.169,124,2.4614
movie:9403,movie,Private Parts,1997-03-07,6.48,394,3.9438
movie:21349,movie,Anywhere but Here,1999-11-12,6.066,302,4.1014
movie:484582,movie,Kaaviyyan,2019-10-18,0.0,0,0.9516
movie:14675,movie,The Awful Truth,1937-10-21,7.213,366,1.9158
movie:20697,movie,Ready to Rumble,2000-04-07,5.2,173,2.6181
movie:18197,movie,Running on Empty,1988-09-09,7.5,364,3.1019
movie:23724,movie,BUtterfield 8,1960-11-04,6.263,99,2.5428
tv:604,tv,Teen Titans,2003-07-19,8.343,1353,27.5982
movie:1389453,movie,Shattered,2007-07-13,0.0,0,1.0237
tv:5917,tv,90210,2008-09-02,5.8,212,30.3763
tv:85586,tv,Coroner,2019-01-07,6.953,247,15.0234
movie:26516,movie,Blackboard Jungle,1955-03-25,6.9,163,2.4127
movie:8988,movie,Stop-Loss,2008-03-28,6.083,283,4.3174
movie:23823,movie,Wrong Turn 3: Left for Dead,2009-10-08,5.712,1314,11.1796
movie:606117,movie,A Cinderella Story: Christmas Wish,2019-10-15,6.427,735,2.6628
movie:10049,movie,Attack Force,2006-12-05,4.243,113,3.4958
movie:686142,movie,The Lost Husband,2020-04-10,6.781,146,3.8737
tv:4330,tv,Millennium,1996-10-25,7.7,281,20.3645
tv:97197,tv,Ghost Loop,2019-11-27,6.9,8,1.5564
movie:244772,movie,The Skeleton Twins,2014-06-05,6.645,707,3.364
movie:34374,movie,Murder by Decree,1979-02-01,6.3,181,2.778
movie:15263,movie,McLintock!,1963-11-12,6.585,264,4.4838
tv:78385,tv,Something in the Rain,2018-03-30,7.8,141,13.0594
movie:346671,movie,Little Evil,2017-08-08,5.568,1001,2.5404
movie:13596,movie,My Best Friend's Girl,2008-09-19,5.645,814,5.8012
movie:14326,movie,Nights in Rodanthe,2008-09-26,6.249,631,4.4744
tv:7354,tv,Harper's Island,2009-04-09,6.936,275,6.7074
movie:682249,movie,Sweet Sunshine,2020-03-20,3.4,5,1.6395
movie:50359,movie,Hop,2011-03-30,5.804,1419,7.5312
tv:63535,tv,Vinyl,2016-02-14,7.012,253,6.6688
movie:75622,movie,Rampart,2011-11-23,5.481,414,3.934
movie:9612,movie,Coneheads,1993-07-23,5.512,1071,5.9457
movie:407806,movie,13th,2016-10-07,7.8,812,2.3137
movie:10011,movie,Abominable,2006-04-10,4.815,108,1.7245
movie:13006,movie,Split Second,1992-05-01,5.953,374,4.9557
movie:10725,movie,Wolfen,1981-07-24,5.95,262,3.3837
movie:26263,movie,Death Wish 4: The Crackdown,1987-06-11,5.692,360,4.7554
movie:2074,movie,Flirting with Disaster,1996-03-22,6.181,273,4.2995
movie:72207,movie,The Five-Year Engagement,2012-04-27,5.847,1432,6.0425
movie:12233,movie,Oliver & Company,1988-11-18,6.7,1735,7.8771
movie:6106,movie,Salvador,1986-04-23,7.034,423,3.7454
tv:74764,tv,Tabula Rasa,2017-10-29,7.375,120,4.0901
movie:13771,movie,Venus,2006-09-02,6.644,160,2.0491
tv:2973,tv,Life on Mars,2006-01-09,7.759,322,9.6363
movie:35813,movie,The Bat,1959-08-09,5.95,139,1.6437
movie:14291,movie,Searching for Bobby Fischer,1993-08-13,7.071,660,3.8173
movie:14286,movie,Why We Fight,2005-01-20,7.508,125,1.346
movie:13937,movie,Raising Cain,1992-08-07,6.044,409,3.7848
movie:355008,movie,Special Correspondents,2016-04-22,5.782,571,3.9497
movie:3763,movie,Onibaba,1964-11-21,7.681,498,3.968
movie:483104,movie,A Christmas Prince,2017-11-17,6.597,1481,2.5919
movie:12593,movie,Fritz the Cat,1972-04-14,6.19,397,4.8872
movie:242022,movie,The Inbetweeners 2,2014-08-06,6.08,546,2.3544
movie:30890,movie,Radio Days,1987-01-30,7.035,670,2.9642
movie:13210,movie,The Dam Busters,1955-05-16,6.914,162,2.4007
movie:401104,movie,To the Bone,2017-01-22,7.202,3617,3.3811
movie:4170,movie,Trade,2007-01-23,7.006,317,2.8182
tv:4469,tv,MADtv,1995-10-14,7.074,136,2.0145
movie:11472,movie,Nine Months,1995-07-12,5.724,720,3.1753
movie:13912,movie,Horse Feathers,1932-08-19,6.885,256,1.6066
tv:4564,tv,Over There,2005-11-13,6.758,33,5.8563
movie:354167,movie,Jai Ho,2014-01-01,6.0,3,2.6909
movie:228203,movie,"McFarland, USA",2015-02-20,7.487,968,3.9204
tv:318,tv,American Gothic,1995-09-22,7.4,57,5.5457
tv:2723,tv,Samurai Jack,2001-08-10,8.426,917,32.9224
movie:506971,movie,Teefa in Trouble,2018-07-20,7.276,29,1.0345
movie:738646,movie,Operation Christmas Drop,2020-11-05,6.372,593,3.013
movie:10786,movie,Robin and Marian,1976-03-11,6.3,278,3.0334
movie:257785,movie,Tulip Fever,2017-07-13,6.51,747,5.8942
movie:15556,movie,At First Sight,1999-01-15,6.006,266,3.4119
movie:15489,movie,Snow Day,2000-02-11,5.112,228,3.2525
movie:33542,movie,Rumble in the Bronx,1995-01-21,6.861,1214,7.0562
movie:51333,movie,Love's Labour's Lost,2000-03-31,5.5,79,2.5561
movie:11141,movie,Laws of Attraction,2004-04-04,5.819,464,3.8233
movie:10404,movie,Raise the Red Lantern,1991-12-18,7.923,816,4.9753
tv:80925,tv,Lodge 49,2018-08-06,6.703,74,8.0611
tv:63770,tv,The Late Show with Stephen Colbert,2015-09-08,6.074,363,132.656
movie:71679,movie,Resident Evil: Retribution,2012-09-12,5.829,4418,1.2828
movie:9909,movie,Dangerous Minds,1995-08-11,6.982,1313,6.453
movie:50725,movie,Take Me Home Tonight,2011-03-04,5.969,735,5.1497
movie:14460,movie,Battle Beyond the Stars,1980-09-08,5.4,232,3.8402
tv:38657,tv,Ridiculousness,2011-08-29,6.8,123,39.9425
movie:718659,movie,Sufiyum Sujatayum,2020-07-03,4.3,16,1.0329
tv:83519,tv,Patriot Act with Hasan Minhaj,2018-10-28,7.061,66,6.5443
movie:15667,movie,The Last Winter,2006-09-11,5.378,244,2.3515
movie:29396,movie,Strait-Jacket,1964-01-19,6.555,136,2.1461
tv:79086,tv,Godfather of Harlem,2019-09-29,8.1,775,26.3123
movie:263903,movie,Full English Breakfast,2014-04-07,3.4,8,0.5777
movie:37749,movie,Looking for Mr. Goodbar,1977-10-19,6.303,132,3.2858
movie:27452,movie,The Spiral Staircase,1946-01-26,7.0,283,2.1083
movie:26038,movie,Call Northside 777,1948-02-13,6.729,179,2.0909
movie:11074,movie,Striking Distance,1993-09-17,5.93,982,7.2269
movie:198185,movie,Million Dollar Arm,2014-05-09,6.722,680,3.5343
tv:61511,tv,Father Brown,2013-01-14,7.6,139,39.5128
movie:19236,movie,Santa Sangre,1989-11-24,7.173,516,3.5873
movie:11363,movie,She's the One,1996-08-26,5.5,280,3.2947
movie:10608,movie,Bob Roberts,1992-09-04,6.564,179,1.9605
movie:7484,movie,Open Season,2006-09-27,6.19,3066,10.0296
movie:12093,movie,Lilya 4-ever,2002-08-23,7.6,690,5.296
movie:542164,movie,Groupers,2019-03-09,4.524,21,0.6395
tv:33852,tv,Lost Girl,2010-09-12,7.7,453,26.4904
movie:1811,movie,Nowhere,1997-05-09,6.7,232,4.1873
movie:9405,movie,Double Team,1997-04-04,5.288,859,5.6026
movie:13092,movie,How to Lose Friends & Alienate People,2008-10-02,6.017,862,4.6116
movie:515741,movie,Angel of Mine,2019-08-15,6.186,314,3.5551
movie:16392,movie,Redline,2007-04-13,5.122,168,2.7815
movie:10467,movie,The Road to Wellville,1994-10-28,5.592,201,3.7385
movie:70586,movie,Setup,2011-10-17,4.847,447,4.2949
movie:541560,movie,The Wind,2018-05-05,5.7,368,2.1628
movie:374173,movie,Kapoor & Sons,2016-03-18,7.056,207,1.5263
movie:242310,movie,Rage,2014-05-09,5.251,821,4.6837
movie:179111,movie,A Field in England,2013-07-05,6.215,298,1.8098
movie:77930,movie,Magic Mike,2012-06-28,6.2,3130,5.237
movie:15674,movie,Sabrina the Teenage Witch,1996-04-07,6.7,350,2.2367
movie:10923,movie,Agent Cody Banks,2003-03-14,5.547,1192,5.5754
tv:60972,tv,Tyrant,2014-06-24,6.708,192,8.5878
movie:32275,movie,Duel in the Sun,1946-12-31,6.409,198,3.7756
movie:136835,movie,No Good Deed,2014-09-10,5.941,696,7.108
movie:14365,movie,Killing Me Softly,2002-05-10,5.6,378,5.4932
movie:15983,movie,Invasion U.S.A.,1985-09-27,5.758,360,4.2199
movie:189215,movie,The Untold History Of The United States,2012-11-12,8.165,112,1.5576
movie:22718,movie,Attack of the Giant Leeches,1959-07-15,4.0,88,1.5637
movie:692969,movie,Cadaver,2020-10-22,5.642,691,3.4361
movie:746605,movie,The Plot Against the President,2020-10-16,6.448,29,1.1536
movie:339,movie,Night on Earth,1991-12-12,7.513,1078,4.9472
tv:66871,tv,SIX,2017-01-18,7.273,519,15.0996
movie:412105,movie,You Get Me,2017-06-19,5.624,1736,3.2211
movie:9311,movie,Smilla's Sense of Snow,1997-02-28,6.353,272,2.8105
movie:31002,movie,Ticker,2001-06-23,3.701,134,3.339
movie:2110,movie,Wasabi,2001-10-31,6.654,1470,7.2886
movie:24203,movie,Desk Set,1957-08-02,7.034,132,1.6883
movie:9671,movie,Crocodile Dundee,1986-09-26,6.443,2183,7.7481
movie:26171,movie,Everybody's Fine,2009-12-04,6.8,1119,3.9029
movie:17888,movie,Dasavatharam,2008-06-13,6.664,61,1.2835
movie:8866,movie,The Truth About Cats & Dogs,1996-04-26,6.094,351,3.1321
movie:28134,movie,The Impostors,1998-10-02,5.958,72,2.7727
movie:721625,movie,Songbird,2020-12-10,6.156,798,5.1049
movie:603562,movie,The Lift Boy,2019-01-18,6.211,19,0.745
tv:33001,tv,Haven,2010-07-09,7.515,517,36.2836
tv:80623,tv,BAKI,2018-06-26,8.083,1393,18.7204
movie:34193,movie,Magic,1978-11-08,6.813,332,2.6903
tv:2430,tv,Doc Martin,2004-09-02,8.285,144,20.9256
movie:75638,movie,Red Lights,2012-03-02,6.174,1436,6.9475
movie:11520,movie,Grumpy Old Men,1993-12-25,6.682,772,5.1787
movie:13018,movie,Deception,2008-04-24,5.955,740,5.1071
tv:68267,tv,Trollhunters: Tales of Arcadia,2016-12-23,8.5,1169,32.756
movie:473019,movie,The Souvenir,2019-05-17,6.0,290,2.9068
movie:417643,movie,In Darkness,2018-05-25,6.045,527,3.2469
movie:82990,movie,Paranormal Activity 4,2012-10-17,5.403,2070,7.58
tv:33213,tv,Shake It Up,2010-11-07,7.5,306,16.5347
movie:34769,movie,Defendor,2009-09-12,6.417,622,4.2469
movie:28145,movie,"They Shoot Horses, Don't They?",1969-12-10,7.596,381,3.0813
movie:672125,movie,Love Mocktail,2020-01-31,6.6,20,1.2863
movie:16535,movie,Titanic,1953-04-11,6.644,156,3.3231
movie:43002,movie,Lonely are the Brave,1962-04-26,7.376,173,3.0343
movie:38142,movie,5 Centimeters per Second,2007-03-03,7.296,2207,6.0028
movie:266,movie,Contempt,1963-10-29,7.0,988,4.7294
tv:1593,tv,Joan of Arcadia,2003-09-26,7.349,86,24.0016
movie:10093,movie,The Return,2006-11-10,6.0,658,2.4507
movie:4193,movie,Evil Under the Sun,1982-03-05,6.887,531,4.5913
movie:23220,movie,The Brides of Dracula,1960-06-15,6.703,264,3.1588
movie:293310,movie,Citizenfour,2014-10-10,7.732,1435,2.8401
movie:19827,movie,The In-Laws,1979-06-15,6.6,139,3.2974
movie:13913,movie,Animal Crackers,1930-08-08,6.906,270,2.3082
movie:5511,movie,Le Samouraï,1967-10-25,7.784,1294,5.5697
movie:15267,movie,The Beast of War,1988-09-14,7.1,219,4.7108
movie:42218,movie,Empire of the Ants,1977-06-29,5.0,129,2.9207
movie:13561,movie,Murder Party,2007-10-12,5.614,294,1.4451
movie:606278,movie,Dosed,2019-12-14,8.3,13,1.3317
movie:118289,movie,Diana,2013-09-19,5.598,512,2.7319
movie:415401,movie,The Party,2017-07-27,6.329,618,2.8837
movie:10553,movie,Remo Williams: The Adventure Begins,1985-10-11,6.266,293,3.074
tv:67156,tv,Man with a Plan,2016-10-24,6.75,128,12.9615
movie:19186,movie,The Parent Trap,1961-05-13,7.037,437,7.1398
movie:297725,movie,The Man Who Killed Don Quixote,2018-05-19,6.726,1092,4.7868
movie:9566,movie,The Fan,1996-08-15,5.99,897,6.045
movie:1411,movie,The Rapture,1991-10-04,5.737,93,2.0939
movie:522444,movie,Black Water: Abyss,2020-07-09,5.155,486,4.23
movie:12771,movie,Serving Sara,2002-08-23,5.362,349,3.1764
movie:737568,movie,The Doorman,2020-10-01,5.78,476,5.3207
movie:54318,movie,The Water Horse,2007-12-25,6.5,1174,4.5719
movie:39130,movie,Dinner at Eight,1933-12-22,6.782,131,2.1815
movie:20688,movie,Kaminey,2009-08-14,6.757,111,1.1483
movie:276843,movie,What We Did on Our Holiday,2014-09-26,6.663,588,3.5856
movie:331313,movie,Keeping Up with the Joneses,2016-10-20,6.088,2179,7.1717
movie:13192,movie,Moonwalker,1988-10-29,7.106,688,6.8779
movie:10427,movie,Red Rock West,1993-05-14,6.791,405,2.8848
tv:84052,tv,Perfume,2018-11-14,6.928,353,4.8124
movie:21838,movie,Dead & Breakfast,2004-03-16,5.527,110,1.6271
movie:419639,movie,The Thinning,2016-10-12,6.613,385,2.1249
tv:85486,tv,Turn Up Charlie,2019-03-15,6.55,70,3.2074
movie:14557,movie,Dead Man on Campus,1998-08-21,5.524,165,2.5707
movie:20210,movie,Grind,2003-08-15,5.997,162,2.7759
movie:10112,movie,The Aristocats,1970-12-24,7.303,5433,10.2135
movie:205601,movie,Belle,2013-05-01,7.081,740,3.6046
movie:567598,movie,Greed,2019-09-07,5.588,171,2.9704
tv:100963,tv,The Big Show Show,2020-04-06,7.432,316,4.0352
tv:80058,tv,MotherFatherSon,2019-03-06,6.795,39,2.9654
movie:9399,movie,Lionheart,1990-06-07,6.62,1194,7.6236
movie:12145,movie,Fierce Creatures,1997-01-23,6.175,403,3.3562
tv:103445,tv,Ju-On: Origins,2020-07-03,6.458,215,6.2934
movie:398588,movie,Dismissed,2017-10-08,6.482,277,2.6907
movie:15163,movie,Amazing Grace,2006-09-16,6.894,329,2.9491
tv:95599,tv,Kipo and the Age of Wonderbeasts,2020-01-14,8.191,241,13.1828
movie:29756,movie,13 Ghosts,1960-05-16,5.8,168,2.1484
tv:65628,tv,Wanted,2016-02-09,7.199,78,5.4481
tv:4551,tv,America's Got Talent,2006-06-21,5.7,273,49.4461
tv:90872,tv,All Rise,2019-09-23,7.444,126,23.1384
movie:18129,movie,The Grifters,1990-08-08,6.508,490,4.652
movie:476,movie,Drugstore Cowboy,1989-10-20,7.1,632,4.5566
movie:29095,movie,Waxwork,1988-06-17,6.1,338,3.445
movie:10868,movie,The Accused,1988-10-14,7.082,696,5.6631
tv:92685,tv,The Owl House,2020-01-10,8.7,1828,25.5097
movie:246860,movie,Clouds of Sils Maria,2014-08-20,6.59,822,5.0774
tv:40971,tv,The Dead Files,2011-09-23,6.9,63,8.4678
tv:69889,tv,Imposters,2017-02-07,7.27,135,8.4914
movie:5956,movie,Joshua,2007-01-21,5.636,295,1.9132
movie:23518,movie,Seven Days in May,1964-02-01,7.361,233,2.3787
movie:51209,movie,Kill the Irishman,2011-03-10,6.786,722,5.0085
movie:31906,movie,The Beguiled,1971-01-23,7.031,512,3.4538
movie:37650,movie,Nothing Sacred,1937-11-25,6.268,114,1.9925
movie:17382,movie,They Died with Their Boots On,1941-11-20,6.681,124,2.6385
movie:19171,movie,Sudden Fear,1952-08-07,7.2,145,2.078
tv:97539,tv,Self Made: Inspired by the Life of Madam C.J. Walker,2020-03-20,7.465,346,5.1743
movie:11177,movie,Mask,1985-03-08,7.255,505,5.4424
movie:1162,movie,The Miracle Worker,1962-05-23,7.905,353,2.8795
tv:90214,tv,Beecham House,2019-06-23,7.0,20,3.4125
tv:61406,tv,Transparent,2014-09-26,6.384,176,14.7323
movie:1859,movie,Ninotchka,1939-11-16,7.525,444,3.7301
movie:543,movie,Blackmail,1929-07-28,6.538,287,2.33
movie:13580,movie,The Spy Who Came In from the Cold,1965-12-16,7.102,342,2.8502
movie:4722,movie,Body Snatchers,1993-06-09,6.176,493,5.3767
movie:18331,movie,The Nutty Professor,1963-06-04,6.5,479,4.4021
movie:10264,movie,Hamlet,1990-12-19,6.588,447,3.8413
movie:21970,movie,The Watcher in the Woods,1980-04-17,5.914,157,3.1546
movie:5698,movie,The Great Train Robbery,1903-12-07,7.0,721,2.2703
tv:43078,tv,Miss Fisher's Murder Mysteries,2012-02-24,7.664,177,13.3537
movie:22230,movie,Happy Accidents,2000-01-25,6.818,147,2.1005
movie:323677,movie,Race,2016-02-19,7.262,1643,4.2038
movie:13975,movie,In the Electric Mist,2009-04-15,6.064,475,5.116
movie:11832,movie,Babette's Feast,1987-08-11,7.2,451,4.2088
movie:17336,movie,Fighting,2009-04-24,6.014,778,5.7272
tv:155,tv,3rd Rock from the Sun,1996-01-09,7.505,577,35.9026
movie:14877,movie,September Dawn,2007-05-17,5.324,51,1.5323
movie:6589,movie,Underdog,2007-08-03,5.545,779,5.2591
movie:29154,movie,Stand and Deliver,1988-03-11,7.752,475,5.367
movie:10183,movie,Frozen River,2008-03-26,6.632,365,2.5352
movie:1025701,movie,Much Ado About Nothing,2012-06-01,0.0,0,1.0964
movie:1942,movie,Bunny Lake Is Missing,1965-10-03,7.231,221,2.6529
movie:13477,movie,When in Rome,2010-01-29,5.914,1294,5.0439
movie:15192,movie,The Grey Zone,2001-09-13,6.58,183,3.2865
movie:862929,movie,The Dark,2018-10-26,5.0,2,1.7065
movie:3050,movie,Doctor Dolittle,1998-06-26,5.723,3353,8.6719
movie:39141,movie,Tadpole,2002-07-19,5.657,108,2.5426
movie:15422,movie,Dark Ride,2006-10-20,4.757,107,1.441
movie:19383,movie,Targets,1968-08-13,7.096,246,2.6776
movie:579296,movie,Abnormal Attraction,2018-03-01,4.2,20,1.1171
tv:4616,tv,Xena: Warrior Princess,1995-09-04,7.557,1434,39.6314
movie:370567,movie,Sherlock Gnomes,2018-03-15,5.737,783,4.5035
movie:28200,movie,Sylvia,2003-10-17,5.7,123,2.4546
movie:15413,movie,Don't Tell Mom the Babysitter's Dead,1991-06-07,6.172,501,4.4202
movie:12140,movie,Ghost in the Shell 2: Innocence,2004-03-06,7.35,1018,6.4943
movie:18203,movie,Big Night,1996-09-20,6.986,279,3.3201
movie:14228,movie,Mortuary,2005-08-08,4.477,132,2.505
movie:551947,movie,Betrayed,2018-10-02,4.7,21,2.0782
movie:11421,movie,C.R.A.Z.Y.,2005-05-27,7.478,525,2.7649
movie:55888,movie,Ed Gein,2000-11-17,5.393,126,1.7153
movie:47943,movie,With a Friend Like Harry...,2000-08-15,6.808,292,1.57
movie:507,movie,Killing Zoe,1993-10-01,6.206,378,2.8095
tv:1408,tv,House,2004-11-16,8.566,7830,153.4098
movie:514754,movie,Bao,2018-06-15,7.551,1336,2.5162
tv:95259,tv,Dare Me,2019-12-29,7.688,359,4.4881
movie:43824,movie,Waterloo Bridge,1940-05-17,7.5,182,3.4494
movie:250124,movie,The Diary of a Teenage Girl,2015-08-07,6.571,803,3.6604
movie:92591,movie,Bernie,2011-06-16,6.6,1063,2.9314
movie:109729,movie,The Canyons,2013-08-02,4.413,286,3.7738
movie:373314,movie,Misconduct,2016-02-05,5.583,611,6.0795
movie:332721,movie,Dad's Army,2016-02-05,4.996,224,4.3808
movie:427910,movie,Navy Seals,1990-07-20,5.397,282,4.1693
tv:102316,tv,Love Life,2020-05-27,6.943,114,8.1602
movie:232496,movie,Bichhoo,2000-07-07,4.643,21,1.3777
movie:308032,movie,The Stanford Prison Experiment,2015-07-17,6.804,1010,4.9908
movie:249688,movie,The End of the Tour,2015-07-31,7.005,624,3.7246
movie:10361,movie,Ginger Snaps 2: Unleashed,2004-01-30,6.449,376,3.127
tv:82700,tv,Baby,2018-11-30,7.9,913,8.2961
movie:546069,movie,A Son of Man,2018-09-07,7.9,12,0.8435
movie:15600,movie,Missing,1982-02-12,7.245,438,3.1591
movie:218778,movie,"Alexander and the Terrible, Horrible, No Good, Very Bad Day",2014-10-08,6.204,1442,4.6417
tv:98198,tv,Central Park,2020-05-29,6.333,84,16.0785
movie:1059,movie,The Hidden Fortress,1958-12-28,7.994,729,4.0873
movie:44982,movie,13,2010-03-12,5.831,930,5.4546
movie:354861,movie,Father Figures,2017-12-21,5.8,697,4.2002
movie:456570,movie,Hindi Medium,2017-05-19,7.403,217,2.5897
movie:80035,movie,The Watch,2012-07-26,5.6,2524,7.3196
movie:54320,movie,Love,2011-02-02,5.523,243,1.5104
movie:22642,movie,A Bucket of Blood,1959-10-21,6.604,169,2.0237
movie:10854,movie,Wicked Little Things,2006-11-17,5.805,297,3.6715
movie:63493,movie,The Ledge,2011-05-06,6.185,400,5.0783
tv:3218,tv,Caillou,1997-09-15,5.4,77,26.5061
movie:21259,movie,Testament,1983-11-04,6.4,144,3.3506
movie:363126,movie,Berlin Syndrome,2017-04-20,6.036,711,3.5218
movie:11503,movie,The Serpent and the Rainbow,1988-02-05,6.398,567,4.9438
movie:159128,movie,We Are What We Are,2013-09-27,5.751,601,2.573
movie:59189,movie,Phase IV,1974-09-13,6.323,305,3.0022
tv:79618,tv,City on a Hill,2019-06-16,7.258,192,11.0604
movie:2453,movie,Harley Davidson and the Marlboro Man,1991-08-23,6.31,501,4.5977
movie:26405,movie,Wake in Fright,1971-07-21,7.258,349,2.5646
tv:101531,tv,Brews Brothers,2020-04-10,5.58,25,3.546
tv:61555,tv,The Missing,2014-10-28,7.229,308,7.9941
movie:89708,movie,Samsara,2011-09-16,8.049,702,4.5879
movie:22596,movie,Safety Last!,1923-03-12,7.728,602,3.6399
tv:3570,tv,Sailor Moon,1992-03-07,8.348,1037,42.2116
movie:1770,movie,Michael Collins,1996-10-25,6.869,533,3.3301
movie:34996,movie,The Addiction,1995-10-06,6.491,319,2.8294
movie:16153,movie,Alice Doesn't Live Here Anymore,1974-12-09,6.966,552,3.82
tv:61920,tv,Catastrophe,2015-01-19,7.534,175,6.3563
movie:27970,movie,Werewolf of London,1935-05-13,6.1,154,2.5987
tv:67419,tv,Victoria,2016-08-28,7.366,288,15.4671
movie:1450,movie,Blood: The Last Vampire,2009-04-02,5.914,435,4.5508
movie:15395,movie,Love Liza,2002-12-30,6.4,122,1.9665
movie:11694,movie,Cat Ballou,1965-06-24,6.386,286,3.1724
movie:14729,movie,The Long Riders,1980-05-16,6.644,293,4.2371
movie:22201,movie,Gunfight at the O.K. Corral,1957-05-30,7.0,394,4.5452
movie:9625,movie,The Glimmer Man,1996-10-04,5.427,444,4.5957
movie:40231,movie,The Incredible Melting Man,1977-11-10,4.589,95,2.0364
movie:11904,movie,Young Sherlock Holmes,1985-12-04,6.762,731,4.8853
movie:15058,movie,Speak,2004-01-20,7.1,545,4.3839
movie:29103,movie,The Sadist,1963-04-01,6.405,58,1.2141
movie:10064,movie,Edison,2005-07-29,5.347,373,3.7696
movie:14180,movie,Submerged,2005-05-06,4.689,139,4.1782
movie:42794,movie,The Horror of Party Beach,1964-06-01,4.372,47,0.8509
movie:14694,movie,The Snow Walker,2003-09-11,7.004,132,2.85
movie:413998,movie,My Cousin Rachel,2017-06-08,5.724,626,2.9032
movie:37636,movie,High Art,1998-06-12,6.188,154,4.1406
movie:7515,movie,London,2005-09-03,6.008,356,3.1115
movie:18212,movie,Better Than Chocolate,1999-07-08,6.0,109,1.8216
movie:20794,movie,Novocaine,2001-11-23,6.039,168,1.9474
